tenure_years,department,role_level,overtime_hours_monthly,absence_rate,leave_utilization_rate,months_since_promotion,salary_percentile_in_dept,job_satisfaction,attrited
8.41,Sales,2,1.9,0.0077,0.4384,6.5,42.6,4,0
8.18,Engineering,3,6.0,0.0107,0.7919,22.1,61.6,3,0
8.35,Marketing,2,19.2,0.0704,0.8069,2.7,99.9,4,0
0.98,Finance,2,1.6,0.1153,0.6748,6.7,43.6,4,0
0.3,HR,1,9.1,0.0433,0.2675,9.9,57.3,5,1
5.08,Operations,2,14.7,0.0513,0.9694,28.6,84.3,3,1
4.93,Sales,2,9.7,0.0209,0.8083,25.6,71.0,5,0
10.94,Finance,1,7.2,0.0654,0.5209,14.3,91.1,3,0
0.28,Marketing,1,4.6,0.0217,0.4559,8.4,63.9,4,0
3.66,Finance,2,7.9,0.0217,0.7799,1.8,93.8,3,0
0.25,Sales,1,1.4,0.0187,0.6795,17.9,64.1,5,0
3.81,Marketing,3,21.6,0.0387,0.6698,11.0,12.8,3,1
6.06,Marketing,1,9.5,0.0558,0.5888,2.1,34.4,2,0
1.35,Engineering,2,11.5,0.0391,0.4786,4.6,46.4,5,0
4.31,Engineering,1,4.7,0.1052,0.661,26.2,80.1,3,0
0.54,Marketing,2,9.5,0.0106,0.6622,3.0,29.7,5,0
0.32,Engineering,2,10.7,0.0574,0.8158,20.1,49.3,5,0
1.1,Operations,2,6.9,0.0727,0.5048,27.5,22.4,4,0
3.15,Engineering,2,7.2,0.1032,0.6252,17.4,37.4,3,1
1.45,Operations,2,2.7,0.0103,0.8326,6.5,28.0,1,0
4.37,Marketing,1,26.3,0.0318,0.9688,5.4,94.0,3,0
0.78,HR,2,4.7,0.0336,0.6008,5.6,90.4,5,0
6.43,Sales,2,5.2,0.0368,0.7799,2.6,73.0,3,0
4.29,HR,3,22.5,0.0264,0.4375,11.5,12.3,2,1
2.3,Marketing,2,11.9,0.035,0.5443,9.6,94.2,1,0
1.46,Marketing,3,13.6,0.0389,0.6752,9.3,15.7,4,0
1.59,Sales,2,2.5,0.0242,0.4126,16.3,5.5,4,0
0.27,Finance,1,9.4,0.0414,0.442,2.2,4.4,4,0
0.63,Operations,1,2.5,0.0686,0.7374,5.4,28.0,5,0
2.4,Sales,1,4.1,0.0048,0.3141,18.7,16.1,2,1
1.36,Marketing,2,28.8,0.0672,0.5196,45.7,17.1,3,1
4.42,Sales,3,3.5,0.1167,0.7233,21.6,28.4,4,0
2.48,Operations,3,13.1,0.0434,0.6375,47.3,88.2,2,1
0.83,Sales,2,3.8,0.0284,0.8002,35.7,90.5,3,1
1.61,Sales,1,4.2,0.0696,0.3121,60.0,90.6,4,1
2.25,HR,4,40.4,0.0317,0.5435,33.3,78.2,1,1
1.2,HR,1,7.7,0.0432,0.6821,12.5,66.0,5,0
1.13,Sales,2,2.3,0.0454,0.366,33.6,58.9,4,0
3.08,Finance,4,13.5,0.0332,0.6854,16.6,99.4,3,0
1.04,Engineering,2,18.9,0.0265,0.2939,41.7,31.2,3,1
4.67,Operations,1,14.4,0.0331,0.331,7.5,73.4,2,1
4.87,Engineering,1,7.2,0.0483,0.5042,11.1,6.5,1,1
3.79,HR,2,7.4,0.0326,0.9436,0.6,8.8,4,0
0.26,Operations,1,5.5,0.0015,0.5061,21.6,58.5,4,0
3.97,Engineering,3,3.1,0.0266,0.4115,3.1,85.7,2,0
4.74,Engineering,2,10.5,0.0358,0.757,47.0,90.2,3,0
3.93,Marketing,1,7.0,0.1029,0.3745,11.5,2.8,3,1
0.98,Engineering,1,2.6,0.0756,0.3496,0.4,28.4,1,1
1.12,Operations,3,7.9,0.031,0.606,31.9,85.5,3,0
0.58,HR,2,4.7,0.026,0.3443,19.9,55.1,3,0
1.24,Operations,3,10.1,0.0284,0.3199,14.7,16.6,5,0
0.07,Sales,2,9.4,0.0613,0.5924,27.7,45.7,2,0
0.59,Engineering,1,6.2,0.1477,0.5365,9.1,78.9,2,1
4.6,Operations,2,8.2,0.0266,0.9221,2.2,77.7,3,0
13.99,Marketing,2,8.7,0.0403,0.796,1.4,85.9,2,0
1.97,Operations,2,15.7,0.0844,0.5915,7.4,2.1,2,1
0.99,Sales,3,8.0,0.0416,0.4122,60.0,30.9,5,1
1.39,HR,4,5.6,0.0382,0.4214,39.3,30.3,5,0
1.26,Finance,3,6.7,0.0062,0.55,8.5,25.9,2,1
0.45,HR,2,25.0,0.0424,0.8977,9.2,43.7,3,0
3.79,Sales,2,3.9,0.0551,0.2679,5.2,41.4,5,0
4.82,HR,2,7.1,0.0258,0.2811,15.3,40.0,3,0
5.28,Finance,1,7.0,0.1146,0.7151,2.7,43.6,3,1
18.58,Engineering,3,7.2,0.0573,0.1602,6.4,31.2,2,0
7.37,HR,4,3.0,0.0269,0.4436,5.7,98.1,4,0
5.76,Sales,1,6.7,0.0358,0.4446,4.7,57.1,2,1
3.65,Engineering,4,5.3,0.0455,0.2419,2.7,46.4,4,0
2.07,Engineering,3,10.1,0.0065,0.357,5.7,24.0,5,0
0.16,HR,2,17.2,0.0441,0.9009,33.3,25.6,3,1
3.35,Engineering,4,10.7,0.0709,0.6262,21.0,75.9,5,0
2.17,HR,1,8.9,0.0114,0.2824,3.1,41.5,4,0
5.28,Finance,1,11.4,0.0795,0.8243,4.7,32.6,3,0
7.1,Operations,1,9.6,0.0759,0.8006,28.0,18.6,5,0
1.16,Engineering,2,8.1,0.0417,0.4029,7.2,99.4,5,0
0.17,HR,2,15.3,0.0291,0.2322,15.1,36.2,3,1
3.24,Engineering,4,6.6,0.0723,0.486,11.0,19.3,5,0
8.94,HR,1,3.0,0.0193,0.67,23.3,73.8,5,0
2.87,HR,1,5.2,0.0396,0.4112,6.0,90.3,3,0
7.46,Marketing,2,4.7,0.0626,0.6115,1.8,75.7,3,0
2.64,HR,1,29.5,0.0119,0.4931,3.7,37.2,1,1
4.6,Operations,3,17.9,0.0446,0.6617,36.0,73.3,1,1
1.01,Engineering,2,9.0,0.071,0.5521,2.8,31.9,2,1
0.47,Engineering,5,4.8,0.0311,0.7204,15.9,48.8,3,0
0.5,Engineering,3,15.2,0.0734,0.5763,9.5,10.2,5,1
0.41,HR,1,8.8,0.0391,0.5007,0.5,28.6,3,1
0.19,Sales,1,6.6,0.0152,0.6525,57.4,50.8,4,1
6.01,Engineering,1,8.8,0.0955,0.875,14.4,7.3,5,1
1.57,Sales,5,6.7,0.0402,0.9195,16.3,73.4,4,0
1.35,Operations,3,11.3,0.0186,0.4856,32.2,41.3,5,0
3.27,Marketing,2,2.7,0.111,0.5899,5.2,53.0,3,0
0.66,Engineering,1,11.3,0.1174,0.9584,13.1,46.0,3,1
6.71,Operations,4,6.7,0.0644,0.6385,60.0,71.1,4,1
4.52,Sales,1,15.4,0.032,0.7058,13.8,63.6,4,1
1.15,HR,3,18.2,0.0298,0.3196,26.6,70.5,4,1
0.7,Sales,3,20.8,0.0643,0.3709,18.7,23.2,3,1
1.86,HR,1,30.9,0.0578,0.7737,4.1,62.8,3,1
1.07,Marketing,2,20.3,0.0547,0.8358,60.0,52.1,3,1
0.27,Marketing,1,15.1,0.0286,0.4875,8.8,7.4,5,0
1.76,Finance,2,3.1,0.0404,0.7311,25.9,5.6,5,0
7.88,Finance,5,0.7,0.0659,0.8159,16.5,58.1,2,0
3.53,Marketing,3,16.5,0.0108,0.3325,21.6,58.4,4,0
10.79,Sales,3,4.1,0.0407,0.8843,6.1,77.3,3,0
7.16,HR,2,45.0,0.0217,0.3451,19.6,76.5,4,1
3.91,Engineering,1,2.1,0.0683,0.841,5.8,45.6,3,0
6.48,Marketing,3,14.6,0.0801,0.7818,6.9,42.9,3,0
2.54,HR,2,9.5,0.0198,0.748,6.0,38.9,3,0
3.74,Finance,1,2.3,0.0476,0.4219,2.0,94.3,5,0
1.33,Finance,2,9.5,0.0152,0.4924,37.3,68.9,3,1
0.77,Sales,2,4.5,0.0275,0.6224,49.0,34.9,5,1
7.51,Engineering,3,7.8,0.0506,0.7385,0.0,70.3,2,1
0.49,Operations,1,7.8,0.0279,0.5615,3.4,54.0,2,1
0.66,Sales,4,4.6,0.0289,0.2736,28.3,57.6,2,1
1.09,Engineering,2,6.2,0.0273,0.5102,0.1,91.5,3,0
3.39,Sales,1,4.2,0.0132,0.5796,60.0,60.6,4,0
1.45,Operations,1,1.5,0.1207,0.4072,42.1,90.6,3,0
2.4,Sales,3,8.9,0.0375,0.8182,11.0,53.0,3,0
7.56,Operations,2,20.3,0.0823,0.8306,1.1,76.6,5,0
5.4,HR,2,4.5,0.0142,0.5994,3.0,52.8,5,0
4.1,Operations,1,27.1,0.0462,0.5627,60.0,56.6,3,1
0.6,Finance,3,30.9,0.0075,0.3449,14.6,43.0,4,1
4.16,Engineering,3,5.8,0.0748,0.2195,17.2,65.7,2,1
1.59,Finance,1,7.0,0.0587,0.411,34.2,6.8,3,0
0.43,HR,4,5.9,0.0108,0.8088,36.4,68.3,5,0
1.4,Sales,1,3.1,0.0364,0.6365,22.0,52.2,5,0
0.25,Finance,1,7.0,0.0466,0.2851,8.5,72.5,5,0
3.2,Engineering,2,6.4,0.0179,0.7355,12.7,1.1,4,0
3.4,Marketing,3,8.8,0.0395,0.8351,11.0,29.1,5,0
1.03,Marketing,1,9.2,0.129,0.2597,23.8,56.7,2,1
0.16,Engineering,2,2.9,0.035,0.7348,1.0,46.4,3,0
9.55,HR,1,12.7,0.0475,0.4171,27.8,10.9,4,1
2.83,Finance,2,6.9,0.0501,0.246,55.7,5.4,4,1
5.21,Engineering,3,3.5,0.0446,0.7903,7.2,40.4,3,0
1.23,HR,5,6.8,0.0109,0.8559,27.0,41.6,4,0
5.87,Sales,2,9.4,0.0212,0.7233,0.7,38.0,3,0
5.74,Engineering,2,22.8,0.0493,0.8565,52.0,93.9,4,1
0.33,Marketing,2,20.4,0.0339,0.6672,7.4,20.6,3,1
19.01,HR,1,5.4,0.1217,0.8634,10.2,71.6,4,0
2.36,Marketing,1,7.3,0.0715,0.399,17.3,18.2,5,0
4.89,Finance,5,4.1,0.0173,0.3059,6.8,4.5,5,0
0.85,Operations,1,10.6,0.1327,0.755,9.7,62.1,5,1
3.44,Operations,3,5.7,0.0586,0.1756,11.0,84.3,3,0
1.0,Finance,1,7.1,0.0054,0.498,5.0,33.0,3,0
5.65,HR,3,16.9,0.0393,0.8983,0.2,54.3,4,1
1.62,HR,1,2.9,0.099,0.9106,5.5,63.0,4,0
2.73,Marketing,5,20.5,0.016,0.5456,8.2,66.9,4,1
1.85,HR,3,11.3,0.0312,0.8223,27.3,60.4,3,0
2.64,Finance,1,19.8,0.0949,0.4448,0.6,89.7,3,1
1.65,Sales,3,14.0,0.0701,0.4636,12.0,18.3,4,1
2.15,Operations,2,15.8,0.0273,0.3465,2.2,74.1,1,1
0.1,Finance,1,8.5,0.0212,0.7059,11.8,94.7,2,0
5.56,Sales,1,3.4,0.118,0.708,7.2,35.0,5,1
8.78,Finance,3,5.1,0.0077,0.8744,0.2,77.8,5,0
2.03,HR,3,4.3,0.0934,0.533,22.7,61.4,2,0
11.91,Engineering,1,1.1,0.0338,0.6194,20.3,27.6,5,0
0.59,Operations,4,16.8,0.0723,0.2946,6.2,40.5,5,0
9.75,Operations,1,7.8,0.0562,0.6935,12.0,87.7,2,1
1.28,Operations,1,4.0,0.0537,0.806,32.7,48.1,2,0
2.34,HR,2,30.1,0.037,0.6753,18.2,29.3,3,1
8.53,Sales,1,38.7,0.1026,0.3971,29.8,99.6,4,1
0.44,Engineering,1,2.6,0.0851,0.3917,18.4,30.2,3,1
0.67,Marketing,2,7.0,0.0165,0.3175,42.8,4.2,5,1
4.7,Sales,1,6.6,0.1104,0.3507,1.2,19.9,2,1
3.44,Operations,1,3.8,0.0381,0.8449,10.4,96.6,2,0
1.01,Operations,3,16.6,0.0378,0.6677,28.6,31.1,4,1
1.55,Engineering,2,1.1,0.0563,0.4152,15.0,86.1,4,0
2.62,Operations,3,25.1,0.0461,0.8131,24.2,87.2,3,1
6.65,Engineering,2,8.8,0.0389,0.5112,13.9,2.2,5,1
1.25,HR,2,28.4,0.0073,0.8687,50.7,73.4,2,1
2.68,HR,1,8.2,0.0683,0.9199,12.8,54.3,3,1
1.24,Operations,3,6.6,0.0297,0.4619,3.9,62.5,5,0
1.07,Finance,1,17.5,0.0565,0.8271,58.8,43.7,5,1
7.47,Operations,1,28.3,0.0446,0.6773,5.4,12.5,3,1
1.95,Finance,3,25.3,0.0099,0.2171,21.4,13.9,3,1
4.69,Marketing,3,1.8,0.0603,0.456,1.4,2.6,1,1
1.06,Operations,2,21.1,0.056,0.5173,1.5,26.1,2,1
0.65,Operations,1,6.4,0.0299,0.5877,45.9,65.5,1,0
4.0,HR,1,7.6,0.0526,0.3875,10.8,28.1,4,1
4.96,HR,2,6.3,0.1526,0.5549,53.2,38.0,5,1
3.33,Operations,3,5.1,0.0147,0.9931,10.8,58.9,2,0
4.16,Marketing,2,7.1,0.0537,0.7139,18.8,63.5,5,0
3.57,Operations,1,3.7,0.021,0.3525,22.3,86.1,3,0
3.82,Finance,1,21.1,0.005,0.4954,16.8,36.0,1,1
7.89,Operations,2,13.9,0.0234,0.4595,4.1,72.9,2,1
9.88,Marketing,3,10.0,0.0204,0.6222,4.7,34.5,3,0
2.32,Marketing,1,6.3,0.0853,0.5483,13.5,71.1,2,1
0.32,Sales,1,5.4,0.0293,0.8317,4.0,93.2,4,0
4.91,Finance,1,11.6,0.0496,0.9092,56.2,33.6,2,0
2.96,Marketing,1,10.3,0.0333,0.6027,20.8,49.5,4,0
8.54,Marketing,2,18.3,0.0248,0.3395,0.8,24.9,2,1
3.66,Operations,1,5.5,0.0812,0.8869,2.9,52.3,4,0
0.49,Sales,2,5.1,0.0147,0.7351,39.7,51.8,4,0
3.67,Sales,3,13.5,0.0666,0.9553,13.1,81.2,5,0
2.0,Operations,5,15.6,0.0575,0.4234,14.6,78.1,4,0
0.4,Operations,4,36.8,0.0706,0.6148,21.9,41.4,4,1
0.96,Sales,1,1.7,0.0796,0.2628,52.2,17.2,5,1
12.17,HR,1,21.9,0.0118,0.693,5.4,25.3,5,1
1.41,Operations,1,9.4,0.0677,0.6707,12.7,50.2,5,0
0.9,Sales,3,5.7,0.072,0.3232,12.4,97.0,2,0
1.55,Marketing,1,11.8,0.051,0.7493,2.3,67.9,4,0
7.24,Engineering,2,11.5,0.0074,0.3072,14.2,26.8,4,0
3.81,Sales,1,5.9,0.0127,0.5741,15.5,99.2,5,0
0.69,Marketing,1,1.8,0.0251,0.8591,8.2,83.6,4,0
0.03,Finance,3,22.0,0.1291,0.8772,0.4,44.3,2,1
1.53,Finance,3,4.7,0.1096,0.6497,20.4,68.4,3,1
0.53,Operations,2,4.1,0.0587,0.6004,3.5,11.5,3,1
7.24,Sales,4,5.1,0.0424,0.4661,24.0,98.3,4,0
0.37,Finance,1,15.0,0.0713,0.5219,35.6,16.1,3,1
2.39,Finance,1,6.5,0.0764,0.8311,1.6,85.3,5,0
3.56,Marketing,2,5.2,0.0583,0.9511,13.1,47.7,5,0
10.05,Sales,3,11.2,0.106,0.4844,60.0,74.8,4,0
1.02,Finance,2,10.1,0.0612,0.6398,60.0,32.9,3,1
6.08,HR,1,5.3,0.0706,0.6566,7.8,50.9,4,0
2.67,Finance,5,1.8,0.036,0.7752,60.0,59.6,5,0
6.06,Operations,1,14.8,0.1555,0.7317,33.8,41.3,4,1
1.25,HR,2,10.2,0.0594,0.8875,50.8,46.6,4,1
1.16,Marketing,2,1.2,0.0033,0.9013,33.8,97.6,2,0
0.88,Operations,4,24.1,0.1203,0.5307,17.1,45.3,3,1
3.65,Marketing,3,1.2,0.0755,0.7866,13.4,16.1,4,0
2.27,Operations,5,4.4,0.0042,0.5136,6.5,48.6,5,0
3.03,Finance,1,4.6,0.0705,0.5606,4.7,90.5,4,0
4.49,Sales,2,5.3,0.0823,0.8859,41.4,25.3,3,1
4.04,Operations,3,5.2,0.0264,0.3806,0.5,30.5,4,0
3.66,Finance,2,2.8,0.0381,0.2996,28.4,26.9,3,0
4.9,Sales,2,9.5,0.1611,0.3544,1.1,37.2,3,1
0.12,Sales,5,16.5,0.0464,0.8256,15.0,47.2,3,1
5.27,Sales,1,9.4,0.0859,0.8518,15.7,33.5,4,0
4.55,Operations,2,10.6,0.0069,0.2016,23.6,18.6,5,0
1.54,Engineering,4,6.6,0.0051,0.4319,22.8,34.0,3,1
0.84,Marketing,4,9.2,0.0394,0.6831,25.4,41.5,2,0
2.49,Finance,5,11.2,0.0213,0.3501,16.8,49.0,4,0
7.09,Engineering,4,13.9,0.0641,0.3911,25.5,65.5,5,0
1.14,Finance,1,4.8,0.0193,0.6953,60.0,73.9,2,0
5.02,Marketing,4,4.3,0.0498,0.6789,18.3,82.6,3,0
10.39,Marketing,2,0.8,0.0507,0.5401,23.2,25.1,1,0
1.4,Finance,3,28.8,0.0679,0.4933,29.9,61.5,4,1
15.06,HR,2,27.6,0.0864,0.7013,8.2,18.4,3,1
0.21,Engineering,3,8.0,0.0158,0.7133,27.2,62.0,3,0
0.13,Engineering,2,8.4,0.0398,0.7254,2.2,91.9,3,0
6.5,HR,3,23.0,0.0135,0.8887,32.8,87.1,3,0
2.26,Finance,1,2.9,0.0406,0.6797,60.0,60.8,4,0
2.12,Engineering,1,4.0,0.0366,0.5833,7.8,27.7,1,0
6.86,Operations,2,23.9,0.0594,0.618,8.5,13.9,4,1
8.66,Finance,1,6.5,0.2102,0.3264,3.7,44.6,3,1
2.88,Sales,3,3.5,0.0086,0.7629,25.7,39.9,4,1
7.37,Operations,1,11.7,0.1055,0.9819,8.0,67.5,2,0
3.54,Sales,2,4.9,0.0386,0.5999,55.6,10.6,4,1
1.76,Operations,1,21.2,0.0628,0.3927,16.3,4.6,4,1
0.85,Sales,1,9.1,0.0267,0.784,36.9,72.6,1,1
4.82,HR,2,5.0,0.0069,0.5884,11.1,60.2,5,0
7.49,HR,1,5.3,0.0233,0.3982,8.7,35.4,1,1
9.34,Operations,1,11.3,0.0201,0.9435,2.9,74.4,2,0
1.06,Sales,1,7.2,0.1395,0.9615,6.3,44.3,2,0
3.59,Operations,1,6.4,0.0609,0.2787,5.6,79.2,2,0
1.8,HR,2,14.3,0.0386,0.7916,26.1,83.8,5,0
5.99,Sales,1,23.2,0.0507,0.8119,15.5,74.7,3,1
0.77,Finance,2,12.9,0.1315,0.8071,0.8,93.3,2,0
0.21,Marketing,3,4.5,0.0731,0.3792,32.0,7.2,4,0
1.26,HR,2,3.3,0.0735,0.7571,18.1,12.7,4,1
0.25,Engineering,2,13.7,0.0911,0.7942,23.5,79.1,5,1
1.65,HR,1,12.9,0.1011,0.4182,0.4,72.9,4,0
1.71,Finance,4,6.1,0.0386,0.3025,47.5,42.6,2,1
0.4,Engineering,2,7.3,0.0107,0.6334,0.4,53.3,2,0
10.81,Engineering,1,4.8,0.0274,0.7776,60.0,20.4,5,1
1.06,Operations,4,3.4,0.0116,0.4238,1.7,34.1,4,0
4.19,Engineering,3,5.1,0.0262,0.2927,34.9,7.8,2,1
0.7,HR,2,0.5,0.076,0.4258,30.1,3.4,4,0
1.78,Marketing,4,18.6,0.0236,0.8636,1.0,65.9,1,1
0.32,Sales,1,2.5,0.0241,0.4136,18.8,59.3,3,1
0.41,HR,3,8.1,0.0553,0.3962,12.0,70.1,1,0
0.04,Engineering,3,0.9,0.0445,0.4585,2.9,38.5,5,0
5.65,Marketing,2,12.6,0.0266,0.5938,8.5,80.5,3,0
1.24,Finance,1,15.4,0.1094,0.8795,13.2,37.7,2,1
2.42,Operations,1,8.7,0.0915,0.8656,1.9,30.8,5,1
3.04,Operations,4,7.8,0.052,0.4209,25.8,59.8,3,1
0.63,HR,1,4.8,0.042,0.32,22.6,54.6,4,0
10.27,Engineering,1,18.3,0.0497,0.0813,6.5,72.2,5,0
1.91,HR,3,2.0,0.0584,0.5157,25.3,45.8,3,0
0.26,Engineering,3,5.8,0.0418,0.6861,10.5,94.8,4,0
0.38,Finance,1,4.3,0.0123,0.733,19.7,49.0,2,0
1.74,Engineering,3,4.2,0.0377,0.4611,8.3,1.6,5,0
0.44,Operations,2,18.0,0.0675,0.4043,0.2,57.8,3,0
1.14,Finance,3,7.4,0.0218,0.8071,5.7,76.2,3,0
2.6,Sales,1,4.7,0.0045,0.627,10.9,50.0,4,0
0.15,Operations,1,10.5,0.0272,0.7188,21.9,30.7,5,0
1.26,Marketing,2,9.8,0.006,0.6614,32.2,55.0,3,1
5.49,HR,1,15.2,0.0546,0.7296,21.3,67.5,1,1
0.26,Engineering,2,11.3,0.0477,0.3061,35.8,62.6,4,0
3.4,HR,1,7.7,0.0448,0.7805,17.9,40.7,1,1
0.18,Finance,3,8.1,0.0358,0.4298,18.5,38.2,3,0
9.37,Marketing,4,10.9,0.0034,0.9208,5.6,81.1,3,0
0.89,Sales,3,3.7,0.0439,0.5733,11.2,26.2,3,0
0.86,Marketing,5,9.7,0.0122,0.5663,14.5,38.5,3,0
3.82,Sales,4,22.8,0.0381,0.68,28.6,66.2,4,1
7.91,Sales,2,8.7,0.0461,0.8023,3.3,41.5,2,1
11.16,HR,2,6.2,0.0377,0.7098,5.9,39.7,4,0
4.84,Engineering,4,6.2,0.0393,0.5176,0.2,12.5,3,0
6.05,HR,4,10.6,0.0541,0.7022,20.7,51.4,4,0
3.84,HR,5,9.3,0.0596,0.2969,11.6,98.9,3,0
0.67,Sales,3,13.0,0.0579,0.6106,4.8,85.6,2,1
4.08,Marketing,1,5.0,0.0487,0.7173,15.3,78.4,4,0
0.58,Sales,4,7.1,0.0119,0.5861,60.0,48.5,2,1
3.46,Marketing,4,14.6,0.0267,0.7225,11.4,82.3,3,0
2.69,Marketing,3,15.4,0.0682,0.5056,4.7,91.3,3,0
1.25,Finance,4,15.5,0.0197,0.3544,35.0,21.8,5,0
2.49,Sales,2,13.5,0.0343,0.4856,20.3,49.7,4,0
3.16,Marketing,4,13.8,0.1005,0.4181,33.4,85.7,4,1
0.81,Sales,1,9.7,0.0508,0.6107,22.1,82.2,2,0
1.46,Sales,4,2.4,0.1232,0.4863,2.9,88.3,3,0
1.48,Operations,1,2.6,0.1065,0.4643,11.8,95.8,1,0
0.39,HR,1,8.6,0.0595,0.3457,5.1,28.7,4,0
1.01,Marketing,1,8.9,0.0221,0.2442,27.3,58.5,2,1
3.59,Engineering,2,4.1,0.0884,0.4813,11.3,15.9,1,1
4.18,Finance,1,4.3,0.0139,0.1523,1.9,52.5,3,0
2.01,Operations,5,7.6,0.1067,0.4352,55.4,7.3,4,1
2.1,Marketing,2,31.7,0.0814,0.3968,21.5,42.0,3,1
1.39,Finance,4,3.5,0.076,0.4589,3.8,52.1,1,1
4.08,Operations,1,6.0,0.0298,0.508,24.5,69.6,4,0
1.42,Sales,1,15.1,0.025,0.8786,7.7,21.5,3,0
3.35,HR,3,13.3,0.0544,0.6457,52.9,87.8,5,0
2.24,Engineering,3,10.2,0.0209,0.7902,14.2,2.8,2,0
2.1,Marketing,2,1.4,0.0517,0.7159,9.4,61.5,4,0
10.06,Marketing,3,6.8,0.0551,0.662,6.7,91.3,4,0
7.51,Marketing,3,26.2,0.1629,0.9698,3.9,86.6,5,1
3.34,Marketing,2,4.2,0.0662,0.5964,0.4,52.4,5,0
4.18,Engineering,5,4.0,0.045,0.7466,9.9,14.3,3,0
0.52,Finance,3,22.2,0.0266,0.1044,4.2,9.8,4,1
1.62,Marketing,3,7.6,0.1005,0.689,8.2,71.2,3,0
4.56,Sales,2,1.5,0.0443,0.4019,16.4,12.5,5,0
3.58,HR,1,3.1,0.086,0.2698,0.1,6.0,4,0
0.83,Operations,1,5.1,0.067,0.7543,11.7,44.8,1,1
10.87,HR,3,9.9,0.0346,0.4109,10.0,18.5,2,1
0.13,Marketing,3,7.0,0.0218,0.3726,12.1,80.7,5,0
3.9,Finance,1,3.9,0.1111,0.854,0.8,54.2,4,1
0.34,Finance,2,7.1,0.0295,0.7247,29.0,85.5,4,0
8.6,Finance,1,4.2,0.0506,0.6463,32.8,38.9,5,0
0.3,Finance,1,27.2,0.0136,0.9622,11.3,92.2,1,0
5.43,Marketing,4,2.9,0.0619,0.7743,3.3,97.7,2,0
0.63,Operations,2,5.6,0.0321,0.5411,46.3,55.2,5,1
15.89,Sales,1,5.0,0.0391,0.571,11.0,18.7,4,1
2.02,Operations,2,5.1,0.0482,0.387,12.0,5.3,4,1
4.11,Finance,2,3.2,0.0863,0.7004,25.8,91.8,3,1
3.43,Finance,3,21.0,0.0272,0.5581,19.7,50.9,2,1
2.34,Sales,5,33.3,0.025,0.8113,31.8,20.2,1,1
5.05,HR,2,10.8,0.0414,0.5022,11.0,37.5,2,0
2.59,Finance,2,10.1,0.02,0.4336,20.0,93.1,2,1
9.59,HR,2,1.9,0.0783,0.6794,2.9,96.1,5,0
0.21,Sales,2,20.7,0.0088,0.1706,9.9,20.6,5,0
18.76,Marketing,1,4.2,0.0455,0.2674,57.0,50.5,4,1
2.9,HR,1,1.7,0.0689,0.7551,11.6,80.6,1,0
1.03,Finance,4,12.2,0.0501,0.7633,13.8,72.2,4,0
2.05,Engineering,2,17.1,0.0481,0.5749,30.0,65.6,2,0
4.35,Engineering,2,20.5,0.0226,0.4325,4.0,82.9,1,1
3.49,Operations,1,5.7,0.0309,0.4991,9.6,81.5,1,0
7.31,Engineering,3,5.2,0.0153,0.3005,28.3,60.5,4,0
7.97,Marketing,1,9.5,0.0452,0.909,34.1,49.1,3,0
3.31,Operations,2,7.0,0.0196,0.7919,30.6,81.9,4,1
5.51,HR,3,12.4,0.0482,0.329,2.8,76.4,4,1
2.35,Operations,2,9.6,0.031,0.2403,3.7,19.6,3,1
0.4,HR,4,3.9,0.0204,0.7,15.0,50.5,2,1
1.9,Operations,1,21.0,0.0533,0.7637,0.1,59.2,5,1
1.03,Sales,3,12.4,0.0101,0.9609,20.5,96.6,4,0
6.9,HR,5,16.8,0.0563,0.8249,19.4,47.8,2,1
0.8,HR,2,3.9,0.091,0.4663,21.4,27.3,4,0
4.46,Marketing,3,12.2,0.0156,0.5878,5.1,19.2,3,1
7.95,Engineering,2,14.6,0.0258,0.5032,3.1,93.2,4,0
0.47,Marketing,3,9.3,0.0302,0.7095,2.7,55.0,4,0
3.32,Engineering,4,3.2,0.2018,0.7866,20.5,25.1,3,1
9.13,Sales,3,8.7,0.0068,0.5391,24.3,42.2,4,0
1.81,Finance,4,13.7,0.0057,0.4353,5.9,3.0,4,1
1.72,Engineering,2,17.6,0.087,0.7922,11.1,0.4,4,1
2.32,HR,2,2.1,0.0432,0.3292,35.6,34.3,3,0
0.72,Operations,1,9.2,0.0175,0.6892,2.1,70.8,2,0
0.63,Marketing,3,2.5,0.0293,0.161,22.3,73.3,1,0
10.87,Engineering,4,13.8,0.0781,0.774,29.9,0.5,4,1
8.4,Finance,2,16.4,0.0149,0.7881,3.2,68.3,3,0
2.06,Finance,1,3.6,0.037,0.7141,16.8,75.9,4,0
1.13,Engineering,2,3.1,0.0268,0.7036,6.3,23.2,5,0
4.7,Finance,3,5.0,0.0155,0.5168,17.1,15.3,5,0
15.22,Finance,4,7.2,0.0187,0.6339,1.1,70.6,5,0
7.59,Marketing,1,4.4,0.0703,0.3074,41.3,56.8,5,0
1.7,Sales,1,14.7,0.033,0.8505,19.7,39.7,4,0
2.32,Sales,2,17.6,0.0577,0.625,12.3,57.9,3,1
3.83,Marketing,1,8.9,0.0677,0.9894,3.5,81.0,1,0
2.63,Marketing,5,4.6,0.0384,0.6579,9.4,9.3,2,1
1.13,Engineering,2,7.0,0.0575,0.5863,6.4,51.2,2,1
1.12,Sales,2,8.9,0.0515,0.6583,34.9,27.7,4,0
3.79,Finance,1,6.8,0.0252,0.2831,11.0,28.5,4,0
12.23,Marketing,2,7.7,0.1212,0.1717,6.8,77.3,5,1
0.67,Sales,5,16.7,0.0412,0.731,40.9,65.0,3,1
4.16,Sales,2,4.3,0.0441,0.7089,12.4,88.8,5,0
9.19,Marketing,1,28.7,0.0331,0.7913,8.3,36.6,5,1
0.04,Marketing,1,9.1,0.0952,0.684,3.5,50.5,4,1
1.92,Operations,5,6.5,0.0404,0.9026,18.8,14.4,2,1
4.72,Marketing,5,4.2,0.0657,0.6614,28.9,85.3,4,0
7.96,Operations,1,4.5,0.072,0.5222,24.4,61.9,4,0
9.86,Sales,2,8.3,0.0576,0.6686,4.8,91.1,4,0
1.17,Sales,1,9.0,0.036,0.7712,1.0,63.2,4,0
0.25,Sales,2,6.3,0.007,0.8799,9.6,13.4,5,0
1.19,Engineering,1,2.5,0.0461,0.5694,0.8,56.3,2,0
2.83,Marketing,3,8.3,0.153,0.2446,30.2,94.9,2,1
0.93,Finance,4,4.6,0.0202,0.2294,22.2,16.8,4,1
1.5,Engineering,1,1.5,0.027,0.8019,0.9,32.8,5,0
4.97,Sales,2,12.7,0.0453,0.4151,8.0,64.6,2,0
0.06,Sales,1,1.8,0.0538,0.7628,46.7,57.0,1,1
6.22,HR,1,6.1,0.0973,0.3684,34.9,18.3,4,0
0.07,HR,1,7.5,0.0197,0.7626,5.8,16.1,4,0
3.35,Sales,1,19.3,0.0208,0.6936,7.1,14.7,4,1
0.21,Operations,5,1.6,0.0362,0.6317,4.8,53.6,2,0
1.12,Sales,1,13.7,0.0078,0.7865,4.4,91.2,3,0
2.04,Finance,4,15.2,0.0089,0.4789,18.9,50.2,3,0
7.61,HR,1,23.2,0.0325,0.8983,14.2,41.0,2,1
0.76,HR,2,17.2,0.0953,0.6612,27.3,20.9,4,1
13.6,Marketing,2,7.7,0.0304,0.8726,26.6,88.6,1,0
7.62,Operations,4,14.1,0.1073,0.3924,28.2,98.7,4,1
0.28,Engineering,1,19.9,0.0506,0.432,10.3,71.0,4,0
0.03,HR,1,1.2,0.0579,0.3515,22.7,51.6,5,0
0.59,Engineering,3,2.5,0.0014,0.4523,60.0,91.3,5,0
3.41,HR,3,9.7,0.0141,0.1934,30.6,52.5,3,1
20.0,Finance,3,15.1,0.0561,0.7315,16.9,34.5,3,1
1.24,HR,1,12.4,0.0455,0.4161,2.1,18.7,3,0
4.89,Sales,1,10.4,0.0532,0.6164,60.0,13.8,4,0
0.29,Sales,3,23.0,0.0511,0.8322,18.6,44.9,1,1
5.46,Sales,2,6.3,0.0572,0.7233,17.1,38.9,5,0
6.96,Sales,2,4.5,0.0854,0.602,4.7,20.7,4,0
7.76,HR,1,5.4,0.0465,0.5097,17.1,50.8,5,1
7.88,Marketing,1,9.9,0.0188,0.5781,6.5,72.9,4,0
5.76,Engineering,4,7.5,0.0114,0.8471,0.8,61.6,5,0
0.3,Engineering,3,15.7,0.0111,0.4922,60.0,77.3,5,0
2.88,Finance,1,4.7,0.0653,0.4788,9.7,80.9,3,0
1.53,Marketing,4,10.8,0.0786,0.7237,26.7,13.6,4,1
1.64,Sales,2,14.2,0.0541,0.4503,14.1,99.2,5,0
7.82,Sales,1,19.9,0.0145,0.6538,8.7,16.4,5,0
7.54,Finance,2,3.0,0.0699,0.5157,35.0,73.9,5,0
4.09,HR,3,5.3,0.1111,0.3827,15.2,56.9,4,0
0.88,Marketing,2,7.1,0.0729,0.8242,21.8,51.8,4,0
3.86,Engineering,2,2.2,0.0195,0.8237,4.7,90.2,4,0
1.01,Engineering,3,10.3,0.0266,0.5555,2.2,79.0,2,0
5.2,Finance,1,10.2,0.0252,0.6563,1.4,5.7,3,1
0.68,HR,4,9.6,0.0147,0.6583,28.9,62.7,2,1
4.14,Marketing,2,6.8,0.0405,0.6793,2.2,49.5,2,0
1.66,Finance,2,18.4,0.0343,0.8046,37.7,41.3,2,1
0.33,HR,3,5.4,0.0245,0.5249,7.4,3.4,3,0
4.83,Engineering,2,17.3,0.2212,0.6668,3.0,87.8,1,1
0.44,Engineering,2,5.3,0.0595,0.6871,13.2,32.7,5,0
14.96,Marketing,2,2.9,0.0842,0.4296,47.6,99.9,5,0
2.31,Sales,4,7.8,0.0195,0.6321,9.7,81.5,4,0
1.24,Finance,3,8.9,0.0492,0.2702,12.9,80.3,4,0
0.7,Marketing,3,11.0,0.0836,0.2578,24.5,59.2,5,1
2.55,Operations,1,0.8,0.037,0.5369,9.2,83.0,3,0
4.87,Sales,2,6.2,0.0243,0.4613,15.1,25.1,4,0
6.22,Engineering,2,27.3,0.0186,0.2714,41.1,59.3,4,1
3.08,Marketing,1,5.0,0.0188,0.7218,10.8,58.3,4,0
11.86,Marketing,3,15.2,0.0968,0.4483,31.3,43.1,5,1
5.43,Sales,1,45.7,0.0276,0.6179,19.0,56.7,2,1
0.62,Finance,1,30.6,0.1203,0.2867,32.4,75.6,5,1
11.33,Sales,1,3.3,0.0321,0.7216,28.1,18.7,1,0
1.41,Marketing,1,14.4,0.072,0.7505,2.4,97.6,4,0
11.9,Marketing,1,15.0,0.0302,0.6797,16.8,46.9,1,1
1.09,Sales,2,12.8,0.0326,0.2925,22.9,69.3,3,1
1.84,HR,2,2.8,0.0286,0.5607,19.8,90.7,4,0
4.01,HR,1,9.5,0.0555,0.8719,19.5,96.9,4,0
0.26,Engineering,1,9.5,0.0698,0.5225,9.1,58.7,3,0
9.22,Engineering,3,2.5,0.0054,0.6367,1.2,95.9,5,0
1.57,Operations,1,6.5,0.0207,0.4226,8.1,57.6,4,0
0.91,HR,2,9.8,0.0303,0.6587,12.2,25.5,1,1
0.21,Engineering,2,7.6,0.0404,0.5162,0.8,55.2,2,0
0.09,Engineering,2,13.5,0.0619,0.7856,7.6,11.8,5,0
0.1,HR,4,6.3,0.0206,0.5307,17.2,72.6,5,1
1.33,Operations,2,8.8,0.0093,0.9237,10.2,23.4,4,0
1.28,HR,5,15.9,0.0816,0.2771,4.5,41.5,4,0
3.57,Operations,4,25.2,0.0507,0.6891,18.1,37.7,4,1
8.02,HR,1,2.8,0.0967,0.706,29.0,23.6,4,1
4.1,Marketing,1,13.1,0.0698,0.0987,5.6,72.0,5,1
3.82,Marketing,1,5.6,0.0324,0.8308,8.9,31.9,3,0
1.94,Engineering,2,11.1,0.0281,0.5692,25.1,94.2,4,0
3.39,Engineering,2,2.6,0.0915,0.702,3.5,0.7,4,0
2.8,Operations,1,18.7,0.0733,0.7487,15.3,45.3,3,1
0.19,Operations,1,4.2,0.0455,0.7042,6.3,46.4,3,1
0.94,Engineering,2,16.1,0.05,0.5671,12.9,58.5,3,1
0.91,Finance,3,2.9,0.0046,0.3942,1.3,12.0,5,0
0.27,Operations,3,2.1,0.0224,0.6839,0.5,86.1,2,0
1.6,Operations,5,6.9,0.0504,0.5017,0.9,22.2,3,1
0.21,Sales,1,9.6,0.0517,0.2454,6.3,38.3,4,0
5.27,Marketing,2,32.5,0.0453,0.307,6.2,56.5,3,1
5.39,Finance,5,9.4,0.0644,0.4697,9.3,0.5,4,0
0.38,Operations,3,3.3,0.0597,0.2291,3.1,62.3,4,0
0.3,Engineering,2,14.4,0.0428,0.5349,1.2,20.3,4,1
10.95,Finance,2,20.8,0.0414,0.5226,7.2,76.0,3,0
1.1,Engineering,1,4.0,0.0371,0.7633,42.5,28.8,4,1
2.47,HR,4,15.7,0.0324,0.7887,13.7,60.1,1,0
2.15,Engineering,2,19.1,0.0711,0.7052,16.6,50.0,4,0
4.46,HR,2,14.6,0.0331,0.4955,8.7,88.1,4,0
3.63,Marketing,2,4.8,0.0216,0.9078,60.0,35.6,5,1
8.01,Finance,2,9.7,0.0247,0.3587,12.5,50.2,4,0
0.66,Sales,1,11.0,0.019,0.7182,2.2,53.5,4,0
3.61,HR,3,18.3,0.0536,0.3273,25.1,11.1,4,0
1.5,HR,2,5.0,0.0299,0.5015,12.2,54.3,2,0
2.5,Marketing,1,16.0,0.0452,0.8472,0.3,48.9,3,0
14.51,Sales,2,7.4,0.0983,0.776,32.3,17.1,4,1
1.89,Engineering,4,6.2,0.0573,0.6539,24.9,62.2,4,1
4.13,Finance,2,8.6,0.0525,0.4346,8.6,51.1,2,0
2.24,Marketing,2,0.6,0.0147,0.4115,10.0,14.1,4,0
0.69,HR,2,1.0,0.0436,0.6848,12.6,62.8,3,0
0.07,Sales,3,1.3,0.0029,0.7617,25.3,47.0,2,0
5.46,Engineering,3,11.4,0.0746,0.5431,7.9,90.5,3,0
0.33,Operations,4,6.8,0.0069,0.5582,20.0,53.9,2,0
0.69,Marketing,1,4.8,0.0096,0.5203,8.9,24.4,3,0
3.2,Engineering,4,8.0,0.0391,0.7933,27.9,74.1,4,0
1.31,Engineering,4,16.2,0.0453,0.5542,0.7,42.4,3,1
2.14,Engineering,2,7.7,0.0654,0.6523,15.6,83.5,5,0
2.19,HR,2,3.2,0.0777,0.7564,6.2,45.0,4,0
0.08,Marketing,1,35.9,0.0074,0.6592,14.7,21.1,3,1
7.72,Engineering,2,8.3,0.0381,0.7357,26.8,49.8,5,0
14.2,Marketing,1,19.2,0.0352,0.776,47.4,10.3,3,1
2.4,Engineering,1,14.7,0.1115,0.7498,18.8,39.4,4,1
1.45,Marketing,5,5.9,0.0454,0.6319,29.1,56.6,3,1
7.95,Sales,1,25.0,0.0353,0.5332,1.1,61.7,5,0
1.88,Operations,2,5.1,0.0486,0.8468,22.9,37.6,3,1
3.41,HR,1,11.3,0.0056,0.6137,55.4,15.6,1,1
7.24,Sales,2,10.2,0.0798,0.5081,24.9,32.0,3,1
1.51,Sales,2,10.9,0.1114,0.5915,30.5,50.9,3,1
6.74,Marketing,1,22.2,0.0803,0.7682,4.4,54.6,3,1
4.0,HR,2,8.5,0.0165,0.7218,22.4,84.1,4,0
3.59,HR,5,9.7,0.0636,0.6956,9.7,5.3,4,0
6.18,Marketing,2,10.1,0.0897,0.745,20.5,53.6,2,1
0.05,Finance,5,31.6,0.078,0.6412,14.0,18.5,1,1
1.31,Finance,3,18.2,0.0187,0.7926,11.8,88.3,2,0
0.79,HR,2,2.0,0.0355,0.74,8.9,68.6,3,1
1.15,Engineering,1,5.3,0.0231,0.4599,48.1,27.1,4,0
1.48,Engineering,1,8.9,0.0423,0.9184,30.8,58.1,3,1
0.9,Engineering,4,21.9,0.0432,0.5984,30.0,86.6,5,0
2.09,Finance,2,23.3,0.0274,0.4573,28.6,14.6,4,1
1.24,Finance,2,8.1,0.0174,0.8656,6.8,31.7,4,0
1.96,Marketing,3,5.1,0.0521,0.7228,0.9,47.8,5,0
2.28,Operations,1,7.2,0.0059,0.5186,13.4,24.9,4,0
0.95,Sales,3,9.2,0.0781,0.525,5.5,13.3,4,0
3.4,Operations,1,6.9,0.094,0.6217,34.3,19.1,4,0
4.12,Operations,4,19.5,0.0744,0.8788,18.2,33.2,4,1
5.45,Finance,1,6.3,0.0518,0.7108,6.5,76.0,5,0
0.8,Finance,1,4.0,0.0402,0.8083,30.4,98.3,4,0
3.47,Sales,3,7.1,0.0487,0.6939,46.8,21.5,5,1
4.8,Sales,1,10.6,0.0491,0.3331,60.0,81.3,3,1
0.17,Engineering,4,19.8,0.0379,0.508,2.3,44.6,2,1
2.0,Finance,3,3.8,0.0398,0.5217,0.7,11.7,5,0
3.33,HR,1,10.6,0.0977,0.5505,6.1,59.8,2,0
1.04,Sales,1,10.9,0.1281,0.3821,19.5,39.1,5,1
6.43,Engineering,4,12.4,0.017,0.4838,22.3,30.7,5,0
4.53,Engineering,2,6.3,0.0168,0.6819,7.9,37.1,3,1
0.66,Finance,4,12.2,0.0768,0.7795,22.2,51.2,5,0
2.09,Marketing,1,14.4,0.0222,0.145,27.8,49.9,5,0
11.74,Finance,4,6.3,0.0232,0.9756,34.2,39.6,3,1
2.79,Engineering,2,9.7,0.0206,0.5253,1.3,10.8,5,0
4.98,Engineering,3,7.5,0.0618,0.4727,30.3,51.7,4,0
8.66,Engineering,2,4.5,0.0719,0.055,11.1,89.9,3,0
2.08,Marketing,1,2.6,0.0126,0.7541,3.6,39.6,3,0
0.34,Marketing,5,5.1,0.0471,0.4885,1.7,54.2,5,0
0.87,Sales,5,5.4,0.0263,0.4374,8.8,63.4,4,0
2.32,Engineering,2,2.6,0.0583,0.5539,3.3,42.9,4,1
2.05,Sales,4,11.7,0.0072,0.6267,18.5,79.5,4,0
2.84,Marketing,1,15.2,0.1289,0.5699,17.0,3.4,4,1
4.62,Engineering,1,7.3,0.053,0.4279,14.8,11.8,3,1
5.32,Marketing,1,8.2,0.0342,0.9513,0.5,2.7,5,0
3.73,HR,2,5.7,0.0695,0.2925,7.7,93.8,4,0
10.01,Engineering,1,7.8,0.0491,0.6552,4.6,9.7,5,0
12.65,Operations,2,12.3,0.0553,0.6004,12.0,81.0,4,0
4.57,Finance,1,10.6,0.0519,0.4179,18.0,9.5,2,1
6.81,Marketing,3,7.8,0.0436,0.4903,6.6,43.8,1,0
1.8,Engineering,3,5.4,0.0491,0.4018,12.0,54.4,4,0
0.5,HR,3,14.3,0.0129,0.7173,0.6,78.8,4,1
2.95,Finance,1,5.9,0.0457,0.4812,5.0,15.6,5,1
9.07,Finance,3,2.8,0.0518,0.3971,60.0,65.0,5,0
0.56,Engineering,1,9.3,0.0674,0.6247,28.6,86.8,3,0
1.53,Finance,3,1.6,0.0296,0.8673,25.0,94.9,5,0
3.49,Operations,2,10.3,0.0633,0.3028,9.3,98.3,5,0
2.01,Marketing,2,10.9,0.0051,0.7184,60.0,92.7,1,1
0.19,Sales,1,5.1,0.0326,0.6792,21.2,34.8,3,0
14.54,Operations,3,5.7,0.0628,0.6021,0.1,19.7,4,1
2.72,Marketing,4,15.7,0.0336,0.7293,0.6,42.2,1,0
1.02,Engineering,3,29.6,0.008,0.6927,7.9,21.3,3,1
1.74,Engineering,5,8.5,0.023,0.4354,0.2,92.8,4,0
0.1,Operations,4,5.2,0.037,0.4288,18.0,46.0,5,0
2.82,Sales,1,11.0,0.0619,0.8538,0.9,31.0,5,1
5.76,Engineering,3,7.6,0.0226,0.4842,47.7,92.0,1,0
2.82,HR,1,10.4,0.0298,0.5064,11.3,29.9,4,0
5.2,Finance,2,9.3,0.028,0.8122,3.7,49.7,2,0
2.36,Finance,1,9.5,0.0414,0.9389,37.3,45.9,5,0
5.1,Finance,5,1.1,0.0289,0.2328,8.7,83.8,4,0
2.47,Operations,3,5.7,0.0054,0.2802,1.9,48.5,2,0
3.58,Marketing,1,5.2,0.0044,0.6845,12.0,35.2,5,0
6.73,Engineering,2,5.2,0.0216,0.7292,4.6,12.4,2,1
15.37,Engineering,2,12.9,0.0442,0.8782,34.7,53.9,2,0
1.88,Engineering,3,3.0,0.102,0.6487,0.6,66.6,1,0
12.06,HR,4,1.1,0.0675,0.6757,38.4,25.9,3,0
0.39,HR,1,5.1,0.0798,0.2775,32.3,66.4,2,1
3.18,Operations,2,4.2,0.0111,0.4255,48.8,46.2,5,0
2.46,HR,2,8.6,0.0533,0.8495,9.7,4.4,4,0
3.02,Engineering,2,4.2,0.0389,0.556,5.2,4.4,4,0
6.46,Operations,2,6.7,0.0398,0.5585,2.7,5.9,3,0
1.73,Sales,1,6.0,0.0265,0.8219,3.2,41.5,3,0
14.71,Operations,1,19.1,0.0809,0.7978,14.1,82.0,3,0
2.78,Marketing,2,4.3,0.0759,0.5317,55.2,32.2,4,1
5.12,Operations,4,12.4,0.0133,0.5286,12.4,62.9,4,0
3.11,Marketing,1,7.8,0.0991,0.7152,10.6,84.5,3,1
2.58,Engineering,1,16.0,0.0687,0.7723,6.9,56.0,2,1
2.01,Finance,3,23.1,0.036,0.5403,39.8,92.4,3,1
0.09,HR,4,7.7,0.016,0.7615,7.8,30.6,4,0
13.75,Finance,2,1.7,0.0553,0.483,57.7,50.9,1,1
3.65,Marketing,1,3.1,0.0149,0.7178,17.2,54.5,4,0
9.66,Finance,3,2.4,0.0533,0.542,9.2,17.5,5,1
14.15,Sales,2,5.7,0.0787,0.3661,22.4,49.9,2,1
5.42,Operations,3,5.0,0.0028,0.7996,11.7,65.3,2,0
1.68,Finance,1,9.7,0.0478,0.5097,13.6,10.0,3,1
2.22,Operations,1,15.1,0.0054,0.8494,60.0,64.2,4,1
0.35,Sales,1,1.5,0.0025,0.2114,5.3,52.5,3,1
8.3,Operations,3,8.2,0.0373,0.6143,11.6,37.1,2,1
4.11,Sales,2,4.4,0.0229,0.6812,11.2,38.1,4,0
9.62,HR,1,8.4,0.0321,0.5926,53.4,85.6,4,0
8.48,Operations,2,5.7,0.0509,0.6709,0.3,96.3,4,0
0.14,HR,3,13.4,0.1311,0.6698,21.1,35.4,3,1
6.18,Sales,1,3.3,0.1028,0.4503,3.5,45.9,5,0
0.51,Operations,3,4.7,0.0386,0.6614,1.6,48.2,2,0
0.27,Operations,3,7.3,0.0269,0.7481,29.3,65.4,5,0
3.98,Sales,2,6.2,0.0284,0.8385,23.8,24.1,1,1
2.13,Sales,5,7.2,0.0135,0.7253,12.6,35.7,3,0
5.51,Sales,4,1.9,0.0457,0.527,33.8,14.0,2,0
11.45,Engineering,1,20.8,0.0787,0.6994,37.0,0.8,5,0
1.93,Finance,1,5.4,0.0598,0.8725,8.8,18.7,4,0
3.23,Sales,1,3.5,0.0319,0.4796,10.2,4.5,4,0
0.01,Operations,1,7.4,0.0288,0.7316,12.3,24.2,5,1
0.81,Sales,2,8.3,0.0382,0.522,5.1,36.0,2,0
3.92,Finance,4,26.9,0.0485,0.5485,8.8,6.4,3,1
0.04,Finance,4,16.8,0.0559,0.6529,1.2,96.0,1,0
3.67,Finance,1,6.1,0.044,0.4287,11.0,13.5,3,0
3.47,Engineering,2,23.9,0.0314,0.9737,1.0,85.6,1,1
0.34,HR,1,20.8,0.0427,0.7274,13.8,71.4,2,1
9.1,Finance,2,3.5,0.1171,0.6397,32.8,76.9,2,0
5.08,HR,1,31.1,0.1357,0.5868,9.7,22.2,4,1
8.39,Operations,4,5.4,0.0372,0.8201,2.6,93.9,3,0
0.58,Finance,4,9.0,0.022,0.5306,6.0,23.0,1,1
4.91,HR,1,18.7,0.033,0.6064,34.1,2.2,4,1
1.47,Engineering,3,1.5,0.0873,0.5566,25.3,15.4,2,0
10.66,Sales,2,7.2,0.0459,0.2621,1.2,35.0,2,1
2.33,HR,3,10.0,0.0157,0.6362,33.0,8.1,4,0
3.37,HR,2,16.4,0.0575,0.6525,6.1,81.2,5,0
1.14,Operations,1,8.0,0.0887,0.692,5.1,56.1,5,0
2.25,Marketing,2,1.5,0.0521,0.599,13.1,92.7,5,0
4.88,Engineering,1,26.8,0.0196,0.2073,43.3,58.7,4,1
3.72,Finance,2,8.2,0.049,0.3541,14.9,6.4,3,0
0.05,HR,1,10.3,0.0324,0.6972,7.7,53.6,4,1
0.13,Engineering,3,2.1,0.032,0.5632,52.8,7.9,4,1
2.14,Finance,3,20.2,0.0253,0.7121,7.5,93.9,2,1
5.27,Finance,1,5.5,0.0059,0.7867,30.7,65.7,5,0
3.27,Engineering,2,4.4,0.0424,0.7175,2.9,34.8,5,0
0.7,HR,3,17.3,0.0294,0.2566,5.4,60.9,4,0
5.68,Marketing,1,2.4,0.0437,0.9111,16.6,75.2,3,0
11.8,Sales,2,10.4,0.0551,0.5441,5.6,94.0,4,0
1.44,HR,3,4.3,0.069,0.9559,23.4,62.7,5,0
2.28,Engineering,2,11.3,0.0083,0.3256,17.5,67.5,3,0
2.06,Sales,3,13.5,0.0152,0.5397,1.3,40.1,1,1
1.22,Operations,2,5.3,0.026,0.6995,45.8,22.5,4,1
1.49,Finance,2,19.4,0.0742,0.5855,20.6,35.2,3,1
1.25,Sales,1,8.2,0.0903,0.759,15.2,66.2,3,1
0.71,HR,1,27.1,0.0339,0.8882,60.0,87.2,3,1
0.21,Sales,1,17.4,0.0436,0.811,60.0,66.5,4,0
1.18,HR,4,8.9,0.0064,0.2513,8.5,95.6,2,0
7.6,Engineering,4,8.8,0.0691,0.2094,19.3,67.2,3,1
1.36,Finance,3,2.6,0.0379,0.3572,7.4,62.9,3,0
0.94,Finance,1,17.2,0.0171,0.7666,8.9,1.3,2,1
5.44,Finance,2,4.9,0.0288,0.7396,0.6,61.0,1,1
1.81,HR,3,9.6,0.0122,0.3652,34.5,7.3,2,1
5.01,Sales,3,26.9,0.0581,0.3233,6.1,52.2,1,1
4.07,Sales,1,19.2,0.0299,0.7236,26.3,58.6,1,1
4.07,Sales,4,3.7,0.0525,0.4388,9.4,64.6,4,0
1.27,HR,1,8.2,0.106,0.6121,17.2,87.1,5,1
2.99,HR,1,10.3,0.0214,0.7337,13.8,47.3,3,0
10.16,Marketing,4,20.8,0.0067,0.8898,14.9,48.1,5,0
4.75,Engineering,2,18.7,0.0087,0.2303,30.0,54.9,3,1
4.28,Sales,2,12.3,0.0351,0.3026,13.4,33.5,4,1
2.12,Operations,2,11.5,0.0767,0.7077,3.6,27.2,3,0
4.08,Operations,5,8.1,0.0594,0.1265,23.8,10.7,5,1
2.57,Operations,1,10.1,0.0292,0.6285,42.9,84.0,4,0
0.63,Sales,3,6.7,0.0238,0.7257,13.6,4.2,4,0
1.24,Engineering,1,14.4,0.0109,0.9216,10.7,98.1,3,0
0.6,Sales,1,11.9,0.0217,0.4417,52.0,28.9,5,1
3.83,Engineering,2,16.8,0.1042,0.8228,38.7,70.2,5,1
0.35,Operations,2,16.5,0.0464,0.7115,1.3,73.1,3,1
0.32,Operations,1,4.9,0.0528,0.4466,4.5,39.7,2,1
0.76,Marketing,2,0.8,0.0917,0.5706,18.3,41.1,5,0
1.67,Marketing,2,4.6,0.0229,0.9181,16.1,59.8,4,0
0.62,HR,2,10.1,0.0307,0.6421,1.3,6.9,1,1
4.59,HR,3,6.7,0.0391,0.6516,2.6,2.2,2,1
2.71,Operations,3,6.5,0.0279,0.7163,1.1,72.2,4,0
17.9,Marketing,2,4.4,0.0309,0.4412,24.5,51.9,5,0
11.95,Finance,2,11.1,0.0653,0.6206,2.6,99.8,1,0
2.51,Operations,2,1.6,0.0061,0.6182,52.4,29.9,2,1
2.23,HR,2,12.3,0.0127,0.4871,10.0,37.3,2,0
0.42,HR,1,12.4,0.0148,0.365,36.4,63.5,5,0
5.77,Operations,1,16.6,0.0547,0.5291,60.0,68.7,5,1
12.34,HR,1,48.6,0.0279,0.5197,35.7,38.6,4,1
2.31,Marketing,2,0.7,0.0202,0.6825,4.4,12.2,3,1
5.53,HR,5,12.0,0.0719,0.6973,20.2,6.8,4,0
0.07,Sales,2,13.7,0.0118,0.6294,9.3,0.2,4,1
20.0,Sales,2,4.6,0.1113,0.723,5.0,37.0,5,0
0.37,Finance,2,7.1,0.0412,0.6462,44.2,27.9,4,0
5.29,HR,3,5.6,0.0279,0.5258,4.2,2.2,4,0
0.19,HR,2,12.6,0.007,0.4113,17.9,65.9,5,0
1.2,Marketing,2,17.8,0.032,0.7816,31.2,35.5,2,1
1.4,Engineering,3,2.9,0.0131,0.7135,1.5,54.5,4,0
3.7,Engineering,1,11.2,0.0682,0.7097,0.3,86.4,5,0
0.23,Operations,2,20.4,0.0492,0.4533,23.8,36.4,2,1
1.57,Finance,2,4.9,0.0837,0.8039,17.8,21.6,3,0
0.85,Finance,3,3.9,0.0156,0.6496,3.2,27.8,3,0
0.43,Engineering,5,3.5,0.0244,0.7182,7.9,4.0,5,0
5.9,Finance,3,4.1,0.0994,0.2656,9.4,22.5,4,1
1.68,HR,2,26.6,0.0206,0.5016,6.4,90.2,4,0
0.34,Finance,1,30.7,0.01,0.6108,19.2,12.6,4,1
2.01,Engineering,2,22.1,0.0284,0.837,5.3,33.0,3,1
0.69,Finance,3,6.6,0.0464,0.7181,60.0,12.9,2,1
0.0,Finance,4,22.7,0.0624,0.6208,51.3,5.9,1,1
0.39,Sales,3,3.4,0.0258,0.4309,3.2,37.9,3,0
4.18,Engineering,1,14.7,0.0579,0.3261,3.0,82.3,5,0
0.01,Operations,3,5.3,0.0487,0.9379,25.6,3.8,5,1
1.67,Marketing,4,3.0,0.024,0.3955,17.3,68.6,2,1
2.45,Finance,3,11.0,0.0147,0.66,39.3,5.0,3,0
1.05,Marketing,3,11.2,0.0869,0.6907,30.9,72.6,4,0
2.82,Marketing,2,12.0,0.0476,0.6935,18.1,96.5,4,0
6.4,Engineering,2,13.0,0.0929,0.1347,1.1,27.6,1,1
2.19,HR,1,10.6,0.0601,0.7863,11.2,45.8,1,1
2.06,Operations,1,7.6,0.0187,0.3805,15.8,54.8,4,0
0.53,Sales,3,8.8,0.0662,0.881,1.3,22.8,4,1
2.21,Operations,4,14.8,0.0089,0.5275,27.7,4.6,4,1
8.12,Engineering,4,10.3,0.1221,0.8039,42.4,6.8,3,1
2.04,Sales,1,5.8,0.0393,0.8195,24.5,37.0,3,1
2.55,HR,1,4.5,0.0464,0.4581,2.3,20.6,4,0
10.07,Finance,1,8.7,0.0079,0.4641,0.8,51.3,2,0
1.4,Sales,3,20.3,0.0634,0.9115,9.2,6.4,1,1
0.16,Sales,3,13.1,0.1105,0.7603,12.3,68.7,3,1
7.35,Finance,5,21.0,0.0434,0.6711,10.6,15.3,4,0
2.42,Sales,1,6.5,0.0719,0.3969,26.7,3.4,2,1
0.5,Operations,2,9.7,0.0055,0.7153,30.9,25.2,3,1
0.31,Operations,3,10.8,0.084,0.8312,10.2,68.5,3,0
2.34,Sales,1,15.3,0.0611,0.699,19.3,11.5,5,1
5.49,Finance,5,6.5,0.0178,0.7911,8.0,77.4,5,0
0.11,Sales,2,13.1,0.0137,0.714,12.1,62.6,4,1
0.25,HR,1,19.5,0.0293,0.9157,2.4,30.8,3,1
0.39,Marketing,1,8.0,0.067,0.5683,25.8,9.0,4,0
0.59,Sales,4,4.1,0.0279,0.4478,35.0,91.0,5,0
3.49,Engineering,2,20.0,0.0402,0.6013,46.3,23.3,4,0
0.2,Sales,3,13.9,0.0648,0.7156,12.2,63.3,1,1
6.68,Operations,3,2.3,0.0459,0.5205,54.2,69.1,3,1
8.81,Sales,2,8.1,0.0271,0.2984,12.3,53.2,2,0
17.49,HR,3,27.7,0.1363,0.4908,16.4,58.4,2,1
0.03,Finance,4,12.3,0.0753,0.755,12.4,29.6,4,1
0.76,Engineering,1,8.7,0.0823,0.8556,18.2,58.7,4,1
2.57,Sales,3,3.6,0.01,0.5697,27.6,82.4,3,0
0.24,Sales,1,3.6,0.0089,0.8576,45.6,77.7,3,0
14.4,Operations,1,14.7,0.0849,0.7297,7.4,22.3,3,1
11.75,Operations,2,3.9,0.0333,0.8116,29.2,78.3,5,0
2.39,Marketing,4,10.9,0.1154,0.5917,17.1,68.0,3,1
6.99,Sales,1,8.0,0.0398,0.565,7.3,43.6,2,0
7.25,Finance,2,10.4,0.0447,0.604,31.3,48.6,5,0
2.64,Finance,3,7.4,0.0337,0.7596,22.6,51.6,4,0
1.71,Operations,1,11.9,0.0525,0.3538,24.8,77.9,2,0
7.02,Engineering,3,16.5,0.0649,0.4653,12.3,61.2,4,0
2.09,Marketing,4,7.5,0.1809,0.5835,18.3,84.8,4,0
8.69,Sales,1,15.5,0.0369,0.6127,6.2,82.1,5,0
3.54,Finance,1,21.7,0.0376,0.6956,27.9,91.4,4,0
2.4,Operations,5,10.8,0.0067,0.6425,8.0,87.5,5,0
1.75,Engineering,1,14.4,0.0168,0.6635,5.1,2.1,4,0
1.2,Engineering,1,3.0,0.0109,0.8719,7.3,36.3,4,0
0.77,Marketing,5,7.7,0.0545,0.3823,20.6,37.4,5,0
0.04,Engineering,4,2.1,0.0696,0.6922,60.0,68.7,3,1
1.09,Marketing,3,5.7,0.0102,0.678,60.0,56.7,1,0
0.06,Finance,2,7.7,0.068,0.3903,23.2,99.1,1,0
0.88,HR,4,29.3,0.0432,0.738,9.9,61.8,2,1
11.57,Operations,3,4.6,0.1482,0.5593,44.3,56.7,3,1
8.66,Operations,3,8.4,0.0164,0.6363,0.5,85.0,1,0
8.41,Sales,3,3.9,0.0374,0.8032,3.9,79.0,4,0
1.4,Engineering,3,7.2,0.029,0.6835,12.8,16.0,5,1
10.44,Engineering,2,12.1,0.0629,0.8295,38.6,48.4,3,1
4.02,Engineering,2,13.5,0.0227,0.314,5.7,99.2,4,0
0.16,Operations,2,6.5,0.0658,0.5185,56.3,70.8,5,0
0.92,Finance,2,5.2,0.0083,0.196,2.1,2.4,2,0
3.78,Marketing,2,23.5,0.0316,0.7261,5.2,6.2,3,1
0.62,Sales,2,6.1,0.0595,0.8269,5.3,73.1,5,0
0.42,Operations,3,1.0,0.0264,0.7212,18.4,77.3,2,0
5.01,Marketing,2,19.6,0.0751,0.6921,17.4,81.9,5,1
0.02,Marketing,1,1.3,0.0126,0.8071,6.4,29.3,3,0
0.12,HR,1,19.6,0.0217,0.653,7.8,80.6,4,1
6.83,Marketing,1,2.1,0.0534,0.5542,27.4,99.2,5,0
1.22,Finance,3,2.6,0.0654,0.6262,15.3,57.6,5,0
9.41,HR,2,3.3,0.0327,0.5989,14.5,59.8,1,0
5.38,Finance,1,5.7,0.0606,0.6062,20.7,24.4,3,1
4.02,Sales,3,19.7,0.019,0.2259,60.0,21.6,3,1
1.5,Operations,1,3.4,0.0605,0.2456,49.7,0.8,3,1
0.6,Marketing,1,12.1,0.0536,0.3427,1.1,21.5,2,1
0.27,Marketing,3,10.2,0.0308,0.6532,35.4,15.2,3,1
5.02,Marketing,2,9.0,0.0902,0.442,6.2,66.3,4,1
0.37,HR,3,17.3,0.0183,0.8367,11.2,4.1,5,0
0.71,Operations,3,9.5,0.0065,0.6334,34.8,96.8,5,0
2.69,Sales,4,10.1,0.073,0.5604,11.0,92.0,3,0
0.14,Finance,1,14.3,0.0763,0.3187,14.2,31.5,5,0
3.78,Engineering,3,5.9,0.0251,0.7945,5.1,91.2,3,0
0.24,Sales,3,8.5,0.0392,0.8733,15.0,47.9,5,0
0.72,Finance,1,10.8,0.1286,0.5415,60.0,86.0,4,1
0.29,HR,4,16.2,0.0297,0.8822,44.8,68.8,3,0
8.18,Operations,2,7.6,0.0103,0.6842,9.7,9.3,5,0
12.55,Finance,4,8.3,0.0502,0.9544,25.2,71.3,1,0
4.6,HR,2,11.9,0.0208,0.2643,11.9,64.0,4,1
4.11,HR,2,7.8,0.0644,0.9,9.7,80.6,4,0
1.02,Finance,1,4.7,0.0568,0.5968,7.5,76.6,1,0
3.95,Marketing,4,14.3,0.0795,0.8065,21.1,73.2,3,1
4.14,Sales,2,9.6,0.1799,0.7807,7.1,64.6,3,0
5.0,Finance,1,6.3,0.0455,0.6133,5.2,85.8,2,0
5.61,Finance,1,3.3,0.0097,0.7785,12.2,77.9,5,0
5.81,Engineering,3,1.4,0.1565,0.6816,53.2,73.6,2,1
0.07,Operations,1,12.3,0.1532,0.5613,25.3,12.3,4,1
4.12,Finance,2,4.6,0.0769,0.7955,43.7,97.2,4,1
3.42,Sales,3,2.0,0.0598,0.6118,2.3,87.6,4,0
7.22,Finance,1,4.1,0.0141,0.7278,44.5,53.5,2,1
0.44,Marketing,2,10.8,0.0648,0.8685,9.9,90.0,3,1
3.93,Operations,1,4.6,0.0174,0.9565,5.9,53.8,5,0
2.24,Engineering,4,10.9,0.0481,0.598,39.5,55.0,2,1
2.29,HR,4,5.4,0.022,0.4147,6.2,84.2,1,0
0.57,Sales,1,8.4,0.027,0.6084,0.4,38.7,5,0
5.05,Finance,2,9.0,0.0715,0.8772,1.8,72.0,5,0
2.48,Finance,2,13.8,0.0084,0.3191,3.8,80.3,4,0
0.38,HR,5,14.1,0.0802,0.4673,56.5,89.9,5,1
20.0,Operations,2,8.6,0.016,0.4613,48.2,62.6,5,0
3.27,Finance,2,3.8,0.0858,0.9182,0.7,28.8,2,0
1.79,HR,4,18.6,0.0394,0.5923,1.8,78.2,2,0
11.41,Engineering,1,6.2,0.0334,0.6977,25.4,9.2,4,0
6.53,Sales,2,0.6,0.0157,0.2191,11.4,64.9,4,0
5.41,Operations,1,10.5,0.0685,0.4461,7.1,70.8,5,0
0.25,HR,2,10.8,0.0908,0.9127,4.6,87.6,3,0
3.93,Operations,2,6.4,0.0311,0.6528,4.5,39.5,1,1
7.65,Finance,5,2.1,0.0432,0.5142,25.0,75.4,1,1
2.4,Finance,2,1.7,0.0268,0.6714,29.4,56.5,5,0
5.11,HR,1,6.8,0.1653,0.6095,17.2,62.8,4,1
1.14,Finance,3,3.4,0.0219,0.7042,2.7,68.5,1,0
0.52,Engineering,3,16.2,0.0402,0.5151,3.7,15.7,4,0
7.58,Engineering,3,6.6,0.0658,0.5855,36.8,74.0,4,0
1.91,HR,3,5.9,0.0367,0.5603,29.2,9.5,3,1
2.5,Finance,1,27.3,0.0446,0.9378,10.6,97.4,5,0
1.26,Finance,2,0.7,0.0416,0.7834,1.4,14.2,3,0
2.42,HR,1,8.4,0.0651,0.5446,15.1,98.6,4,0
1.22,Sales,1,1.4,0.0421,0.542,28.2,25.1,3,0
0.2,Marketing,4,19.9,0.0986,0.7481,3.4,40.8,4,1
6.98,Finance,3,1.9,0.0377,0.867,6.9,57.1,5,0
0.66,Engineering,1,11.1,0.0242,0.5154,7.9,48.0,4,0
1.35,HR,1,10.0,0.019,0.6101,3.5,70.7,4,0
6.8,Marketing,4,1.4,0.0674,0.2866,10.7,67.6,4,0
3.84,Marketing,1,11.2,0.058,0.7998,9.5,36.7,4,1
3.05,Sales,1,5.4,0.0466,0.7867,28.6,76.7,5,0
7.6,Operations,1,12.8,0.0761,0.8773,1.9,48.9,4,0
0.63,Finance,1,5.1,0.0482,0.8066,2.4,61.9,4,0
2.34,HR,1,11.2,0.0298,0.6893,2.8,70.5,3,0
2.2,Finance,5,7.7,0.0317,0.5572,6.4,61.6,2,0
12.23,Operations,1,11.2,0.0513,0.4489,6.0,7.8,3,0
6.04,Sales,2,12.6,0.057,0.2613,59.8,75.6,4,1
0.77,Engineering,3,7.1,0.0192,0.7385,14.5,47.5,5,0
0.59,HR,2,6.2,0.0643,0.3431,10.7,13.1,4,0
1.62,Engineering,3,12.4,0.0362,0.4135,21.5,19.1,3,1
0.77,Operations,3,5.5,0.0195,0.7428,16.8,22.3,4,1
1.64,Operations,2,7.2,0.0326,0.5696,8.5,88.7,1,1
0.4,Finance,2,22.6,0.0166,0.3994,7.1,60.3,4,1
3.14,Operations,3,8.4,0.0269,0.6426,3.5,5.5,4,0
0.78,Engineering,3,14.1,0.0488,0.4374,23.7,80.2,4,0
0.85,Finance,3,4.8,0.0258,0.7961,11.4,69.7,5,0
14.04,HR,1,11.1,0.0468,0.5475,0.4,51.5,4,0
5.92,Sales,3,7.4,0.0618,0.4376,0.9,82.6,4,0
7.49,Sales,3,6.3,0.0491,0.4359,4.8,76.8,4,0
0.23,Finance,1,1.3,0.0724,0.7691,0.4,50.3,5,0
1.07,Finance,4,3.5,0.032,0.5633,37.0,73.7,4,0
1.64,Engineering,1,28.4,0.0232,0.4216,0.4,2.3,2,1
6.12,Finance,1,7.7,0.0308,0.5714,1.7,50.3,3,0
3.31,Operations,4,8.5,0.0238,0.2957,15.3,37.0,2,0
0.02,Engineering,1,15.9,0.0795,0.5802,8.1,23.1,1,1
1.18,Operations,2,10.3,0.0811,0.8156,16.0,46.1,5,1
5.91,Finance,2,6.3,0.0123,0.6468,37.2,39.2,3,0
19.86,HR,4,6.3,0.1157,0.442,46.5,18.5,3,1
1.48,Marketing,2,3.2,0.0766,0.8246,2.8,100.0,3,0
2.2,Finance,3,11.8,0.0391,0.9204,53.4,5.2,2,1
3.26,Marketing,3,12.1,0.0257,0.7663,11.0,83.8,1,0
2.19,Engineering,2,8.6,0.0316,0.6319,11.4,75.4,4,0
5.82,Engineering,4,7.5,0.0434,0.8623,18.8,7.4,2,1
7.75,Finance,3,12.1,0.0195,0.4779,1.4,34.1,1,0
0.74,Sales,2,3.2,0.0522,0.6829,1.2,61.4,4,0
2.77,Sales,5,10.8,0.0184,0.5844,37.7,15.5,5,1
0.39,HR,2,23.4,0.0213,0.9259,20.9,74.3,2,1
0.61,Marketing,1,4.9,0.0801,0.7119,0.3,35.1,3,1
2.22,Sales,1,6.9,0.0436,0.6017,44.3,14.2,2,1
1.29,Operations,2,19.4,0.0151,0.4644,6.6,69.1,1,0
0.32,HR,1,8.6,0.0568,0.9171,42.0,25.1,3,1
2.62,Engineering,2,14.9,0.1,0.6981,3.0,35.2,5,0
4.69,Engineering,2,11.2,0.0867,0.6488,13.4,43.5,3,0
4.58,Operations,2,11.9,0.0368,0.6641,33.4,43.2,1,1
1.32,Engineering,1,4.7,0.0924,0.795,2.4,79.0,4,0
2.7,HR,3,4.6,0.0243,0.5373,18.5,64.7,5,0
0.78,Marketing,2,13.5,0.0762,0.6631,56.9,85.3,3,1
0.92,Finance,1,2.3,0.0529,0.8339,3.8,77.1,3,0
1.36,Sales,2,7.2,0.0298,0.2361,12.9,93.6,2,1
9.97,Engineering,2,12.2,0.0292,0.401,1.2,34.9,5,1
1.88,Marketing,2,6.9,0.012,0.776,29.2,57.9,5,0
3.09,HR,2,7.6,0.0192,0.5617,51.4,84.2,5,0
2.68,Engineering,1,15.4,0.0214,0.5736,8.4,81.7,1,0
4.82,Sales,4,21.0,0.0128,0.4025,34.2,81.0,3,0
10.22,Finance,2,36.0,0.0426,0.6868,4.1,43.0,2,1
1.48,Sales,1,19.7,0.0276,0.462,25.8,48.6,2,1
4.6,HR,3,5.8,0.0967,0.6825,7.8,7.9,3,0
1.42,Engineering,3,4.0,0.0713,0.9055,1.0,17.4,3,0
7.23,Marketing,2,5.9,0.0428,0.9091,20.0,44.1,5,0
0.52,Finance,2,12.3,0.0663,0.8179,24.4,31.1,4,1
0.51,Marketing,2,6.4,0.0907,0.5922,3.1,24.1,1,1
2.62,Engineering,2,4.8,0.0547,0.6042,3.2,15.0,1,0
0.3,HR,1,22.7,0.0275,0.2136,42.0,75.3,5,0
1.13,Sales,1,6.2,0.0714,0.7015,18.3,81.1,5,0
2.73,Finance,5,11.6,0.036,0.4123,20.0,49.1,1,1
1.06,Marketing,3,11.4,0.0102,0.8448,6.3,82.5,5,1
9.26,Sales,2,1.3,0.0162,0.4745,24.7,91.5,3,0
2.74,Marketing,1,21.8,0.0469,0.7991,34.1,15.2,4,1
2.26,Finance,3,3.0,0.0888,0.7037,10.3,83.1,4,0
2.61,Marketing,1,2.1,0.0474,0.7117,20.3,2.8,4,1
4.44,Engineering,1,5.7,0.0891,0.5427,36.1,11.3,3,1
1.26,Operations,1,4.1,0.0458,0.3829,28.3,41.1,4,1
4.94,HR,3,19.5,0.0578,0.3662,10.7,67.1,2,1
8.92,Sales,2,10.2,0.033,0.5304,34.9,48.9,3,0
7.14,Sales,1,5.2,0.0501,0.5029,13.8,20.9,1,1
2.53,Operations,1,2.0,0.0516,0.6586,42.4,63.1,4,0
0.85,Operations,2,11.1,0.0173,0.4202,23.6,86.9,1,1
1.15,Engineering,2,6.7,0.1842,0.6808,20.3,79.5,3,1
5.63,HR,3,12.2,0.0302,0.778,32.0,29.7,2,1
3.24,Marketing,1,10.3,0.0679,0.3474,25.8,90.2,4,0
1.38,Finance,3,4.2,0.0796,0.8544,3.2,38.7,3,0
0.11,Sales,4,13.3,0.0273,0.5137,34.6,89.9,3,1
6.89,HR,2,2.7,0.0583,0.9378,35.8,10.3,3,0
0.58,HR,1,6.5,0.012,0.3457,23.1,93.5,2,1
2.09,Sales,3,7.2,0.043,0.5611,24.0,34.8,5,1
1.1,Operations,1,8.0,0.0631,0.5631,32.4,43.9,3,1
1.47,Sales,1,2.5,0.0155,0.3948,19.1,83.8,4,0
0.28,Marketing,1,18.8,0.0665,0.5506,8.1,69.0,5,0
1.17,Operations,4,4.2,0.0043,0.6916,17.0,55.5,2,0
8.77,Marketing,2,1.6,0.0331,0.5979,32.4,67.9,4,0
2.12,Marketing,4,10.5,0.0703,0.4528,32.5,52.1,1,1
2.04,Engineering,2,28.2,0.0521,0.434,30.2,2.6,5,1
3.1,Engineering,2,1.3,0.0369,0.5087,6.5,47.0,3,0
1.53,Marketing,1,15.5,0.035,0.6086,2.2,60.5,3,0
1.39,Marketing,2,8.4,0.1166,0.2991,4.1,13.1,3,1
0.07,Marketing,1,2.6,0.0797,0.7377,6.9,22.6,5,0
5.48,HR,2,7.1,0.0643,0.5729,5.1,22.9,3,0
4.24,Finance,1,23.7,0.0855,0.8837,4.3,54.1,5,0
1.78,Engineering,2,20.2,0.0279,0.489,25.1,22.5,5,1
3.44,Sales,2,40.5,0.0434,0.3078,0.8,22.7,5,1
1.78,Finance,1,13.8,0.0211,0.7858,8.9,42.5,2,1
0.43,Engineering,1,5.5,0.0347,0.7647,5.9,78.8,4,0
0.55,Engineering,5,15.3,0.0428,0.2373,47.8,27.9,3,1
11.69,Engineering,1,4.6,0.0385,0.7156,25.1,25.2,3,0
4.44,Sales,1,7.6,0.0492,0.2855,13.1,50.3,2,1
1.56,Operations,1,4.6,0.0508,0.72,16.7,35.3,5,0
4.96,Marketing,2,13.7,0.0913,0.7892,12.7,98.1,3,0
2.54,Operations,3,12.9,0.0463,0.9269,60.0,80.6,5,0
5.4,Sales,1,5.0,0.0316,0.4312,9.7,39.2,1,1
3.84,Finance,2,17.8,0.0245,0.5275,13.5,12.0,4,1
4.94,Operations,2,21.7,0.1031,0.3558,20.8,21.8,4,1
0.02,HR,1,5.6,0.0553,0.6433,20.0,78.3,3,0
15.07,Finance,4,11.3,0.0433,0.6684,36.5,45.7,4,0
0.17,Marketing,5,22.6,0.0818,0.5483,28.3,19.5,3,1
1.75,Marketing,1,10.5,0.022,0.8884,26.0,62.5,2,0
0.46,Operations,1,6.5,0.078,0.3274,10.1,63.9,4,0
0.76,Finance,1,7.9,0.0373,0.3,38.9,32.9,4,1
1.84,Finance,1,5.5,0.0657,0.7458,5.9,14.4,4,1
1.54,Operations,2,18.2,0.0349,0.7784,10.5,56.4,5,0
10.11,Marketing,2,16.7,0.0406,0.7832,1.1,56.4,4,0
1.7,HR,2,4.5,0.067,0.6792,8.8,45.7,3,0
10.53,Finance,1,5.2,0.0498,0.6288,6.1,97.0,5,0
3.06,Finance,1,2.1,0.0488,0.7945,28.1,32.1,5,0
1.74,Sales,5,12.4,0.0148,0.5951,0.1,50.3,3,0
3.2,Finance,4,3.1,0.0651,0.7895,14.8,63.5,5,0
3.03,Finance,1,30.7,0.0593,0.4987,8.1,69.1,5,0
1.04,Operations,3,4.1,0.033,0.519,9.0,84.5,4,0
1.02,Finance,2,1.2,0.0812,0.2685,28.4,22.1,5,0
8.03,Engineering,3,2.9,0.0377,0.9277,24.2,86.2,2,0
0.28,Operations,2,10.3,0.0258,0.4414,4.7,10.1,3,0
2.53,Finance,4,7.8,0.0488,0.6574,10.2,6.5,2,1
10.69,Sales,1,4.0,0.0198,0.8329,9.7,87.1,2,0
1.34,Marketing,1,7.5,0.0565,0.4481,37.6,32.5,4,0
5.89,HR,5,5.1,0.0578,0.892,38.6,79.6,2,1
1.3,HR,1,12.2,0.0063,0.6024,1.9,77.4,3,0
10.94,Operations,1,3.2,0.0538,0.3792,4.6,67.5,3,0
0.53,Operations,3,9.2,0.0401,0.8461,0.2,20.5,1,1
1.85,Finance,3,9.5,0.0282,0.4488,2.9,42.5,5,0
2.52,HR,3,8.0,0.0432,0.436,6.8,80.9,5,0
4.79,Operations,3,11.1,0.013,0.5845,27.3,9.8,1,1
3.0,Sales,3,7.4,0.0245,0.7876,33.0,50.6,4,0
5.37,Marketing,1,13.6,0.092,0.7553,7.3,15.4,4,1
0.54,Finance,2,7.9,0.0187,0.8641,1.3,10.2,4,0
5.58,Operations,3,18.7,0.0331,0.9845,8.3,44.1,3,0
8.61,HR,4,9.2,0.0265,0.7576,7.9,31.0,2,0
5.02,Marketing,1,17.9,0.0434,0.822,19.3,82.1,1,1
1.35,Engineering,1,5.1,0.0279,0.7552,23.0,48.8,4,0
0.8,Marketing,3,3.5,0.0406,0.4859,0.9,74.1,3,0
1.11,Engineering,1,13.6,0.0302,0.5094,0.5,66.1,4,0
0.45,Finance,1,8.1,0.08,0.9341,48.2,95.1,4,0
3.83,Sales,3,0.8,0.0533,0.5583,1.3,26.0,4,0
2.79,Operations,2,4.4,0.0109,0.8547,40.9,78.1,4,0
2.8,Marketing,1,10.3,0.0116,0.4591,21.1,18.8,2,1
3.39,Engineering,1,7.5,0.0118,0.6029,0.8,86.2,4,0
8.02,Operations,1,4.2,0.0597,0.7306,6.9,87.4,3,0
0.24,Sales,3,8.0,0.0172,0.9351,18.0,81.7,1,1
1.78,Finance,2,9.0,0.038,0.2625,10.7,32.1,5,0
0.87,Engineering,1,1.6,0.0526,0.6584,2.1,14.7,4,0
4.35,Engineering,2,17.6,0.0644,0.6494,43.4,84.3,4,1
7.43,Sales,1,20.4,0.0051,0.8456,32.2,59.0,3,1
1.19,Finance,1,4.4,0.0124,0.2947,5.0,44.8,4,0
2.2,Finance,1,27.5,0.0434,0.4332,2.8,41.3,3,1
0.17,Operations,2,7.6,0.0313,0.8787,10.2,10.1,3,1
2.22,Engineering,1,4.8,0.0295,0.6718,48.2,64.7,3,1
1.29,Marketing,1,4.7,0.0219,0.9107,5.8,52.1,4,0
3.39,Engineering,2,26.3,0.1059,0.6963,16.0,96.1,2,1
2.34,Sales,2,3.2,0.0086,0.555,50.9,67.5,1,1
5.65,Sales,1,9.2,0.0042,0.2111,36.4,96.6,3,0
1.94,Engineering,1,10.0,0.0469,0.0667,6.3,14.0,3,1
2.23,Finance,1,13.6,0.0368,0.648,20.8,68.2,3,1
6.55,Operations,2,8.6,0.0872,0.4631,11.4,81.4,4,0
2.03,Marketing,3,25.1,0.0394,0.7408,4.3,61.1,1,1
3.46,Operations,1,28.3,0.0605,0.7878,11.1,61.5,4,1
0.89,Finance,3,21.3,0.0309,0.2631,9.0,15.6,3,1
4.98,Engineering,3,10.8,0.0818,0.8323,4.4,32.1,2,1
3.62,HR,1,15.6,0.019,0.1894,8.1,63.3,2,0
3.76,Marketing,1,6.4,0.0538,0.3534,23.0,47.3,2,1
3.95,Engineering,1,18.0,0.023,0.7469,11.6,86.3,5,0
3.3,Engineering,1,5.1,0.0089,0.5456,21.3,77.7,3,0
0.28,Operations,2,3.8,0.0493,0.4915,6.1,53.5,5,0
1.29,Engineering,1,3.7,0.0525,0.5211,1.5,61.2,3,1
7.33,Operations,3,12.4,0.0102,0.7274,2.1,65.6,1,0
6.13,Marketing,2,23.1,0.0367,0.7414,21.8,65.5,1,0
6.02,Finance,3,24.3,0.0086,0.7091,9.1,69.6,3,1
10.27,Finance,3,0.8,0.0336,0.4256,14.3,49.7,5,0
2.94,Engineering,2,16.3,0.0108,0.6324,2.4,12.4,4,1
2.72,HR,4,3.5,0.0049,0.3768,29.3,95.5,4,0
2.43,Marketing,5,35.7,0.014,0.8374,52.4,1.6,3,1
0.24,Operations,2,2.5,0.0077,0.5129,37.1,1.7,3,0
2.58,HR,1,1.6,0.0752,0.767,17.5,93.8,4,0
4.65,Operations,2,16.5,0.0514,0.5335,1.2,49.4,4,0
1.16,Marketing,1,6.1,0.0091,0.2565,3.8,81.8,1,0
7.82,Engineering,2,5.8,0.0843,0.3029,41.9,38.6,4,1
3.52,Finance,2,4.3,0.0314,0.7086,60.0,43.1,4,1
4.19,Finance,2,5.0,0.0109,0.5916,0.9,70.5,3,0
3.29,Finance,3,17.1,0.0963,0.8623,17.7,50.9,3,0
5.97,Marketing,1,3.6,0.009,0.6802,7.1,90.1,4,0
2.17,Operations,2,7.4,0.0267,0.6719,12.4,69.1,3,0
2.73,Finance,1,3.3,0.0266,0.3445,9.7,52.7,3,0
0.96,Sales,3,8.9,0.0478,0.4664,1.2,83.0,4,0
2.53,Operations,2,5.7,0.0328,0.8177,17.9,54.5,5,0
0.95,Operations,1,11.6,0.0273,0.6076,4.9,30.0,2,1
6.32,Marketing,3,12.7,0.1209,0.4823,19.3,12.0,3,1
2.98,Finance,1,23.3,0.015,0.1833,16.3,35.1,1,1
2.94,Engineering,3,34.2,0.0437,0.3997,15.1,63.5,3,1
5.6,HR,2,4.7,0.0711,0.775,15.8,98.2,3,0
0.87,Sales,2,13.8,0.0832,0.6835,46.8,74.6,5,1
0.91,Finance,3,5.6,0.0141,0.6084,15.6,61.9,5,0
10.79,Marketing,4,12.5,0.0776,0.5874,36.3,20.2,2,1
3.22,Sales,3,12.1,0.0689,0.6102,19.7,70.7,5,1
2.97,Operations,2,11.8,0.0239,0.7578,10.9,52.3,2,1
0.06,Engineering,3,14.6,0.012,0.8099,35.7,73.9,3,1
1.74,Engineering,2,9.4,0.0446,0.8566,18.7,36.5,5,0
8.08,Operations,3,6.1,0.0191,0.4017,28.5,47.8,3,1
5.85,Engineering,3,9.0,0.063,0.5029,10.4,52.6,1,1
1.79,Marketing,1,32.5,0.1162,0.6328,5.2,36.2,1,1
3.69,Marketing,1,5.2,0.015,0.3683,20.5,57.9,3,0
1.63,Sales,1,6.5,0.0078,0.2941,13.9,27.6,5,0
2.11,Engineering,1,4.4,0.0814,0.5439,9.0,7.6,1,1
1.52,Sales,2,1.3,0.0047,0.4576,15.3,17.8,2,0
0.86,Engineering,1,7.9,0.0406,0.7465,0.6,49.4,5,0
2.76,Marketing,2,13.1,0.0029,0.8268,1.0,6.7,3,1
2.36,Operations,1,3.8,0.0274,0.6805,9.5,38.7,5,1
10.76,Operations,1,20.9,0.0113,0.8452,8.0,67.6,3,0
0.41,Marketing,3,11.4,0.0852,0.5577,4.2,51.2,4,0
2.09,Marketing,2,17.2,0.0294,0.5219,2.0,55.4,5,0
5.05,Operations,2,10.6,0.0244,0.8827,9.9,72.4,5,0
2.55,Marketing,3,7.3,0.0624,0.4197,12.0,12.1,2,1
9.28,Finance,5,6.2,0.0964,0.3267,4.9,26.4,4,0
1.7,Operations,2,10.3,0.0013,0.6407,6.3,42.3,3,1
0.58,Sales,1,11.0,0.0588,0.6433,21.9,26.8,2,1
7.53,HR,1,5.5,0.0357,0.5662,19.0,43.9,1,0
0.25,Operations,5,7.2,0.0425,0.8448,15.6,89.4,4,0
1.95,Sales,3,28.4,0.0502,0.6746,34.6,11.4,1,1
1.46,Sales,3,9.1,0.0119,0.7369,31.4,29.5,5,0
3.22,Engineering,3,9.8,0.0485,0.6545,2.7,86.7,2,0
4.55,Sales,1,23.9,0.0382,0.4827,2.2,56.5,3,1
2.24,Finance,2,11.1,0.0052,0.389,2.3,97.0,4,0
6.6,Operations,3,8.3,0.0384,0.7487,60.0,17.2,4,1
0.17,Engineering,4,16.8,0.0746,0.3811,10.0,75.6,3,1
1.37,Marketing,1,14.3,0.0235,0.7032,60.0,83.9,4,1
3.06,Marketing,2,10.0,0.1141,0.8048,15.4,95.9,2,0
1.67,Operations,1,10.7,0.186,0.9126,14.9,15.8,3,1
0.54,Marketing,5,6.7,0.0338,0.6609,15.5,53.6,5,0
0.8,Engineering,1,3.1,0.0196,0.7113,19.2,40.3,4,0
1.77,HR,3,12.9,0.0225,0.8551,3.7,60.6,3,0
1.47,Operations,1,2.0,0.0422,0.6074,17.6,7.9,5,0
4.58,Operations,2,3.2,0.0482,0.6345,15.0,47.4,5,0
4.15,Finance,3,7.1,0.0345,0.257,5.0,2.9,3,0
3.92,Operations,1,6.6,0.0191,0.8065,2.0,30.9,5,0
3.4,Marketing,3,13.8,0.0605,0.1953,31.1,82.1,3,0
4.89,Engineering,4,16.4,0.0131,0.6683,58.5,46.7,5,1
10.35,Operations,4,31.1,0.0826,0.5351,3.9,85.1,4,1
1.22,Sales,1,1.7,0.0766,0.7196,18.4,5.8,1,1
7.54,HR,3,11.8,0.0318,0.1929,11.3,70.0,2,0
0.05,Sales,2,11.4,0.0517,0.2811,5.7,6.0,3,1
10.63,Marketing,2,10.4,0.033,0.7205,18.7,15.5,1,0
0.37,Engineering,2,12.8,0.0602,0.86,26.0,80.4,4,1
0.42,Finance,2,14.8,0.0366,0.4574,7.1,2.0,3,1
1.99,Operations,1,21.4,0.0171,0.6476,20.9,38.1,1,1
0.58,Marketing,2,10.7,0.0311,0.3384,14.7,93.6,4,0
0.04,Sales,1,25.8,0.0523,0.9292,0.9,15.5,4,1
0.0,Operations,1,10.7,0.0615,0.6563,39.5,94.8,2,1
1.17,HR,1,5.9,0.0176,0.8672,33.9,19.6,2,1
6.12,Marketing,1,10.0,0.0382,0.9187,6.2,27.0,4,1
0.45,Finance,3,4.1,0.0615,0.9006,22.8,63.8,2,0
3.21,Engineering,2,4.3,0.0294,0.7656,19.2,0.7,1,0
6.04,Engineering,1,7.6,0.0645,0.7462,6.8,70.9,5,0
0.76,Sales,3,6.8,0.0218,0.8236,0.0,90.4,3,0
1.19,Operations,4,21.0,0.0844,0.4167,24.8,35.6,5,1
17.72,Operations,4,7.5,0.0494,0.8223,2.0,60.5,3,0
4.22,HR,3,3.6,0.085,0.6438,22.4,35.7,5,0
2.53,Operations,5,8.7,0.0099,0.3563,17.0,69.2,3,0
6.52,Engineering,2,10.6,0.0487,0.8076,60.0,52.7,4,1
0.38,Operations,5,9.4,0.0193,0.4565,5.1,50.3,5,0
5.42,Sales,4,3.4,0.0295,0.251,12.6,5.2,3,0
4.78,Engineering,1,22.5,0.0952,0.4,0.9,66.2,1,1
1.59,Marketing,4,1.5,0.0143,0.7449,9.3,50.6,3,0
1.27,HR,3,9.3,0.0637,0.2633,26.2,32.1,4,0
2.88,Sales,3,3.3,0.0168,0.7775,2.1,48.0,4,0
5.08,Marketing,4,17.5,0.0575,0.8248,32.7,33.0,5,1
5.62,Sales,2,11.8,0.0521,0.5795,1.5,27.1,3,1
7.91,Marketing,2,10.6,0.0425,0.5698,2.6,12.1,1,1
0.7,Sales,2,7.1,0.0115,0.6902,3.4,22.0,2,1
0.97,Engineering,3,21.2,0.0144,0.4617,22.1,13.0,2,1
4.73,Sales,4,7.1,0.0586,0.1157,9.3,1.0,3,1
0.71,Finance,4,27.3,0.0851,0.3767,4.3,73.8,3,1
0.03,Sales,3,4.2,0.0409,0.3021,17.6,9.4,2,1
0.83,Engineering,5,8.7,0.0435,0.4246,13.2,39.5,2,0
1.27,Marketing,1,14.5,0.026,0.8286,14.0,64.7,4,1
1.28,HR,5,12.4,0.1168,0.908,27.3,70.8,4,0
3.94,HR,1,8.2,0.0729,0.4473,10.4,7.7,5,1
3.55,Sales,2,1.7,0.1426,0.7901,34.0,88.1,3,1
2.07,Engineering,1,9.8,0.0551,0.7164,6.7,8.9,4,0
4.55,Engineering,2,6.4,0.0312,0.4777,6.3,51.3,4,0
2.35,Marketing,2,5.2,0.0321,0.7591,33.8,82.2,5,0
3.67,Engineering,1,15.1,0.0676,0.7636,41.3,45.8,4,1
11.01,Sales,2,1.4,0.0088,0.3917,2.3,100.0,2,0
4.95,Operations,3,8.4,0.096,0.828,2.6,70.6,3,0
1.1,HR,1,0.4,0.0409,0.7097,0.7,33.9,4,0
0.6,Marketing,3,12.5,0.053,0.4247,5.0,7.6,4,0
9.95,HR,1,15.2,0.0333,0.7991,17.8,82.5,1,0
3.78,Operations,1,9.7,0.0595,0.7791,19.0,87.0,4,0
6.25,Marketing,1,5.9,0.0804,0.9389,3.0,63.1,2,0
3.05,HR,2,21.0,0.0023,0.7156,1.7,33.1,5,0
3.05,Marketing,3,22.0,0.0601,0.2902,16.7,56.6,5,1
20.0,HR,2,11.0,0.0155,0.4188,7.4,0.3,5,0
8.69,Operations,3,24.2,0.0198,0.827,6.1,41.7,5,1
0.23,HR,2,4.2,0.0733,0.8347,4.4,98.6,5,0
0.66,Operations,3,7.8,0.0458,0.844,12.6,21.3,3,0
1.57,Finance,5,0.7,0.0072,0.7359,4.8,68.3,4,0
1.49,Finance,2,3.1,0.0142,0.9303,18.4,10.5,2,0
0.69,HR,1,2.9,0.0449,0.5856,60.0,73.0,3,1
3.88,Marketing,1,12.4,0.0109,0.8637,53.9,44.0,2,1
1.94,Marketing,2,3.3,0.0749,0.3249,32.4,34.1,4,1
7.6,Marketing,2,4.9,0.1032,0.536,1.0,50.6,1,1
1.53,Marketing,1,5.4,0.0156,0.7763,5.6,81.9,5,1
2.61,Engineering,4,2.6,0.0267,0.9559,13.8,83.8,5,0
1.92,Operations,5,9.1,0.0525,0.8362,16.1,35.3,5,0
3.72,Operations,1,10.4,0.0114,0.497,33.9,63.3,1,1
1.01,Sales,1,2.0,0.0139,0.4533,36.5,32.3,5,0
6.19,Operations,1,13.8,0.0105,0.6767,16.1,45.2,3,1
11.97,Finance,2,3.9,0.0193,0.5302,27.5,65.6,2,0
0.24,Sales,4,5.4,0.0523,0.7496,4.0,25.6,4,0
0.02,Sales,2,11.9,0.0703,0.7683,12.3,32.5,2,0
1.86,HR,1,5.4,0.0769,0.8801,36.9,16.6,5,0
2.71,Engineering,2,3.2,0.0521,0.7563,5.6,60.2,5,0
4.54,Marketing,1,8.7,0.038,0.8553,8.8,84.6,4,0
1.87,Marketing,2,17.6,0.0623,0.627,2.1,91.8,3,0
2.18,Marketing,2,16.2,0.0696,0.4245,7.5,94.3,5,0
3.25,Finance,2,5.0,0.0667,0.3041,26.7,78.0,4,0
1.76,HR,2,3.7,0.0318,0.5946,29.1,47.3,1,0
11.95,Marketing,4,4.4,0.0295,0.574,4.8,81.2,3,0
0.23,Operations,1,16.3,0.0221,0.3308,11.0,25.6,3,1
0.42,Engineering,3,4.3,0.034,0.8252,60.0,51.1,5,1
2.61,HR,1,23.4,0.0301,0.3169,3.5,91.8,5,1
1.08,Operations,1,11.8,0.0617,0.5382,6.1,57.8,4,0
6.05,Operations,4,8.0,0.0809,0.8214,8.6,61.1,2,0
1.49,Operations,3,4.9,0.0421,0.3311,11.2,62.1,4,0
0.8,Sales,1,8.8,0.1007,0.889,13.0,80.4,3,1
0.62,HR,2,3.1,0.0698,0.7221,14.4,8.4,3,1
3.39,Engineering,3,2.0,0.0222,0.6374,9.2,37.4,5,0
0.63,Operations,4,11.9,0.0294,0.272,3.7,93.7,5,0
1.98,Finance,2,7.9,0.0613,0.5937,19.1,96.5,3,0
4.0,Sales,1,14.2,0.0117,0.4463,33.7,55.9,5,1
4.52,Engineering,2,10.1,0.0385,0.5814,30.2,30.0,2,1
1.68,Marketing,1,4.8,0.0413,0.3022,17.9,85.2,2,1
0.17,Marketing,1,16.2,0.0653,0.3629,32.5,89.1,4,1
1.58,Operations,2,5.3,0.0144,0.6845,2.5,29.7,4,0
1.9,Operations,3,19.4,0.0183,0.5127,18.7,73.4,4,0
2.17,Marketing,1,5.2,0.0397,0.2079,17.6,95.1,2,0
0.96,Marketing,3,2.4,0.097,0.8373,16.5,43.2,3,0
14.72,Marketing,3,21.8,0.0334,0.7115,6.9,8.2,4,1
4.84,Operations,3,5.0,0.0731,0.7142,19.1,83.4,4,0
0.33,HR,1,5.4,0.0934,0.8082,28.7,67.4,3,0
0.3,Marketing,2,2.5,0.1759,0.4584,8.6,75.8,4,0
2.09,Marketing,1,7.4,0.0181,0.7761,20.2,66.0,4,0
5.61,Engineering,1,2.8,0.0349,0.6015,6.9,42.0,4,1
0.3,Marketing,1,20.9,0.071,0.8824,12.3,96.5,4,0
5.65,HR,1,6.0,0.0256,0.6174,6.9,62.2,3,0
3.75,Engineering,1,3.7,0.0171,0.7488,46.4,52.5,3,1
5.84,Sales,1,8.5,0.1346,0.4443,40.4,55.7,1,1
6.05,Engineering,4,33.6,0.0099,0.3739,1.4,76.4,1,1
4.85,Operations,3,8.8,0.051,0.5308,23.4,60.9,4,0
3.31,Marketing,1,6.7,0.0133,0.4034,11.0,7.4,5,0
7.33,Engineering,4,8.3,0.0182,0.3851,20.7,27.8,4,1
3.5,Finance,1,14.7,0.0446,0.6917,15.0,51.3,4,0
2.98,Finance,2,13.8,0.0742,0.6523,45.6,16.5,4,1
2.63,Finance,3,9.9,0.0778,0.8993,34.1,85.6,5,0
4.9,Finance,2,16.6,0.0056,0.8863,60.0,77.7,5,0
1.22,Operations,1,8.7,0.1001,0.2131,15.3,75.7,5,0
15.03,Finance,2,7.2,0.0779,0.8203,22.0,46.8,1,1
5.63,Finance,2,8.5,0.026,0.8489,5.0,29.0,4,0
0.63,Finance,2,5.2,0.039,0.4863,8.4,83.8,4,0
4.44,HR,2,14.9,0.0285,0.7947,60.0,35.3,2,1
4.62,Operations,2,5.0,0.0662,0.7469,26.5,55.9,3,1
0.46,HR,1,1.1,0.0245,0.7328,3.6,29.3,2,0
1.96,Marketing,2,2.0,0.0402,0.2268,31.0,98.3,3,0
1.2,Finance,1,10.7,0.0438,0.697,16.3,70.8,3,0
0.7,Marketing,4,4.3,0.0889,0.2882,20.8,96.5,2,0
1.03,Marketing,3,14.0,0.0319,0.867,16.7,96.1,3,0
4.79,Marketing,2,8.0,0.1445,0.7876,11.3,20.9,2,1
2.47,Finance,3,14.8,0.0555,0.8221,6.0,73.1,5,0
1.22,Finance,1,1.2,0.0354,0.5925,17.3,46.6,2,0
0.81,Finance,1,5.0,0.0262,0.7961,4.5,63.0,4,0
6.31,HR,2,3.6,0.0407,0.6003,3.2,46.6,3,0
2.16,Marketing,2,38.0,0.0662,0.4426,47.1,5.7,3,1
4.23,Operations,3,5.7,0.0179,0.4187,9.6,68.1,3,0
1.94,Marketing,5,2.0,0.0274,0.5516,54.7,48.7,5,1
1.05,Marketing,2,10.5,0.0832,0.3407,2.3,13.4,4,0
4.9,Marketing,2,3.3,0.0197,0.8317,30.3,65.5,1,0
2.53,HR,2,15.9,0.0334,0.5306,12.6,15.9,5,0
3.62,Engineering,1,17.8,0.0167,0.5666,6.1,87.7,4,0
6.62,HR,1,3.7,0.0501,0.6194,5.0,2.1,2,0
9.01,Marketing,5,4.4,0.0467,0.4501,19.3,42.1,3,0
4.46,Marketing,3,9.8,0.0706,0.9305,8.0,34.3,2,0
3.42,Finance,5,16.2,0.0118,0.626,6.9,88.3,4,0
5.57,Marketing,1,10.7,0.0787,0.8036,14.6,74.4,3,0
1.13,Engineering,1,5.7,0.0609,0.7742,1.0,26.4,1,1
1.36,Finance,2,2.4,0.0115,0.5079,22.0,33.9,4,0
4.59,Marketing,4,24.8,0.0132,0.382,12.1,63.6,2,1
1.35,Finance,1,10.8,0.0538,0.6486,19.1,96.8,4,0
1.33,Marketing,1,28.4,0.0069,0.7717,0.9,40.6,5,0
7.44,HR,1,12.0,0.0339,0.235,13.3,83.5,2,1
5.92,Finance,3,26.0,0.0475,0.3818,0.2,71.8,3,0
1.39,Finance,3,4.1,0.0049,0.7045,41.2,70.6,1,0
2.12,Marketing,3,4.4,0.035,0.8472,2.9,23.9,3,1
6.1,Sales,1,7.0,0.0374,0.4302,21.2,3.0,5,1
0.35,Sales,3,3.8,0.0379,0.8693,6.5,47.0,2,1
4.47,HR,2,1.7,0.0405,0.5508,6.9,60.9,2,0
0.66,Sales,1,4.8,0.0151,0.8507,0.5,47.8,4,0
6.84,HR,1,11.9,0.0614,0.1371,3.8,38.4,4,1
2.24,HR,2,2.7,0.0348,0.7943,60.0,28.9,2,1
0.61,Sales,1,3.0,0.0223,0.5758,1.4,85.9,2,0
0.0,HR,5,5.0,0.007,0.6961,1.4,17.0,1,0
0.11,Finance,2,3.4,0.0294,0.7472,9.1,0.5,1,0
1.39,Marketing,2,5.3,0.0543,0.6035,35.5,10.8,3,1
5.38,Sales,3,7.4,0.0451,0.437,15.2,44.3,2,0
0.13,Operations,3,2.9,0.0231,0.472,15.1,56.0,3,0
4.68,HR,1,5.1,0.0606,0.6183,18.8,69.8,5,0
7.83,Marketing,2,7.9,0.0592,0.9015,0.6,56.1,1,0
1.5,Engineering,1,4.0,0.0388,0.6599,37.5,63.5,4,0
4.68,Sales,2,2.4,0.0115,0.8494,23.7,11.7,3,0
0.06,HR,3,4.2,0.033,0.7244,12.7,43.9,3,0
0.45,HR,2,6.0,0.0358,0.3411,36.2,71.0,5,1
1.0,HR,2,1.6,0.0659,0.2178,36.2,32.4,4,0
1.94,Engineering,1,12.0,0.0472,0.9372,15.6,25.7,1,1
4.33,HR,2,6.2,0.0466,0.9719,16.7,27.6,4,0
6.09,Marketing,1,4.2,0.1077,0.3558,60.0,37.9,4,1
1.66,Marketing,4,1.9,0.0304,0.4646,21.9,0.4,4,0
2.52,Sales,2,10.9,0.0253,0.6412,12.0,90.4,2,0
14.05,HR,4,17.9,0.0271,0.4731,20.4,20.6,3,0
2.77,Finance,2,4.9,0.1312,0.8646,5.6,85.7,5,0
1.86,Finance,3,26.8,0.0355,0.4702,16.1,5.6,3,1
6.03,Marketing,1,7.6,0.0285,0.5653,4.7,27.9,4,0
19.11,HR,1,7.8,0.0454,0.3521,10.0,54.3,4,0
1.89,Marketing,1,14.5,0.0089,0.0951,29.8,14.4,4,1
3.86,Operations,1,11.3,0.0302,0.9063,26.9,98.7,4,0
8.62,Sales,4,2.7,0.0298,0.5292,1.7,56.2,2,0
1.57,Marketing,3,4.8,0.0741,0.9104,42.4,80.7,5,0
2.06,Sales,2,16.2,0.0394,0.4355,57.6,27.8,1,1
2.72,HR,2,11.5,0.0204,0.4228,5.0,19.0,3,1
3.0,Finance,2,26.9,0.1219,0.7991,2.9,84.7,5,1
4.68,Finance,2,10.3,0.059,0.5994,9.4,22.1,4,1
4.2,Finance,3,11.8,0.0325,0.8254,7.2,38.3,3,0
1.91,Sales,2,4.2,0.0638,0.2571,27.1,74.1,5,0
8.99,Engineering,3,17.7,0.0291,0.7385,3.5,23.4,1,0
1.99,Operations,1,0.7,0.0682,0.6815,8.1,65.5,3,0
0.94,Operations,5,8.9,0.0153,0.8225,18.7,95.6,5,0
3.42,Operations,1,12.0,0.0355,0.8905,36.0,53.8,4,1
6.42,Finance,2,9.8,0.0313,0.8973,5.7,27.0,3,0
1.09,Operations,4,7.7,0.0498,0.873,6.7,94.0,5,0
3.13,HR,1,7.0,0.0623,0.3538,43.8,91.6,4,0
1.4,Engineering,1,7.9,0.0466,0.1976,31.2,62.4,5,0
0.12,Sales,2,3.1,0.0266,0.5914,11.0,75.1,4,0
0.97,Sales,2,9.7,0.02,0.4776,10.2,75.2,1,1
4.1,HR,4,4.2,0.0402,0.7656,16.5,44.5,5,0
4.92,Operations,3,5.0,0.0196,0.7047,19.6,26.5,5,0
0.93,Sales,2,2.8,0.0105,0.7685,2.2,6.7,4,0
3.48,Finance,5,43.6,0.0269,0.8573,1.3,4.7,2,0
1.96,Sales,2,9.2,0.0601,0.6146,46.9,5.3,5,0
3.25,Finance,4,2.3,0.0259,0.6553,55.5,23.9,4,1
0.14,Finance,1,8.5,0.0203,0.4568,11.1,11.3,1,0
0.55,Engineering,2,17.6,0.037,0.4237,19.0,4.8,3,1
0.76,HR,1,9.6,0.0263,0.5436,19.5,58.3,5,0
1.2,Engineering,1,7.5,0.0438,0.8394,18.9,34.0,4,1
1.92,Operations,3,3.9,0.0377,0.4341,11.5,99.9,4,0
1.99,Marketing,1,9.7,0.0115,0.917,4.9,66.8,4,0
1.95,Operations,2,13.4,0.0242,0.6948,35.0,93.9,4,0
0.49,Operations,3,13.5,0.0148,0.5215,2.4,6.5,4,0
10.12,Sales,1,9.0,0.0687,0.593,13.3,26.2,2,1
1.47,Marketing,2,9.0,0.0115,0.4616,25.8,78.1,3,0
2.81,Engineering,3,19.6,0.0553,0.6309,3.5,61.8,5,1
6.94,Operations,4,18.2,0.0355,0.3225,10.5,36.2,3,1
0.48,Marketing,1,6.7,0.0061,0.8759,11.5,84.1,3,0
2.93,Marketing,5,25.4,0.0085,0.3238,47.4,50.0,2,1
1.74,Operations,3,2.3,0.0116,0.8691,5.8,91.6,5,0
5.87,Operations,3,9.3,0.0464,0.8377,0.3,54.7,3,1
2.31,Operations,2,10.0,0.0519,0.5945,15.6,58.8,4,0
1.51,Engineering,3,3.7,0.0154,0.8587,26.1,31.0,3,0
0.05,Engineering,3,1.8,0.0156,0.4898,42.4,8.0,3,1
9.46,Operations,1,3.8,0.1412,0.4268,8.9,1.3,2,1
0.4,Sales,5,15.3,0.1703,0.8183,13.7,28.9,5,1
3.42,HR,4,15.7,0.0255,0.5134,2.0,85.0,3,0
1.3,Engineering,2,12.9,0.0873,0.3468,14.1,33.8,3,1
11.53,Finance,3,4.3,0.0776,0.7545,2.0,83.4,2,0
0.58,Marketing,2,15.8,0.008,0.888,0.0,99.1,4,0
9.49,Operations,3,4.6,0.0918,0.5977,45.6,43.1,1,0
14.48,Finance,3,9.7,0.0145,0.6053,13.7,43.6,4,0
1.11,Finance,1,7.9,0.0432,0.5465,11.3,85.1,4,0
0.39,Finance,1,5.8,0.0104,0.5672,13.8,56.0,4,0
3.72,HR,1,12.4,0.0221,0.3647,40.8,83.2,1,1
1.07,Finance,4,14.2,0.0536,0.3127,21.0,70.2,4,0
1.37,Operations,2,4.1,0.0505,0.6037,60.0,37.5,1,1
4.73,Sales,4,8.2,0.0475,0.1113,21.0,64.6,5,0
7.42,HR,2,13.7,0.0716,0.6416,7.6,2.8,4,0
3.25,Finance,1,0.3,0.0216,0.8276,11.7,50.1,2,0
5.75,Finance,4,10.7,0.0524,0.5067,17.4,9.0,4,1
0.43,Engineering,2,13.9,0.0041,0.5089,36.1,55.2,5,0
8.76,Sales,2,11.0,0.0949,0.7598,21.2,81.2,2,0
0.48,Finance,1,11.4,0.095,0.194,6.3,16.0,1,1
0.42,Marketing,1,7.4,0.0657,0.9362,16.0,39.5,3,0
1.07,Marketing,1,13.3,0.0772,0.6,14.0,54.6,2,1
2.62,Operations,2,2.6,0.0671,0.491,17.3,20.2,4,0
0.64,Marketing,2,3.8,0.0333,0.6397,5.1,3.3,5,1
9.02,Finance,1,11.3,0.0762,0.6589,39.4,0.1,3,1
0.88,Sales,1,13.3,0.0095,0.8328,6.2,25.5,5,1
7.51,HR,1,17.7,0.0224,0.6181,2.6,30.7,2,1
8.74,Marketing,2,22.9,0.0151,0.3065,10.1,46.5,5,1
1.99,HR,5,4.4,0.0185,0.7167,2.5,84.8,3,0
7.86,Marketing,2,3.1,0.0573,0.8124,11.5,41.6,5,0
5.83,Engineering,1,15.1,0.0405,0.8024,6.5,8.3,5,1
1.83,Engineering,2,5.6,0.0418,0.2342,12.6,32.7,3,1
5.87,Sales,4,7.7,0.0312,0.2841,7.6,30.6,1,1
4.03,Sales,3,14.0,0.0126,0.8409,5.8,57.0,3,0
1.16,Finance,3,9.3,0.0698,0.7781,21.0,64.9,3,0
13.01,Finance,4,13.0,0.0282,0.7602,0.3,0.1,5,0
3.4,Finance,2,4.0,0.1015,0.7616,20.0,54.0,4,0
6.54,Sales,5,10.1,0.0584,0.5587,11.4,24.6,4,0
1.97,Finance,1,9.9,0.0305,0.441,33.0,76.2,4,0
3.74,Engineering,3,17.4,0.0301,0.4936,11.5,33.7,3,1
0.99,HR,4,20.1,0.0981,0.7486,16.6,91.6,4,1
1.28,Engineering,4,5.5,0.0891,0.313,13.7,39.7,3,0
5.02,Engineering,2,3.4,0.049,0.7469,24.3,35.0,4,0
7.12,Engineering,3,13.5,0.0212,0.9787,18.2,13.4,4,1
14.35,Engineering,1,1.6,0.1024,0.6243,60.0,17.5,4,1
2.45,HR,2,14.2,0.0043,0.6497,0.6,67.4,2,0
0.1,Finance,2,15.0,0.0278,0.5058,60.0,57.1,4,1
0.64,Finance,2,5.1,0.0256,0.7648,17.1,55.0,2,0
0.67,HR,3,0.5,0.0161,0.769,43.4,13.3,3,1
11.68,Sales,1,16.1,0.0517,0.4993,14.7,10.6,4,1
1.31,Engineering,1,21.1,0.0327,0.6657,6.8,43.8,3,1
1.36,Marketing,1,20.1,0.0573,0.6299,13.4,95.3,1,0
9.49,Operations,3,20.6,0.032,0.394,5.8,42.0,5,0
2.77,Sales,3,2.4,0.0349,0.5131,3.5,90.4,2,0
1.51,Sales,3,8.4,0.0451,0.3848,60.0,96.8,3,1
0.11,Sales,1,9.9,0.0642,0.2957,24.6,11.1,3,1
0.35,Sales,3,8.8,0.0748,0.7573,5.2,92.4,3,0
0.86,Sales,3,13.1,0.0107,0.6937,24.0,72.1,1,1
0.94,HR,1,3.2,0.004,0.1128,11.5,9.5,3,0
2.12,Marketing,1,1.6,0.0241,0.6568,60.0,72.8,2,0
3.17,Marketing,2,1.1,0.0173,0.7812,1.9,49.3,2,0
0.98,Operations,2,16.3,0.021,0.3396,34.1,14.0,2,1
3.04,HR,1,2.4,0.0381,0.6776,40.8,23.8,5,1
1.96,HR,1,8.8,0.0863,0.9764,14.0,70.8,2,0
6.23,HR,1,4.9,0.0029,0.9234,0.6,31.9,3,0
2.68,Engineering,1,5.1,0.014,0.6528,9.3,95.2,4,0
2.45,HR,1,6.9,0.033,0.5574,11.7,82.0,1,0
1.69,Sales,3,5.3,0.0056,0.6179,11.4,55.4,4,0
2.34,HR,2,1.6,0.1255,0.3099,60.0,62.6,3,1
1.28,Engineering,2,6.9,0.1842,0.8888,8.2,91.9,5,0
1.01,Marketing,3,4.1,0.0148,0.5869,28.8,32.1,2,1
3.03,Operations,2,3.9,0.0181,0.7254,19.5,80.9,1,1
1.42,Operations,1,25.2,0.0387,0.4698,60.0,44.9,2,1
1.36,Engineering,1,2.0,0.0709,0.8432,1.4,87.1,3,0
11.17,Engineering,1,6.6,0.0483,0.8252,14.4,6.5,2,1
4.05,Operations,2,9.4,0.0844,0.6335,28.1,71.8,4,1
1.78,Operations,2,25.2,0.1419,0.7061,1.2,80.9,4,1
3.88,Finance,2,2.9,0.0388,0.6301,31.9,61.3,4,0
6.3,Sales,2,19.4,0.0444,0.5968,3.7,29.4,3,1
13.85,Finance,5,6.8,0.0116,0.6938,25.0,14.8,3,0
2.92,Finance,1,7.0,0.0111,0.4541,52.8,73.9,2,1
0.2,Operations,2,12.5,0.0289,0.7078,7.3,12.8,5,1
2.51,Finance,2,21.5,0.0354,0.6759,0.1,84.4,3,1
0.3,Engineering,3,5.3,0.0592,0.1339,28.1,50.1,5,0
11.96,Marketing,3,9.9,0.0266,0.3709,17.9,38.2,5,0
0.55,Marketing,3,8.9,0.0131,0.9371,25.5,23.7,3,0
0.25,Sales,1,8.6,0.0258,0.7425,0.5,1.6,5,0
8.09,Engineering,2,14.1,0.0425,0.4199,3.8,90.5,5,0
2.02,Engineering,3,4.3,0.1007,0.8888,17.1,60.4,4,0
2.52,Operations,2,5.9,0.0627,0.3777,3.1,70.1,5,0
2.05,HR,5,1.6,0.1002,0.5395,0.9,97.4,3,0
9.29,Finance,2,11.8,0.0319,0.5908,59.8,21.9,4,1
3.05,Operations,2,8.3,0.0256,0.5716,7.1,6.3,3,0
2.25,Engineering,2,21.2,0.0139,0.9021,10.6,48.5,5,0
0.4,Sales,2,2.8,0.0606,0.3809,15.4,42.1,4,1
10.25,Marketing,3,27.4,0.0147,0.8018,5.9,6.4,2,1
0.92,Finance,1,13.3,0.0553,0.6036,23.1,47.2,4,1
9.67,Engineering,2,12.9,0.0167,0.5163,0.5,54.1,4,0
0.17,Marketing,2,4.8,0.0556,0.6623,7.4,11.7,5,0
7.15,Engineering,4,6.4,0.1012,0.8555,53.4,69.5,1,0
1.96,Marketing,2,5.5,0.0223,0.7427,5.6,34.6,4,0
15.17,Marketing,5,18.6,0.0078,0.7504,4.2,56.4,4,0
6.22,Marketing,4,1.4,0.1001,0.9117,1.9,63.7,4,0
0.45,HR,1,7.2,0.0389,0.8795,3.5,35.8,4,0
0.48,Sales,4,7.6,0.0509,0.8364,4.7,73.5,3,0
1.38,Operations,5,5.4,0.0353,0.7072,60.0,65.5,1,0
12.26,Finance,1,3.5,0.0439,0.9417,4.3,5.8,3,0
3.14,Finance,2,0.7,0.0168,0.3705,28.6,13.4,4,1
3.09,Engineering,1,7.2,0.0117,0.7302,3.3,4.5,1,0
6.24,Finance,2,11.8,0.0767,0.5492,5.3,87.0,5,0
4.31,Finance,1,8.3,0.0077,0.7015,25.8,34.9,3,0
4.16,Sales,3,3.5,0.0275,0.7714,1.7,53.1,1,1
6.71,Marketing,2,7.7,0.0398,0.4116,14.1,52.8,5,1
2.97,Engineering,2,21.3,0.0466,0.8202,13.4,47.3,2,1
4.62,Marketing,1,4.5,0.1107,0.6326,3.8,40.0,1,0
1.74,Operations,3,9.2,0.0409,0.3126,16.8,34.5,1,1
2.64,Finance,2,10.2,0.0679,0.8452,16.0,25.9,4,0
3.4,Engineering,2,2.2,0.1108,0.8604,9.9,23.6,3,0
1.76,Finance,1,6.1,0.0559,0.1589,6.3,64.6,5,1
6.04,Finance,1,6.2,0.0342,0.5651,1.6,70.3,4,0
8.34,Finance,2,8.0,0.0171,0.1304,37.2,24.4,3,1
0.64,Sales,4,18.2,0.0061,0.973,7.3,13.7,4,0
6.44,Finance,1,2.7,0.0799,0.6569,3.9,77.2,5,0
0.24,Sales,3,19.0,0.0167,0.792,60.0,7.4,5,1
0.82,Finance,1,12.4,0.0638,0.6595,45.5,55.2,2,1
2.96,Finance,3,27.9,0.0574,0.5758,14.6,48.6,5,0
6.76,Finance,1,1.0,0.0075,0.5828,12.7,69.6,3,0
12.79,Marketing,2,38.2,0.0875,0.6389,8.0,79.6,3,1
3.65,Operations,2,2.1,0.0213,0.4747,14.6,92.2,4,0
0.21,Marketing,1,3.8,0.004,0.9091,9.6,27.4,4,0
5.34,Marketing,1,3.8,0.0406,0.4432,24.1,3.8,3,1
0.81,Operations,2,12.0,0.0167,0.5378,60.0,56.9,4,0
0.88,Sales,2,6.6,0.0512,0.8402,10.1,38.3,2,0
0.33,Sales,5,4.3,0.0459,0.6804,0.3,44.4,3,0
2.32,Finance,2,24.5,0.0031,0.5697,23.1,84.1,5,0
1.41,HR,4,0.8,0.0169,0.3797,44.4,36.1,3,0
7.16,Marketing,2,15.9,0.1353,0.4688,1.7,53.9,4,0
4.43,Engineering,1,7.5,0.0394,0.6283,60.0,13.6,1,1
1.54,Engineering,1,4.3,0.0503,0.4345,22.8,79.3,1,0
1.27,Marketing,2,4.7,0.0108,0.2206,3.4,49.0,1,1
2.51,Marketing,1,6.1,0.0058,0.7543,24.6,32.6,4,0
1.01,Sales,4,3.9,0.0409,0.3353,2.8,43.7,1,0
0.18,Sales,3,14.2,0.0237,0.5038,1.9,24.0,4,1
1.54,Finance,2,5.6,0.0223,0.4778,7.6,56.2,3,0
1.01,HR,2,12.7,0.0485,0.7316,2.7,22.6,2,1
4.58,Sales,2,4.8,0.0281,0.5449,36.5,35.9,4,0
3.7,Finance,2,9.1,0.044,0.7843,2.0,8.7,4,0
0.9,Marketing,1,9.1,0.1682,0.5857,13.4,30.0,5,1
6.98,Marketing,1,8.0,0.089,0.6384,3.6,38.2,4,0
2.89,Marketing,1,19.4,0.016,0.8742,12.7,77.8,3,0
10.55,Finance,1,20.7,0.0071,0.7608,14.4,64.9,2,0
5.21,Operations,3,13.6,0.07,0.7503,6.8,11.8,4,0
8.13,Sales,1,16.8,0.003,0.5705,18.5,60.2,3,1
11.12,Engineering,1,13.1,0.0091,0.9667,15.1,44.3,2,1
1.81,Engineering,4,5.3,0.0647,0.442,33.3,41.6,4,0
3.85,Operations,5,7.0,0.0838,0.9453,24.5,10.4,4,0
0.61,Finance,2,1.0,0.0247,0.2984,12.5,58.5,3,0
0.97,Sales,2,3.3,0.0658,0.4089,26.2,17.5,4,1
0.8,Operations,3,2.1,0.0193,0.5574,15.6,27.9,1,0
2.16,Sales,1,4.2,0.007,0.4978,2.8,82.0,4,0
4.36,Finance,2,9.7,0.045,0.8053,0.4,5.7,2,1
2.95,Sales,1,5.1,0.1094,0.9507,4.7,78.0,4,0
0.1,Engineering,2,14.6,0.0453,0.8919,13.0,39.0,3,1
0.85,Sales,5,3.4,0.045,0.8361,15.9,28.5,2,1
4.37,Sales,3,12.3,0.0973,0.7459,1.0,50.4,1,1
3.55,Finance,5,3.2,0.0143,0.5527,33.8,26.6,5,0
1.12,Engineering,3,18.5,0.0134,0.7171,24.8,84.3,5,1
1.28,Sales,2,3.4,0.0642,0.4985,51.7,4.5,3,1
5.28,Finance,3,11.0,0.0356,0.8046,9.8,67.1,4,0
2.57,HR,3,4.3,0.0414,0.4607,25.8,80.6,5,0
3.18,Finance,2,22.9,0.0277,0.3696,11.0,21.5,1,1
1.99,Finance,1,22.2,0.0037,0.6465,12.4,77.1,4,0
4.77,Operations,2,10.8,0.0192,0.6317,25.7,45.1,3,0
7.8,Operations,1,10.6,0.0158,0.4342,33.5,98.9,2,0
11.74,Sales,2,13.9,0.0894,0.9073,20.5,37.7,3,0
3.93,Marketing,1,12.2,0.0367,0.3032,3.1,32.2,5,0
1.81,Finance,2,15.2,0.1253,0.6313,15.2,89.3,4,1
0.55,Finance,1,3.4,0.1048,0.6937,20.1,66.0,4,0
0.13,Marketing,1,8.0,0.048,0.5048,45.7,77.2,4,0
10.82,Engineering,2,4.6,0.0347,0.533,22.2,41.6,3,0
4.73,HR,1,22.0,0.1098,0.8019,7.2,49.2,4,1
1.74,Marketing,5,2.5,0.0201,0.384,22.4,98.2,4,0
3.35,Operations,2,24.7,0.0424,0.4185,27.8,54.0,3,1
6.61,Engineering,2,8.1,0.075,0.3075,60.0,74.7,2,1
13.6,HR,1,15.4,0.0289,0.6064,46.7,97.9,1,1
0.77,Sales,3,5.1,0.0267,0.7505,8.8,72.7,4,0
3.17,Sales,2,2.3,0.0623,0.7074,20.2,71.5,4,1
5.57,Engineering,2,21.4,0.0779,0.8271,19.1,11.6,3,1
16.27,Finance,1,11.5,0.1007,0.8238,3.8,21.2,2,1
4.97,Marketing,3,2.7,0.0397,0.309,2.8,78.2,4,0
3.42,Finance,4,7.3,0.054,0.6991,21.4,98.3,3,0
4.04,HR,2,6.8,0.0734,0.8661,22.6,43.4,4,1
1.24,Marketing,1,11.2,0.0595,0.924,22.0,76.2,4,1
4.02,Finance,1,3.3,0.0524,0.1285,7.6,1.1,5,1
6.94,Operations,1,2.7,0.0457,0.6576,2.4,12.4,1,1
1.08,HR,3,8.8,0.0184,0.5242,7.3,7.9,4,0
9.42,Sales,5,3.5,0.0138,0.6627,60.0,10.6,4,0
0.39,HR,5,21.9,0.0906,0.3954,5.0,5.8,3,1
1.71,Finance,3,14.4,0.062,0.6422,15.7,2.5,4,1
0.63,HR,1,14.1,0.0402,0.8132,4.9,67.1,3,1
0.3,Marketing,5,0.9,0.0224,0.5793,10.5,44.0,4,0
12.87,Engineering,1,5.3,0.0628,0.6386,7.3,54.2,4,0
1.11,Finance,1,6.2,0.1393,0.4718,29.9,34.1,5,0
2.52,HR,3,3.0,0.0047,0.4091,4.4,40.1,5,0
3.44,Sales,1,12.2,0.031,0.6484,0.8,16.0,5,0
0.49,Finance,3,11.0,0.0128,0.5985,16.7,64.2,4,0
1.21,Marketing,5,13.7,0.0136,0.5394,8.8,13.3,4,0
1.14,Finance,3,16.6,0.0829,0.842,17.0,88.1,4,0
1.3,Engineering,3,16.0,0.0647,0.7581,20.0,28.2,4,1
2.31,Engineering,2,40.3,0.0238,0.7509,27.7,26.1,5,1
1.42,HR,1,7.8,0.0092,0.496,6.7,19.7,3,0
5.9,Marketing,3,6.8,0.0515,0.8573,60.0,10.7,4,1
2.52,Sales,2,12.1,0.0642,0.5361,0.6,25.1,2,1
1.83,Sales,4,18.6,0.027,0.7062,28.8,99.8,2,0
0.91,Operations,1,1.6,0.0431,0.8049,13.8,2.4,4,0
5.03,Engineering,1,4.0,0.0301,0.3829,7.2,49.3,4,0
1.7,Engineering,2,4.9,0.094,0.4012,1.8,35.4,3,0
1.72,Engineering,3,8.4,0.067,0.4596,0.2,77.8,3,0
11.65,Operations,3,5.3,0.0743,0.7146,7.1,61.5,3,0
0.21,HR,5,16.7,0.0695,0.9412,15.0,3.0,4,1
1.84,Engineering,1,9.3,0.1036,0.3558,13.4,8.0,1,1
3.23,Sales,2,7.2,0.0538,0.6394,2.0,65.8,4,0
4.83,Operations,1,11.1,0.0354,0.3699,4.8,69.0,3,0
4.63,Marketing,1,1.1,0.0367,0.7351,15.0,63.8,4,0
1.14,Sales,2,10.7,0.0281,0.6694,10.4,65.5,1,1
0.03,Sales,2,3.6,0.123,0.7305,41.1,83.5,3,1
3.87,Engineering,2,14.7,0.0408,0.6228,33.0,38.3,3,0
3.12,Marketing,2,1.4,0.0671,0.3185,6.5,31.9,4,0
0.32,Engineering,2,11.7,0.0306,0.5035,15.5,82.1,5,0
2.47,Sales,3,3.7,0.0756,0.4662,29.1,33.3,4,1
0.72,HR,1,18.9,0.0466,0.7963,6.9,95.9,5,0
0.42,Finance,1,1.8,0.0301,0.2494,50.7,72.1,4,0
2.99,Finance,3,8.2,0.0785,0.9138,20.5,70.2,2,1
3.92,Marketing,3,13.2,0.0106,0.587,5.6,90.7,4,0
3.39,Sales,3,10.3,0.0136,0.5618,6.1,76.7,4,0
1.29,HR,1,10.2,0.0842,0.5973,18.8,4.3,4,1
3.24,HR,2,2.5,0.0249,0.4654,5.4,45.8,5,0
2.14,Engineering,4,2.3,0.0553,0.8026,27.0,37.8,4,0
2.52,Marketing,2,9.9,0.0171,0.8656,60.0,42.5,4,1
4.46,Finance,2,8.8,0.0158,0.5934,3.0,28.2,2,0
3.17,HR,5,3.2,0.0284,0.7264,6.4,22.1,1,1
3.49,Operations,1,3.0,0.0167,0.4236,3.6,54.3,1,0
5.75,Sales,3,7.3,0.0164,0.2271,12.5,74.3,2,0
1.62,Operations,4,5.8,0.0369,0.2676,20.1,18.4,4,0
2.6,Marketing,1,27.2,0.0995,0.491,1.9,27.6,2,1
3.63,Sales,3,19.7,0.0307,0.4726,6.2,66.5,2,1
6.23,Marketing,2,14.3,0.015,0.6814,0.4,66.8,4,0
1.03,Marketing,4,21.4,0.0416,0.366,4.2,8.6,5,1
5.14,HR,4,4.6,0.0472,0.8524,45.1,7.8,1,0
1.13,HR,4,5.2,0.0446,0.3589,11.7,49.7,4,0
1.39,Operations,1,17.7,0.0263,0.7801,7.1,83.7,2,1
1.93,Engineering,3,8.1,0.0384,0.6435,37.3,22.2,5,0
0.41,Engineering,4,8.5,0.0658,0.6926,1.2,99.8,3,0
7.55,Finance,2,2.8,0.0428,0.1779,55.9,99.9,4,0
6.91,Operations,2,17.2,0.0084,0.7321,36.5,60.3,3,1
10.75,Finance,1,12.1,0.0977,0.7285,10.3,96.1,5,0
3.15,Engineering,4,6.3,0.0635,0.6932,13.8,39.3,3,0
3.97,Finance,1,5.2,0.0264,0.7211,28.0,50.2,5,0
1.24,Sales,1,19.1,0.0311,0.6154,60.0,70.3,3,1
0.1,Marketing,4,4.6,0.0899,0.9098,8.5,7.1,4,0
4.65,Finance,4,2.0,0.0166,0.4327,46.7,76.9,1,0
0.77,HR,5,19.9,0.0437,0.2243,0.8,93.7,2,0
1.01,Finance,2,20.1,0.0771,0.8573,40.8,57.0,4,1
17.43,Marketing,1,4.6,0.0384,0.327,15.1,21.9,3,0
0.58,Marketing,2,30.8,0.0349,0.7277,3.0,13.0,1,1
0.33,HR,1,7.4,0.0217,0.8987,37.8,21.8,2,1
0.27,Finance,4,4.6,0.0462,0.3842,8.1,20.1,3,0
3.74,Engineering,2,11.8,0.0418,0.5581,30.5,86.0,4,1
1.57,HR,2,2.4,0.0071,0.8168,4.9,13.7,2,0
1.42,HR,1,3.5,0.0698,0.8566,21.7,97.0,5,0
2.79,Finance,2,10.0,0.0795,0.4545,26.7,77.9,3,1
0.37,Operations,4,8.7,0.0981,0.5317,17.1,73.2,5,0
0.5,Operations,3,15.3,0.0185,0.6186,13.3,61.7,3,0
8.72,HR,1,2.8,0.0385,0.8975,20.3,4.5,4,1
7.43,Finance,1,27.3,0.0833,0.4628,11.5,71.9,4,1
2.9,Engineering,2,5.7,0.0553,0.7336,14.7,38.3,3,0
8.58,HR,1,8.4,0.0276,0.6075,14.3,12.4,3,1
0.28,Marketing,4,5.5,0.1101,0.6298,14.4,83.2,2,0
2.83,Marketing,3,2.4,0.0116,0.4564,8.2,33.3,5,0
4.0,Operations,1,7.8,0.0839,0.7461,12.2,60.2,5,1
6.49,HR,3,13.1,0.02,0.643,60.0,15.6,3,1
3.01,Operations,2,6.9,0.0506,0.7136,31.2,12.8,3,1
2.95,Operations,1,3.9,0.0277,0.464,5.5,44.7,3,0
1.21,Finance,2,15.7,0.0495,0.3307,5.1,4.3,3,1
3.85,Engineering,1,16.1,0.0504,0.6057,6.9,61.4,1,1
0.47,HR,2,6.6,0.0408,0.8487,15.5,7.9,4,0
6.83,Marketing,3,10.4,0.04,0.9222,30.2,52.3,4,0
2.38,Finance,4,15.6,0.038,0.5562,21.9,36.1,3,0
0.4,Operations,1,13.0,0.0251,0.0661,8.5,32.4,4,1
1.25,Marketing,2,10.2,0.0343,0.5891,15.6,76.9,1,1
2.18,Engineering,1,12.6,0.0919,0.9522,6.4,47.4,4,1
12.28,Operations,2,11.0,0.0191,0.559,3.8,19.4,3,0
3.95,HR,1,8.1,0.0277,0.6309,45.0,38.7,2,1
5.5,Marketing,2,2.7,0.054,0.4693,18.4,38.6,1,0
16.2,Finance,1,3.4,0.0853,0.3417,7.6,52.9,3,0
4.8,HR,4,11.3,0.0865,0.1488,1.7,64.7,4,0
0.27,Engineering,4,5.4,0.0189,0.2833,17.4,30.6,2,0
4.34,Engineering,1,11.0,0.0422,0.8445,26.6,31.4,2,1
5.2,Finance,3,2.6,0.0729,0.9254,3.5,79.4,4,0
1.32,Finance,1,4.2,0.0537,0.5653,1.8,18.0,4,0
0.62,Finance,3,6.9,0.0213,0.4021,23.2,65.4,3,0
2.85,Engineering,1,0.7,0.0117,0.704,15.6,98.8,5,0
20.0,Finance,1,3.7,0.0168,0.4326,0.7,78.2,4,0
5.37,Engineering,3,4.7,0.0564,0.815,18.9,26.7,5,0
7.17,Engineering,2,9.2,0.0372,0.7321,27.2,3.4,5,0
5.18,HR,2,6.5,0.0454,0.1344,34.6,28.9,4,1
1.49,Finance,2,9.5,0.011,0.7777,37.4,0.3,3,1
3.35,Finance,1,8.3,0.1169,0.6501,2.4,58.5,4,1
10.26,Operations,1,6.3,0.0537,0.6198,2.1,45.9,3,1
1.26,Operations,2,4.7,0.0425,0.4029,3.1,60.1,2,1
0.2,HR,2,8.5,0.0363,0.385,5.6,79.1,2,1
20.0,Marketing,1,18.7,0.0443,0.7592,2.6,23.2,2,1
1.75,Engineering,2,4.7,0.0201,0.5447,2.6,37.2,3,0
16.22,Operations,2,26.6,0.0195,0.9198,16.3,46.1,4,1
3.14,HR,3,8.7,0.0543,0.6886,11.0,76.9,5,0
2.89,Marketing,3,14.8,0.0382,0.2833,12.2,45.5,4,1
3.7,Operations,2,10.5,0.0537,0.8507,16.5,21.1,2,1
3.03,Marketing,2,11.7,0.0771,0.8297,3.2,89.6,5,0
11.5,Operations,2,3.7,0.0766,0.6216,0.7,6.3,5,0
1.9,Engineering,1,5.4,0.0668,0.6298,4.9,63.9,3,0
0.58,Sales,1,1.6,0.0481,0.6078,0.0,30.6,5,0
6.85,Finance,1,6.7,0.0738,0.4577,5.0,48.8,4,1
4.02,Finance,3,12.5,0.1001,0.6505,1.7,96.7,3,0
0.12,Engineering,1,6.8,0.032,0.4291,37.8,59.4,1,1
3.99,Marketing,2,15.4,0.0191,0.7329,2.8,67.3,4,0
5.83,Engineering,2,5.8,0.0806,0.7106,10.3,65.2,5,0
1.33,Operations,2,4.4,0.095,0.5042,7.7,71.9,2,1
1.85,Engineering,3,5.2,0.0108,0.5125,5.4,44.4,5,0
0.45,HR,3,13.3,0.0364,0.7652,3.1,1.7,2,1
1.2,Marketing,1,22.8,0.0479,0.7882,11.6,89.0,4,0
3.96,Finance,3,28.4,0.0925,0.5449,26.1,56.1,4,1
0.11,Marketing,2,12.4,0.0421,0.5216,2.0,91.3,2,1
5.24,Marketing,1,14.9,0.024,0.899,15.9,73.6,1,0
10.18,Operations,3,2.0,0.0939,0.7243,12.8,75.3,2,1
0.41,HR,3,2.6,0.075,0.5698,25.8,65.3,3,0
2.04,Operations,1,3.8,0.0094,0.4971,19.7,96.2,2,1
0.83,Finance,5,19.4,0.1062,0.7764,13.4,79.4,4,1
2.32,Operations,2,19.2,0.0628,0.7912,15.7,43.5,3,1
5.55,Marketing,2,32.7,0.0842,0.7925,37.7,27.3,3,1
3.74,Engineering,1,3.8,0.0551,0.7424,18.9,39.5,2,1
1.84,Finance,1,7.4,0.0528,0.8966,23.4,18.2,4,0
0.75,Operations,2,1.6,0.0601,0.6253,8.3,23.8,5,0
14.13,Engineering,2,2.2,0.0735,0.386,6.9,16.2,4,0
1.08,Operations,2,6.3,0.0791,0.3404,20.6,5.7,3,0
1.27,Engineering,3,3.9,0.0384,0.4505,6.7,39.3,1,0
0.02,Operations,1,4.0,0.0507,0.8129,8.9,75.9,4,0
15.58,Marketing,3,4.9,0.0273,0.6881,17.0,6.9,4,0
5.33,Engineering,3,20.9,0.0154,0.9276,60.0,64.2,1,1
6.97,Marketing,3,16.9,0.0782,0.7873,9.3,98.0,4,0
6.78,Engineering,3,3.3,0.0446,0.774,12.9,45.4,2,0
1.87,Finance,4,16.5,0.0789,0.7332,3.4,27.7,3,0
2.07,Operations,1,4.2,0.0908,0.8327,30.3,62.2,4,0
5.88,Sales,3,2.0,0.0211,0.2836,1.8,68.4,2,0
4.5,Sales,5,4.7,0.0143,0.9659,2.6,29.3,3,0
0.29,HR,2,9.8,0.0334,0.3648,6.9,39.9,4,0
2.42,HR,1,3.7,0.0187,0.7972,13.2,93.9,3,0
11.44,Engineering,5,12.2,0.1194,0.6982,23.1,52.7,1,1
3.24,HR,1,5.0,0.0431,0.8101,4.8,98.7,2,0
3.54,Sales,1,10.4,0.1524,0.4383,33.5,50.9,4,1
1.07,Engineering,1,3.3,0.0685,0.4706,60.0,16.4,5,1
14.1,Sales,2,8.0,0.062,0.5695,49.8,79.9,4,0
8.57,Engineering,2,3.8,0.0595,0.581,6.2,85.9,5,0
2.51,Operations,2,6.5,0.0061,0.8894,33.1,3.0,5,0
1.55,Operations,4,26.9,0.0016,0.253,34.4,23.4,5,0
1.14,HR,2,5.6,0.0186,0.3217,23.2,45.0,3,0
1.84,Operations,2,2.5,0.0421,0.6088,13.6,92.0,4,0
0.58,HR,4,8.3,0.0478,0.5357,36.8,88.4,4,1
0.98,Operations,3,8.5,0.0188,0.8646,6.1,65.4,1,0
0.17,Sales,1,8.4,0.0518,0.507,12.2,76.4,1,0
6.9,Sales,1,11.7,0.0335,0.7197,32.1,14.5,5,0
0.31,Marketing,2,5.4,0.0117,0.8012,20.4,56.8,3,0
0.19,Sales,3,12.5,0.0305,0.6703,35.5,78.2,5,0
6.83,Marketing,2,7.7,0.022,0.8919,13.4,23.5,2,0
2.72,HR,1,2.4,0.0461,0.5965,20.9,12.5,3,0
4.53,HR,3,13.8,0.02,0.8453,5.7,60.0,1,0
6.08,HR,3,9.0,0.0975,0.7423,20.1,92.0,4,0
2.4,Marketing,2,12.1,0.0539,0.9016,23.9,97.4,3,1
4.72,Engineering,4,2.7,0.03,0.3964,21.4,42.6,4,0
2.57,Marketing,3,14.4,0.0126,0.9661,14.1,46.7,4,0
13.28,Marketing,3,31.6,0.0334,0.2845,60.0,62.6,2,1
5.92,Marketing,3,2.5,0.0214,0.7686,21.0,3.8,3,0
1.27,Operations,3,15.8,0.0495,0.4206,13.5,54.3,4,1
2.51,Marketing,2,9.0,0.0124,0.6642,26.9,62.8,5,0
0.78,Finance,2,7.8,0.0805,0.5765,10.4,12.5,4,1
4.45,HR,3,14.5,0.0856,0.5518,36.5,82.9,4,1
0.97,HR,2,13.4,0.0211,0.9137,4.4,53.5,4,0
2.54,Marketing,2,18.5,0.0162,0.8478,1.6,86.8,5,0
2.63,HR,1,2.8,0.0142,0.2461,4.9,55.4,3,0
2.86,Finance,3,19.0,0.0751,0.5776,1.6,30.8,2,1
1.0,Engineering,2,10.3,0.0072,0.6332,24.7,37.5,2,1
2.61,Sales,1,1.6,0.0367,0.5559,33.1,95.5,3,0
6.57,Sales,2,5.6,0.0094,0.5117,0.5,45.1,2,0
1.04,HR,1,9.1,0.0079,0.9234,16.5,50.8,5,0
1.5,Finance,5,5.5,0.0019,0.6557,24.5,75.9,4,0
4.22,Marketing,4,7.0,0.0587,0.8371,6.0,81.5,4,0
0.8,HR,2,4.9,0.0195,0.4489,15.6,92.0,5,0
10.62,Engineering,2,42.6,0.0144,0.1414,6.8,69.3,3,1
5.08,Finance,3,12.7,0.0571,0.8612,2.8,29.8,5,0
5.1,Engineering,2,8.3,0.0488,0.8323,15.9,14.9,4,1
4.39,Operations,5,3.2,0.0621,0.762,18.2,45.9,3,0
1.3,Marketing,1,18.6,0.0289,0.6487,60.0,9.4,2,1
2.13,Sales,1,11.5,0.0603,0.8453,6.1,91.4,1,1
2.51,Sales,2,3.5,0.0718,0.7841,5.3,98.0,5,0
2.7,Engineering,1,3.6,0.0614,0.6714,29.0,52.1,5,0
4.85,HR,2,7.2,0.0661,0.5254,3.4,3.9,3,0
1.31,Engineering,3,8.4,0.0167,0.3527,20.8,29.6,4,1
2.12,Operations,1,12.5,0.0473,0.4666,12.8,38.8,2,1
12.24,Engineering,2,7.6,0.0477,0.302,1.3,39.1,4,0
10.04,Finance,3,13.2,0.0265,0.3824,10.5,70.3,1,1
1.25,Finance,3,5.5,0.0191,0.4618,18.3,98.1,2,0
3.86,Sales,2,7.6,0.0457,0.5469,7.1,2.5,5,1
0.87,Marketing,1,19.0,0.0234,0.6828,19.6,96.6,3,1
1.44,Engineering,2,13.6,0.0789,0.7911,18.5,91.7,4,1
1.37,Operations,2,7.9,0.0346,0.9779,6.3,85.6,3,0
3.75,Marketing,3,10.0,0.0785,0.352,16.8,43.6,2,1
9.28,Finance,2,7.6,0.0154,0.4398,6.0,39.2,4,0
2.23,Operations,1,2.2,0.0805,0.4812,21.5,47.9,5,1
10.6,HR,3,23.5,0.0871,0.386,8.4,65.4,4,0
7.8,Sales,2,3.8,0.1305,0.695,5.6,26.3,3,1
2.64,Engineering,1,5.9,0.0283,0.5644,46.0,40.0,5,0
3.99,Operations,2,37.9,0.0885,0.5708,46.9,96.0,3,1
3.36,HR,4,3.1,0.0815,0.8497,43.9,7.4,5,1
6.28,Marketing,3,7.3,0.0514,0.651,4.1,20.2,5,0
3.15,Sales,1,19.9,0.0282,0.496,15.2,4.1,5,0
2.5,Operations,3,27.0,0.0635,0.6013,26.9,59.3,4,1
3.21,Operations,1,11.4,0.0306,0.2451,10.8,52.0,5,0
3.04,Sales,2,18.7,0.1044,0.4551,19.5,6.5,5,1
1.04,HR,2,6.7,0.0204,0.7228,33.9,46.2,5,0
0.09,Marketing,1,0.4,0.0771,0.3884,13.3,19.5,3,1
1.77,Sales,1,17.5,0.0199,0.056,30.7,64.6,2,0
1.57,Engineering,4,7.8,0.0517,0.3646,11.2,80.8,5,0
20.0,Sales,1,6.1,0.057,0.5489,12.5,10.7,2,0
2.93,Finance,3,5.7,0.055,0.2545,11.7,75.5,4,1
3.1,Engineering,3,13.0,0.0598,0.8008,30.6,44.1,4,0
3.81,HR,2,12.9,0.0683,0.8165,5.0,51.3,3,0
4.14,Operations,1,8.0,0.1382,0.5577,3.8,44.9,3,0
0.61,Engineering,1,11.0,0.0156,0.7996,43.9,71.7,2,1
2.28,Engineering,1,3.1,0.0878,0.6331,1.2,71.2,1,1
0.29,HR,2,6.8,0.0078,0.6177,41.3,58.7,5,0
0.0,Engineering,5,3.2,0.0159,0.5805,24.2,22.6,3,0
2.54,Engineering,4,3.1,0.0229,0.7073,13.5,38.0,3,1
13.95,Sales,1,10.3,0.0297,0.8212,56.8,81.4,2,0
2.25,Engineering,1,8.3,0.0658,0.4268,13.2,31.3,2,1
0.26,Marketing,1,5.5,0.0229,0.7573,5.4,91.8,4,0
1.21,Engineering,5,6.5,0.034,0.4919,43.2,28.8,2,0
0.71,Finance,1,10.9,0.0939,0.6634,22.9,55.0,3,1
4.53,Marketing,1,13.2,0.0598,0.6637,9.0,61.1,5,0
1.34,Finance,2,11.7,0.0313,0.8832,18.4,16.9,4,1
3.64,Finance,2,1.5,0.0357,0.6371,11.1,49.3,2,0
1.94,HR,1,0.7,0.0151,0.423,13.1,26.1,4,0
3.61,Operations,3,4.1,0.0502,0.4138,11.1,23.9,1,1
3.35,Engineering,1,0.7,0.0058,0.6444,0.6,48.8,3,0
7.7,Engineering,1,21.7,0.0024,0.8708,17.1,29.8,3,0
1.29,Operations,1,6.3,0.0413,0.8669,7.3,59.3,4,0
1.49,Engineering,2,2.4,0.0404,0.3171,5.5,70.9,1,0
2.27,Sales,5,6.3,0.0014,0.7182,7.1,72.8,4,0
2.6,Sales,2,1.2,0.0251,0.8448,10.0,20.9,4,0
0.81,Engineering,3,2.4,0.0695,0.8214,8.0,33.7,3,0
2.81,Engineering,1,5.9,0.0873,0.6252,38.7,97.0,3,1
4.67,Finance,3,5.1,0.0341,0.7453,4.6,91.6,3,0
1.05,Finance,5,5.9,0.0605,0.5737,16.0,92.0,5,0
7.52,Engineering,2,11.1,0.0383,0.3306,19.6,60.8,4,0
6.24,Operations,5,15.6,0.0373,0.8916,45.0,55.9,3,0
5.78,Engineering,2,8.7,0.0101,0.5735,36.1,53.2,4,0
4.88,Marketing,3,16.2,0.0585,0.4645,5.3,73.0,3,0
3.73,Marketing,1,5.2,0.0312,0.7054,19.0,4.6,1,0
2.32,Finance,2,17.7,0.0848,0.686,22.0,16.1,2,1
3.85,HR,2,8.8,0.1308,0.6407,34.9,27.1,4,1
6.72,Engineering,5,14.7,0.0347,0.6405,1.2,64.4,2,1
1.99,Sales,4,5.3,0.0967,0.7015,16.1,26.4,5,0
0.64,Operations,2,8.5,0.0656,0.7646,2.5,14.0,2,0
11.02,HR,4,29.4,0.0098,0.7086,14.8,9.7,3,1
9.1,Engineering,4,8.5,0.0618,0.5997,6.4,89.6,4,0
1.57,Marketing,2,15.5,0.0317,0.5861,52.9,67.6,5,1
1.75,Marketing,1,16.8,0.0882,0.6533,34.4,42.1,1,1
5.5,Engineering,1,12.4,0.007,0.1664,16.7,9.8,4,1
2.05,Engineering,1,14.0,0.0058,0.1711,3.9,63.6,3,1
2.12,Engineering,1,5.3,0.0175,0.6348,38.6,62.1,3,0
2.76,Engineering,5,4.0,0.0138,0.3955,6.7,0.7,2,1
0.95,Finance,1,3.2,0.0627,0.4528,27.7,32.1,1,0
2.91,Engineering,3,10.8,0.0555,0.947,6.1,76.6,5,0
0.86,Finance,2,8.3,0.029,0.2332,27.7,86.4,4,0
1.56,Sales,2,10.2,0.0624,0.6855,43.1,25.4,2,1
1.21,Operations,1,2.7,0.0105,0.2212,4.7,44.6,4,0
0.28,Marketing,2,4.5,0.1149,0.8029,12.9,77.3,3,0
7.35,HR,2,15.2,0.0792,0.7542,47.1,59.6,2,1
1.4,HR,2,9.3,0.071,0.556,4.4,35.3,3,1
1.29,Engineering,1,8.9,0.0353,0.7824,8.1,97.2,1,1
20.0,Engineering,3,6.7,0.0044,0.3908,43.7,51.0,3,0
3.17,Finance,1,4.2,0.0298,0.4393,42.6,62.6,2,0
0.19,Engineering,2,18.1,0.0299,0.8934,21.0,50.4,3,1
1.99,Finance,2,20.2,0.0566,0.4918,17.1,12.9,3,1
1.47,HR,1,8.5,0.0725,0.0655,14.6,54.6,1,1
2.3,Engineering,3,7.3,0.1029,0.355,60.0,28.0,4,1
0.74,Finance,1,21.2,0.0301,0.5273,1.4,2.4,4,1
0.67,Finance,4,4.6,0.0388,0.1369,1.5,16.2,4,0
0.34,Marketing,4,5.6,0.012,0.2918,53.5,92.6,5,0
4.53,Sales,2,14.7,0.0223,0.9291,9.2,80.1,3,0
0.1,Finance,1,5.5,0.0656,0.567,0.4,2.2,4,1
5.42,Operations,1,8.2,0.0037,0.91,1.9,61.0,4,0
0.62,Sales,4,0.9,0.1496,0.7042,38.1,58.9,3,1
5.08,Operations,2,20.5,0.0656,0.5536,2.9,47.1,4,0
4.51,Marketing,1,13.8,0.0412,0.2469,6.6,14.4,4,0
3.88,HR,2,17.2,0.0412,0.3832,9.9,93.6,3,1
0.14,Operations,1,3.6,0.0358,0.7188,60.0,52.0,4,0
1.54,Operations,2,23.5,0.0322,0.7269,17.4,73.3,2,1
3.74,Sales,2,7.6,0.0095,0.573,7.5,85.0,2,1
0.07,Operations,1,18.3,0.0425,0.6427,5.8,96.3,4,0
1.33,Engineering,3,10.6,0.0703,0.8346,9.9,10.9,5,0
1.81,Engineering,1,14.3,0.0165,0.4048,29.8,38.4,5,1
7.36,Engineering,2,11.2,0.0261,0.6167,25.5,52.5,4,0
0.94,HR,2,5.5,0.0432,0.8838,12.3,57.8,1,1
0.77,Operations,5,1.8,0.066,0.6904,10.4,91.0,4,0
11.97,Finance,2,19.2,0.0501,0.3041,18.8,48.1,5,1
1.6,Finance,4,0.4,0.0017,0.3775,54.4,76.6,5,1
1.61,Engineering,2,15.4,0.0145,0.5647,10.6,45.0,5,1
5.05,Finance,4,19.2,0.0386,0.6638,6.2,38.4,4,1
4.3,HR,1,2.3,0.0297,0.767,20.3,26.0,4,0
2.03,HR,3,5.8,0.0634,0.6399,2.5,30.4,3,1
3.38,Sales,1,2.0,0.0703,0.4404,0.1,63.6,4,0
1.42,Sales,5,4.8,0.0703,0.2413,1.2,5.5,3,1
4.18,Operations,5,17.1,0.031,0.3897,14.6,31.2,3,1
0.53,Finance,2,14.2,0.0467,0.2633,7.3,67.5,4,0
0.53,HR,2,12.9,0.0481,0.551,8.9,9.0,5,0
1.54,Engineering,2,5.8,0.0562,0.7108,1.9,54.0,2,0
0.06,Marketing,1,0.5,0.0403,0.7646,0.1,45.9,2,0
0.92,HR,3,2.6,0.0249,0.6924,21.7,6.5,2,1
2.6,HR,3,6.7,0.007,0.4035,4.4,7.6,4,0
1.49,Marketing,2,3.2,0.0124,0.648,27.9,60.1,5,0
0.52,Engineering,1,15.5,0.0075,0.5285,17.7,52.8,4,1
20.0,Finance,4,24.0,0.0716,0.863,4.4,72.1,3,0
6.86,Operations,1,10.5,0.1046,0.2669,4.0,62.4,4,1
1.05,HR,2,2.3,0.077,0.5056,23.0,49.2,1,0
6.44,Engineering,1,19.7,0.02,0.8318,10.3,43.2,3,0
9.01,Sales,1,8.9,0.0721,0.9153,7.1,31.8,4,0
4.87,Engineering,1,8.0,0.0594,0.8538,11.6,4.0,4,1
0.2,Finance,2,12.1,0.0584,0.6746,52.8,7.8,4,1
2.92,HR,2,2.7,0.0682,0.5006,53.0,57.8,5,0
2.58,Engineering,2,5.9,0.0329,0.3778,13.7,58.0,3,0
2.68,Marketing,3,7.6,0.0138,0.7275,11.0,4.5,1,0
0.42,Sales,3,9.8,0.0287,0.711,25.2,43.5,4,0
4.4,HR,1,10.6,0.049,0.81,20.4,94.9,5,0
7.47,Operations,1,12.1,0.0341,0.7163,0.8,18.8,5,0
0.3,Engineering,2,5.0,0.025,0.3379,24.4,76.8,5,0
1.11,Sales,3,1.4,0.0722,0.7847,17.8,50.8,4,1
0.04,Sales,2,6.7,0.0089,0.6272,17.7,77.8,5,0
6.09,Finance,1,7.4,0.0357,0.9708,3.7,27.2,4,0
16.84,Sales,3,1.3,0.0904,0.6428,0.2,98.4,3,0
0.07,Operations,1,4.7,0.0977,0.4737,38.0,36.0,4,1
8.0,Engineering,2,9.2,0.0437,0.8749,17.0,62.7,4,1
2.06,Operations,1,5.4,0.0207,0.4335,18.7,68.4,4,1
10.13,Finance,3,8.9,0.0299,0.664,49.4,66.1,3,0
13.16,Engineering,2,5.2,0.002,0.6265,6.0,53.0,5,0
5.67,Engineering,3,12.7,0.0115,0.7501,28.4,67.7,5,0
0.47,Engineering,1,3.5,0.058,0.9419,16.7,67.9,5,0
2.79,Sales,2,8.0,0.0685,0.5692,60.0,73.8,1,1
0.66,Sales,1,8.4,0.0234,0.3146,60.0,72.6,3,0
16.56,Finance,3,15.1,0.0374,0.3543,9.1,67.3,5,0
2.24,Sales,1,6.1,0.0458,0.6843,28.3,91.1,5,0
0.89,Marketing,1,23.8,0.0019,0.2193,60.0,89.8,3,1
1.25,Sales,3,23.2,0.0485,0.7414,7.5,4.3,4,0
11.81,Sales,1,3.7,0.0793,0.2848,1.1,98.1,1,0
0.4,Sales,1,7.9,0.0577,0.5091,23.9,79.4,5,0
4.59,Sales,3,2.5,0.1073,0.8795,23.9,59.3,3,0
7.74,Operations,3,11.4,0.0368,0.8246,47.8,60.8,3,1
1.82,Sales,4,5.3,0.0627,0.7289,15.8,38.9,2,0
3.82,Sales,1,8.8,0.0482,0.4645,15.9,43.0,1,0
2.85,Operations,2,6.5,0.0456,0.3845,13.5,37.9,5,0
2.14,Finance,3,41.6,0.018,0.3867,4.5,94.9,4,1
1.79,Sales,1,7.2,0.0361,0.4608,7.8,59.8,3,0
0.25,Operations,3,6.7,0.0899,0.3278,4.8,15.9,1,1
1.19,Sales,1,15.8,0.1031,0.7962,22.3,77.0,4,0
0.68,Engineering,4,17.4,0.0306,0.6354,23.9,69.4,5,0
2.12,HR,2,9.8,0.1166,0.6708,4.3,63.3,3,1
4.91,Marketing,2,17.7,0.0344,0.9061,51.1,26.4,4,1
0.96,Sales,2,37.1,0.0328,0.6326,4.5,61.9,5,1
1.16,Marketing,1,6.3,0.0288,0.848,17.7,81.6,3,0
1.37,Engineering,1,2.8,0.0165,0.4511,30.3,16.7,5,0
5.48,Marketing,3,10.8,0.1053,0.9882,30.9,54.7,3,1
6.98,Engineering,2,16.6,0.038,0.6179,18.2,20.9,1,0
0.52,HR,2,22.5,0.0191,0.5721,57.5,55.2,5,1
8.18,Finance,1,12.2,0.1101,0.82,29.5,64.2,5,1
5.38,Sales,3,8.2,0.0304,0.2856,20.2,81.1,1,1
0.34,Finance,2,4.2,0.0321,0.949,31.1,49.8,4,0
3.87,Marketing,1,19.3,0.0071,0.737,36.4,93.0,4,0
3.13,Finance,4,10.1,0.0966,0.3853,22.6,91.1,5,0
2.6,HR,2,1.5,0.0588,0.7335,2.6,81.7,4,0
0.28,Marketing,2,29.3,0.0741,0.6075,3.7,55.5,5,1
3.65,Marketing,5,3.0,0.0708,0.6292,2.0,18.9,4,0
2.72,Sales,2,16.8,0.0323,0.6297,47.9,65.1,3,1
1.1,Marketing,4,9.5,0.0272,0.7421,3.1,70.6,2,0
2.08,Operations,3,1.6,0.0356,0.5104,58.9,49.5,5,0
5.14,Marketing,2,7.5,0.0436,0.7309,48.7,96.7,5,0
0.16,Marketing,1,6.3,0.0593,0.1309,48.7,9.7,1,1
1.92,Marketing,1,2.0,0.0484,0.6126,19.7,85.4,4,0
6.44,Marketing,2,11.4,0.0465,0.8698,6.5,90.4,1,1
1.96,Sales,1,15.2,0.0183,0.2883,7.4,62.8,4,0
6.85,Marketing,1,7.9,0.0095,0.8227,7.5,88.8,2,0
0.63,Sales,2,6.1,0.057,0.888,7.7,21.2,5,0
5.16,HR,3,12.0,0.0868,0.5185,2.5,34.5,4,1
9.72,Operations,1,0.3,0.0628,0.6365,43.1,18.1,4,0
0.53,Sales,3,5.6,0.0408,0.7095,7.4,31.4,2,0
6.17,Operations,4,5.9,0.0525,0.3438,2.9,16.5,2,0
1.06,HR,3,8.1,0.1005,0.9103,5.3,16.4,4,0
0.43,Sales,3,1.9,0.0727,0.5589,30.7,3.1,2,1
0.36,Engineering,3,1.0,0.0273,0.8384,0.7,74.5,3,0
1.82,Finance,1,3.2,0.0298,0.8364,30.8,30.2,5,0
0.05,HR,2,11.3,0.0572,0.7047,10.4,61.1,3,1
0.98,Finance,4,5.9,0.0695,0.9049,2.7,69.4,3,0
1.83,Engineering,3,3.2,0.0601,0.8669,2.3,67.1,5,0
2.05,Sales,3,26.3,0.0595,0.676,7.9,93.1,4,1
0.81,Engineering,5,6.1,0.0585,0.6398,56.9,72.0,3,1
1.34,Sales,1,8.1,0.0221,0.7718,17.3,61.6,4,1
0.71,Operations,1,19.1,0.0951,0.6994,17.3,13.2,2,1
0.98,Engineering,2,9.1,0.0097,0.6392,9.2,2.1,2,1
4.19,Marketing,1,11.9,0.1245,0.7285,13.4,72.5,3,0
1.87,Engineering,2,4.0,0.0625,0.3866,19.5,86.7,3,1
4.78,Finance,3,8.5,0.0552,0.7928,12.3,59.9,5,0
0.97,Operations,2,24.1,0.0941,0.4932,17.9,99.1,5,0
0.1,HR,1,10.9,0.1334,0.7634,35.4,88.8,1,1
2.7,Sales,3,9.7,0.0296,0.6778,29.8,93.9,5,1
4.4,Finance,1,6.6,0.0384,0.6842,27.0,73.1,5,0
0.35,Sales,4,2.5,0.0916,0.75,0.6,96.4,2,0
3.96,Operations,1,17.7,0.0833,0.8694,60.0,60.0,3,1
0.43,Operations,4,7.6,0.0716,0.6008,13.2,46.9,3,1
1.26,Finance,2,4.5,0.0155,0.4564,1.6,4.6,2,1
2.85,Finance,2,2.2,0.0715,0.6329,10.9,92.2,3,0
0.35,Finance,2,10.1,0.008,0.5208,20.2,39.5,2,1
3.41,Marketing,1,2.9,0.0089,0.6775,15.5,9.7,4,1
2.66,HR,2,17.8,0.0662,0.5011,47.6,71.2,3,1
3.75,Operations,3,4.7,0.0468,0.8325,23.7,33.3,3,1
0.28,HR,3,8.6,0.0598,0.1599,23.6,54.4,3,1
1.02,Engineering,1,10.7,0.0573,0.279,43.9,99.6,4,0
5.76,Marketing,3,9.8,0.1462,0.5737,6.6,65.5,2,1
0.08,Finance,4,15.2,0.0329,0.4383,22.3,2.5,1,0
6.09,Operations,3,5.1,0.0474,0.6147,5.9,5.6,4,0
4.57,HR,2,8.2,0.0933,0.5453,10.4,58.0,3,1
0.34,HR,1,12.4,0.0094,0.4511,32.1,5.1,1,1
0.59,Finance,4,22.6,0.0358,0.5639,7.2,0.6,3,1
5.26,HR,2,14.5,0.0342,0.5842,4.1,32.1,5,0
2.31,Marketing,2,16.4,0.0282,0.5418,60.0,5.7,4,1
1.92,HR,3,6.3,0.0354,0.617,14.1,85.7,4,0
1.09,Marketing,1,10.9,0.028,0.7275,8.5,37.3,5,1
2.0,HR,3,20.4,0.0117,0.3701,1.6,48.0,4,0
1.55,Sales,1,7.9,0.0088,0.5888,22.1,75.9,3,0
1.85,Operations,3,10.9,0.0349,0.4893,26.5,33.1,5,0
6.22,Finance,5,1.7,0.1554,0.6924,42.8,32.3,3,1
0.12,Marketing,5,13.3,0.0292,0.6393,14.5,26.9,3,1
7.65,Finance,4,9.7,0.066,0.7142,22.6,97.6,3,0
1.18,HR,4,12.7,0.0504,0.794,22.2,21.0,3,1
1.16,Operations,1,6.4,0.0233,0.6708,2.6,68.4,4,0
3.96,HR,5,1.3,0.0939,0.8501,21.9,64.5,2,0
6.87,Operations,4,13.7,0.0502,0.7289,60.0,46.1,4,1
2.86,HR,2,4.5,0.0498,0.8531,29.2,76.2,4,0
0.97,Engineering,2,1.9,0.0618,0.5813,5.9,18.0,5,1
0.38,Engineering,1,9.2,0.0443,0.796,1.0,7.9,3,1
1.89,Operations,2,24.5,0.1296,0.8862,35.3,63.9,3,1
0.27,Finance,3,3.9,0.0507,0.3772,11.2,26.1,4,0
6.67,HR,2,4.6,0.0952,0.669,31.0,87.4,2,0
1.21,Marketing,2,14.2,0.0733,0.3594,2.2,57.1,3,0
4.52,Finance,2,6.9,0.1109,0.4508,35.3,18.4,1,1
5.73,Finance,1,13.7,0.0058,0.7993,4.5,28.5,1,1
3.0,Marketing,5,6.6,0.0555,0.4929,17.4,59.7,3,1
4.63,Sales,1,5.8,0.0323,0.8116,5.1,93.2,5,0
2.92,Engineering,1,4.1,0.0018,0.7089,1.4,38.2,3,0
1.49,Marketing,1,10.3,0.0119,0.4463,8.3,6.0,4,1
4.41,Engineering,4,4.1,0.0144,0.7417,26.5,69.0,3,0
4.09,Marketing,4,5.5,0.0149,0.8834,17.3,55.6,3,0
0.53,Engineering,1,17.6,0.0525,0.6019,4.5,75.4,4,0
4.96,Sales,1,31.7,0.025,0.5835,32.6,50.2,5,1
1.57,Marketing,2,11.3,0.0606,0.6122,22.3,39.9,4,0
9.39,Finance,1,18.1,0.0431,0.8055,4.3,43.0,5,0
6.47,Marketing,3,6.0,0.0327,0.9633,3.4,81.2,3,0
2.53,Finance,1,6.7,0.0465,0.7094,28.7,39.0,3,0
3.28,Engineering,2,9.5,0.0591,0.8415,2.2,46.4,1,0
0.5,Operations,2,4.5,0.0267,0.673,0.5,25.0,4,1
2.36,Sales,2,5.7,0.0643,0.6725,11.1,1.4,4,1
2.05,Engineering,2,13.4,0.0431,0.4034,1.8,21.2,4,1
1.61,Operations,1,8.3,0.0513,0.8654,39.9,80.7,5,0
2.15,Sales,1,7.3,0.0429,0.7124,60.0,91.5,2,1
14.51,Finance,1,7.0,0.0437,0.9319,0.4,74.2,4,0
0.53,HR,1,3.3,0.0626,0.6503,2.0,43.7,3,0
0.32,Marketing,5,9.2,0.0341,0.8246,2.5,68.0,3,0
2.1,Engineering,1,4.5,0.0277,0.495,27.7,12.4,3,0
1.4,Engineering,1,1.7,0.0438,0.465,8.5,9.2,4,1
3.63,HR,1,2.8,0.0715,0.4509,18.5,18.8,5,0
0.98,HR,3,7.1,0.0138,0.3638,51.7,60.4,4,1
6.78,Marketing,4,12.6,0.0829,0.602,30.0,42.0,4,1
5.75,Finance,3,15.0,0.0597,0.2389,6.5,18.3,5,0
0.73,Engineering,2,2.2,0.0168,0.7286,12.7,54.6,4,0
0.47,Operations,3,11.7,0.0117,0.8463,51.1,91.2,2,0
3.96,HR,2,25.5,0.0367,0.6797,8.0,55.1,4,1
0.12,Operations,4,15.6,0.0527,0.6857,5.3,51.8,2,0
1.07,Operations,3,9.0,0.0446,0.4759,42.3,35.5,2,1
7.03,Engineering,1,9.5,0.0163,0.7837,6.6,1.2,5,0
0.48,Finance,2,8.8,0.0565,0.3501,57.3,24.6,2,1
3.01,HR,1,5.4,0.0672,0.4454,5.9,33.0,5,0
2.18,HR,1,16.1,0.0066,0.7658,3.4,45.4,4,0
11.64,Sales,3,3.5,0.0306,0.2532,1.0,92.2,4,0
1.6,Finance,1,9.3,0.0353,0.445,0.7,30.1,4,0
5.94,HR,3,1.6,0.0204,0.0541,19.4,31.3,4,0
8.26,Sales,5,17.1,0.0426,0.6472,24.3,32.1,5,0
0.57,Sales,2,9.0,0.1181,0.757,2.0,21.4,4,0
2.27,Engineering,2,2.1,0.1154,0.8684,7.0,43.3,3,1
2.61,Operations,2,21.1,0.0705,0.3688,45.7,74.8,5,1
2.25,Marketing,3,7.6,0.0436,0.6427,20.5,73.5,3,0
6.11,HR,1,2.6,0.0856,0.5564,13.7,0.4,2,1
0.18,HR,1,27.1,0.0545,0.5555,9.0,76.8,5,1
0.94,Engineering,2,6.6,0.042,0.6927,10.0,39.3,3,1
0.74,Sales,4,4.1,0.0052,0.3785,5.4,2.0,2,1
0.31,Operations,1,9.7,0.0599,0.6873,13.4,99.1,4,0
0.91,Engineering,2,2.9,0.019,0.216,10.6,87.4,5,0
1.33,Engineering,5,5.4,0.0868,0.9352,3.9,35.8,5,0
1.37,Operations,1,19.5,0.0224,0.5017,1.9,68.2,3,0
0.11,Finance,1,6.7,0.0306,0.4912,12.7,63.8,4,0
2.55,Engineering,2,11.2,0.0139,0.9126,2.9,98.5,3,0
0.61,HR,1,20.1,0.0158,0.5391,60.0,18.2,4,1
1.85,Marketing,1,6.6,0.0422,0.4756,5.4,21.3,2,1
2.29,HR,2,4.0,0.0925,0.7833,5.2,67.0,3,0
3.17,HR,3,12.8,0.0082,0.7769,4.5,7.5,5,1
1.67,Finance,2,2.5,0.0435,0.7957,14.3,82.1,3,0
0.3,Finance,2,3.6,0.0522,0.6467,42.3,21.4,4,1
0.04,Operations,2,2.0,0.0301,0.6099,41.6,76.7,3,0
1.75,Sales,2,19.1,0.0683,0.5467,17.0,15.4,1,1
5.55,Sales,3,8.5,0.0624,0.5538,44.1,74.0,4,0
12.25,Engineering,3,13.1,0.0224,0.7227,48.3,8.0,3,1
4.59,Finance,3,3.8,0.0107,0.7824,6.6,10.4,3,0
1.55,Finance,4,10.9,0.0349,0.2236,24.7,4.9,2,1
9.36,HR,3,11.2,0.0961,0.4599,0.8,66.0,3,1
8.39,Marketing,1,27.0,0.0089,0.7802,26.6,16.6,5,0
5.09,HR,5,12.3,0.0193,0.8331,12.6,36.3,3,0
8.63,Sales,4,15.0,0.0389,0.7925,20.7,88.9,4,0
4.81,Finance,1,9.1,0.0438,0.6985,16.3,31.7,1,1
2.61,HR,1,0.4,0.0133,0.5154,10.8,16.4,4,0
5.42,HR,2,10.2,0.0724,0.7861,6.7,67.0,4,1
3.48,HR,2,7.1,0.0197,0.5855,13.9,15.9,3,0
8.03,Operations,3,6.8,0.0093,0.5346,60.0,72.9,3,0
0.86,Sales,2,5.6,0.0178,0.7423,15.8,44.5,1,1
0.53,Sales,1,6.8,0.0367,0.5774,28.2,93.4,5,0
2.13,Finance,1,4.7,0.0534,0.6066,21.9,23.2,4,0
0.42,Engineering,4,14.0,0.096,0.5766,4.9,48.7,2,0
2.18,Engineering,1,3.3,0.0891,0.5185,26.1,85.1,4,0
3.97,Finance,3,24.6,0.0565,0.7367,29.7,64.9,4,0
6.67,Finance,1,13.2,0.0493,0.4096,14.0,20.5,2,1
12.25,Finance,2,16.7,0.0537,0.7926,11.4,7.1,3,1
1.33,Engineering,2,3.5,0.046,0.8441,8.4,56.1,3,0
1.69,Operations,1,5.2,0.0297,0.6112,5.7,56.9,3,0
1.53,HR,3,8.8,0.0042,0.7503,16.4,21.5,5,0
0.16,Engineering,3,8.2,0.1066,0.4995,6.3,79.1,4,0
0.61,Sales,1,13.2,0.0242,0.8516,25.9,23.6,5,0
0.37,Sales,2,8.2,0.0589,0.5869,31.1,97.2,4,0
2.88,HR,3,25.5,0.037,0.8667,7.4,71.2,5,0
1.96,HR,3,3.6,0.0373,0.6743,3.2,60.6,2,0
9.83,HR,2,3.0,0.0329,0.2523,25.5,65.5,3,0
0.1,HR,3,5.0,0.0375,0.5123,2.4,0.7,3,0
1.11,Operations,1,6.8,0.1034,0.0849,3.2,36.1,3,1
1.77,Operations,1,17.7,0.0377,0.6118,0.3,86.7,1,0
3.19,HR,3,10.7,0.0563,0.9262,26.9,92.2,4,0
0.92,Operations,3,0.5,0.0132,0.7992,19.0,19.1,1,0
1.31,Marketing,3,0.6,0.1289,0.2117,15.0,89.8,2,1
0.93,Marketing,1,7.3,0.063,0.7739,19.3,37.3,3,1
4.03,Sales,2,5.7,0.0562,0.8101,29.5,69.6,5,0
0.92,HR,3,7.5,0.0448,0.6821,24.7,87.5,2,0
4.35,HR,1,6.8,0.1823,0.7415,6.2,22.2,3,1
4.37,Engineering,2,23.1,0.0643,0.7535,15.9,13.6,4,1
2.66,Engineering,2,15.9,0.0297,0.6066,14.5,47.3,2,1
1.28,Finance,1,5.3,0.0204,0.5657,20.0,62.3,1,1
0.41,HR,2,8.1,0.0049,0.5347,6.7,56.8,1,0
1.98,Marketing,1,6.4,0.0758,0.6046,34.5,68.0,5,0
3.93,Marketing,4,1.0,0.0258,0.7552,27.2,91.9,1,1
20.0,Engineering,1,5.5,0.0664,0.3283,11.3,11.5,4,0
1.31,Operations,1,5.5,0.1043,0.5136,6.7,96.4,1,0
0.5,HR,1,4.6,0.035,0.6297,15.0,16.1,5,0
0.32,Finance,1,5.3,0.0109,0.4023,8.4,93.3,4,0
7.76,Operations,1,6.5,0.1522,0.4387,11.8,75.9,5,0
2.4,Finance,2,11.3,0.042,0.702,14.9,81.1,5,0
1.24,Engineering,1,4.9,0.0988,0.3376,30.5,87.5,5,0
2.05,Sales,1,19.5,0.031,0.4218,37.3,11.3,1,1
1.42,HR,1,3.6,0.0169,0.7252,28.1,66.4,4,0
1.94,Engineering,2,17.3,0.0731,0.4962,5.0,34.6,4,1
3.41,Sales,1,10.1,0.0506,0.3721,23.7,38.0,2,1
0.89,Marketing,2,2.7,0.0621,0.7532,21.8,52.6,2,0
4.72,Engineering,3,6.4,0.024,0.4041,25.3,59.9,3,0
5.53,Sales,3,23.7,0.0168,0.6227,33.8,70.3,5,1
0.51,Finance,1,3.6,0.1205,0.3434,38.3,61.1,5,0
0.55,Engineering,4,24.1,0.1048,0.7214,3.0,22.7,5,1
1.98,Sales,3,11.6,0.0377,0.4952,34.0,36.2,3,1
4.76,Operations,1,10.2,0.0095,0.9312,12.8,86.1,4,0
1.57,Finance,2,11.1,0.0152,0.5717,4.9,71.4,1,1
17.98,Operations,3,6.2,0.0166,0.3486,15.5,46.0,5,0
5.76,HR,1,3.8,0.08,0.8669,32.9,23.8,3,1
0.19,Finance,2,8.3,0.0342,0.5128,9.9,83.2,4,0
3.07,Sales,2,10.5,0.0343,0.5261,17.2,25.0,5,0
4.64,HR,1,12.0,0.0269,0.8132,22.3,90.4,3,0
0.48,Sales,5,11.6,0.016,0.7547,1.5,44.0,3,0
6.61,Marketing,1,13.8,0.0883,0.9035,6.1,66.2,3,1
0.86,Sales,1,30.4,0.093,0.4451,25.7,22.3,1,1
0.82,Sales,1,9.8,0.0783,0.4838,10.3,15.3,4,1
3.29,HR,2,18.8,0.0536,0.7933,0.8,23.7,5,1
0.23,HR,4,12.3,0.0596,0.5432,12.0,55.7,5,0
3.65,Sales,3,32.5,0.0108,0.8107,4.7,68.8,5,1
0.98,HR,4,8.8,0.0284,0.3405,1.5,48.2,2,0
0.84,Sales,2,8.1,0.0208,0.7936,3.6,78.7,1,0
4.22,Operations,2,18.0,0.0421,0.268,2.7,15.2,3,1
2.39,Finance,2,18.1,0.0425,0.6841,6.4,93.7,4,0
4.44,Operations,1,6.6,0.0624,0.4513,21.0,60.0,4,0
2.74,Operations,4,12.0,0.0303,0.5197,10.7,33.2,4,0
7.5,Finance,2,13.9,0.0068,0.45,10.7,54.7,1,1
5.57,Marketing,2,13.4,0.0353,0.9205,0.1,44.2,4,0
1.72,Engineering,2,11.1,0.0153,0.6211,0.3,80.8,3,0
3.66,Operations,3,1.5,0.038,0.58,30.0,28.6,3,1
0.43,HR,1,13.5,0.0622,0.5424,35.0,62.4,4,1
4.22,Marketing,3,14.0,0.037,0.4071,4.6,73.0,5,0
0.41,Sales,3,11.4,0.0524,0.5176,50.4,97.2,4,1
0.06,Engineering,3,6.1,0.0239,0.5534,9.5,9.1,1,1
1.8,Operations,1,22.1,0.0099,0.4717,21.5,62.2,3,1
1.52,HR,1,3.7,0.0268,0.9352,33.5,36.3,5,0
3.98,Engineering,2,18.3,0.0144,0.6138,4.1,39.3,4,0
0.3,Finance,4,3.7,0.0225,0.9206,16.9,42.6,5,0
8.02,Engineering,5,16.8,0.0182,0.7184,24.3,33.7,3,0
6.42,HR,2,3.8,0.0743,0.8238,20.7,52.9,3,0
9.7,Marketing,1,16.1,0.0755,0.4033,1.9,24.4,4,1
0.35,Marketing,1,25.4,0.0998,0.5296,9.1,85.0,5,1
1.5,HR,2,25.5,0.0178,0.3003,7.4,83.6,5,1
0.66,HR,1,21.8,0.0206,0.6851,21.5,9.3,4,1
0.86,Operations,2,8.7,0.0658,0.5577,6.1,7.5,5,0
2.04,Sales,3,5.3,0.0575,0.3961,9.3,41.8,4,0
1.07,Engineering,2,7.7,0.0416,0.6176,7.4,66.9,4,0
0.87,Engineering,2,17.3,0.0308,0.5403,3.5,60.1,5,0
1.56,Marketing,1,13.4,0.0768,0.9448,42.0,20.7,2,1
2.67,HR,1,34.5,0.027,0.3008,18.6,55.1,1,1
0.65,Engineering,3,5.7,0.0445,0.4857,1.0,2.0,2,1
1.42,Sales,2,26.6,0.0249,0.6608,0.2,16.5,4,1
2.2,Engineering,1,8.2,0.0232,0.8653,60.0,27.9,5,0
7.23,Marketing,1,3.7,0.0693,0.2788,55.1,73.1,1,0
2.69,HR,1,10.8,0.0539,0.4549,1.1,75.2,4,0
9.68,Engineering,3,13.1,0.0226,0.4744,5.8,12.3,4,0
10.46,Sales,2,20.5,0.0573,0.8466,0.7,16.8,4,1
0.76,Finance,2,5.7,0.048,0.6612,26.1,19.6,3,1
0.34,Finance,2,10.8,0.0225,0.4662,10.0,57.1,2,0
10.32,Marketing,1,8.9,0.0259,0.7713,22.3,8.5,1,1
8.49,Engineering,2,6.6,0.0076,0.5818,16.1,78.8,2,1
14.52,Engineering,1,24.8,0.0287,0.9972,7.3,67.7,1,1
5.0,Engineering,4,13.3,0.0168,0.4429,60.0,71.1,3,0
0.37,HR,1,0.8,0.0645,0.7777,29.4,29.5,4,1
3.31,Marketing,2,11.0,0.0307,0.3642,19.3,55.1,4,0
2.64,Finance,1,1.9,0.1074,0.7436,17.0,30.5,4,0
6.12,Sales,3,10.2,0.0941,0.7417,24.1,43.1,1,1
0.75,Finance,1,2.3,0.0307,0.8197,43.3,8.9,4,0
0.67,Finance,4,13.3,0.0774,0.8556,13.1,19.6,2,1
2.98,Sales,1,1.9,0.0629,0.6007,20.7,8.2,4,0
0.46,Marketing,3,3.8,0.0369,0.7579,14.2,61.9,5,0
0.5,HR,3,15.5,0.0756,0.8311,3.9,80.4,4,0
8.1,Engineering,1,8.7,0.0178,0.4367,17.9,97.9,3,0
9.57,HR,1,2.5,0.0278,0.5363,24.2,68.5,3,0
7.23,Marketing,2,23.8,0.0203,0.5007,49.4,85.9,4,1
4.58,Marketing,3,6.3,0.0134,0.7171,4.7,34.5,5,0
1.38,Sales,4,7.2,0.0142,0.5827,4.3,80.2,4,0
1.41,Marketing,1,7.7,0.0224,0.7873,60.0,22.6,1,1
6.55,HR,2,14.1,0.0227,0.5429,6.3,55.4,4,0
12.25,HR,1,6.7,0.0159,0.2725,35.0,37.7,1,0
0.02,Engineering,1,8.0,0.005,0.6395,0.3,68.8,3,1
16.93,Operations,2,19.1,0.0306,0.8406,53.6,58.6,3,0
0.74,Operations,1,17.5,0.0112,0.1896,9.9,77.8,4,0
6.18,Sales,1,7.6,0.0172,0.4198,3.1,23.1,5,0
0.84,Finance,4,7.8,0.0832,0.9618,5.7,89.3,3,0
1.59,Marketing,3,0.5,0.0427,0.4559,25.8,31.4,4,1
3.61,Finance,3,10.0,0.0384,0.6733,17.3,6.8,4,1
0.97,Sales,1,15.9,0.0145,0.5769,22.0,39.5,4,1
8.51,Operations,4,6.4,0.0295,0.4699,6.3,3.3,1,1
0.54,Sales,2,21.4,0.1458,0.6811,2.8,65.7,4,1
0.24,HR,2,1.7,0.0136,0.8369,10.0,18.8,5,0
11.22,HR,1,4.1,0.1179,0.4772,13.1,74.0,2,1
5.77,Operations,4,20.3,0.0318,0.6362,5.6,90.9,4,0
1.65,Finance,2,15.4,0.0638,0.4757,23.0,59.0,4,0
2.24,Marketing,3,1.6,0.0738,0.6899,10.1,66.4,5,0
3.81,Operations,3,1.9,0.0813,0.5476,55.9,42.8,3,1
5.63,Operations,3,13.4,0.0565,0.6581,57.6,8.8,5,1
1.66,Operations,3,11.5,0.0263,0.6441,1.0,43.0,3,0
3.57,Operations,4,7.1,0.0511,0.7682,3.9,41.0,3,0
1.11,Operations,1,20.9,0.0124,0.5462,15.5,38.6,3,1
0.12,Operations,1,5.0,0.0486,0.6119,50.2,62.5,4,0
6.34,Finance,3,0.9,0.0827,0.445,26.1,51.2,2,0
0.38,Engineering,2,14.1,0.096,0.8623,15.7,90.9,3,1
0.07,Engineering,2,16.3,0.0375,0.6562,10.1,75.7,5,1
7.65,Marketing,3,5.3,0.1493,0.4712,1.4,71.3,4,0
8.07,Sales,2,3.1,0.0956,0.6733,6.1,90.5,4,0
2.09,Marketing,3,1.0,0.0133,0.3879,1.3,48.0,1,0
2.84,Operations,1,8.6,0.0209,0.9297,1.1,91.9,5,0
1.56,Finance,4,11.1,0.0963,0.5379,15.2,41.5,4,1
1.86,Marketing,1,17.2,0.0085,0.6662,0.0,28.8,5,1
0.97,Sales,2,11.6,0.0525,0.5499,2.4,79.1,3,0
0.86,HR,4,5.6,0.0568,0.6827,0.3,80.1,2,0
1.45,Operations,1,10.0,0.0163,0.5668,60.0,41.1,4,0
6.28,Marketing,1,17.8,0.1609,0.8286,4.4,63.4,4,1
11.22,Sales,1,11.0,0.0212,0.7311,36.4,86.7,5,0
5.64,Operations,2,16.0,0.0313,0.3713,10.9,2.9,1,1
4.3,HR,2,3.3,0.0365,0.6019,16.2,76.4,4,1
2.28,Operations,1,13.7,0.0513,0.8954,8.3,34.9,2,0
1.18,Finance,4,11.6,0.1531,0.8305,12.7,93.0,3,1
3.51,Finance,1,6.7,0.0129,0.6758,1.9,13.9,5,0
0.24,Engineering,2,18.0,0.0557,0.3546,13.6,64.4,4,1
13.52,HR,2,30.1,0.0556,0.3684,10.5,75.9,3,0
4.32,Marketing,1,1.5,0.0168,0.7382,16.2,14.5,4,0
7.37,Operations,1,6.9,0.0409,0.6676,6.9,87.5,3,0
0.05,Engineering,5,8.2,0.0371,0.7787,3.2,40.5,3,0
0.37,Engineering,3,8.6,0.0107,0.6581,1.2,3.1,1,1
4.98,Marketing,1,5.1,0.0778,0.4874,8.1,65.7,4,0
0.1,HR,3,1.8,0.0875,0.8467,6.3,0.5,4,1
2.69,Operations,2,7.2,0.0508,0.781,60.0,93.8,1,1
0.89,Engineering,1,8.2,0.0318,0.7164,9.5,51.3,2,1
1.31,HR,3,6.7,0.0419,0.7246,48.7,87.8,3,0
4.37,Engineering,2,8.3,0.009,0.6447,4.0,66.8,4,0
0.96,Marketing,1,10.2,0.0838,0.5104,39.3,93.8,2,1
1.32,Operations,4,7.4,0.0127,0.5997,60.0,54.2,5,0
3.37,Engineering,1,5.1,0.0321,0.7305,28.5,32.5,4,0
0.61,Sales,1,8.4,0.0715,0.1406,60.0,8.0,2,1
4.27,Operations,1,10.8,0.0944,0.7399,8.8,25.4,5,1
6.6,Engineering,3,9.0,0.0915,0.2433,57.0,90.6,4,0
8.37,Operations,3,31.5,0.0617,0.8631,6.6,98.3,3,0
2.63,Operations,4,11.4,0.0705,0.4733,50.8,3.7,5,1
0.88,Engineering,1,8.7,0.0476,0.61,18.8,25.7,4,1
0.64,Engineering,3,4.5,0.0513,0.6822,5.0,20.3,3,0
0.63,Marketing,2,4.6,0.0659,0.8221,16.9,51.5,1,0
0.12,Engineering,1,6.7,0.0852,0.9191,0.4,45.9,5,0
4.72,Finance,1,6.9,0.0738,0.7791,31.2,98.1,3,1
2.34,Engineering,3,6.7,0.0246,0.5229,12.4,35.4,3,0
7.66,Finance,1,11.7,0.1363,0.5584,10.1,59.3,5,1
0.45,HR,2,17.6,0.0179,0.1437,60.0,79.6,1,1
10.66,Marketing,2,14.1,0.0181,0.5544,16.9,1.5,5,1
2.01,Operations,1,13.0,0.0951,0.4387,49.5,79.0,3,0
0.41,HR,5,4.0,0.0553,0.542,10.3,69.3,3,0
0.07,Finance,3,19.4,0.0445,0.4933,4.1,90.9,4,0
0.77,Finance,2,4.4,0.0392,0.759,20.1,96.4,3,1
6.64,Operations,3,10.6,0.0864,0.5889,7.6,56.7,3,1
0.77,Sales,2,12.4,0.0597,0.6352,5.7,73.4,2,0
4.3,Sales,3,19.8,0.0292,0.4613,0.5,98.7,3,1
0.28,HR,1,27.8,0.1228,0.9195,24.3,84.3,5,1
2.04,Marketing,2,6.5,0.1043,0.5823,41.9,58.2,2,1
3.43,Operations,1,10.0,0.0365,0.4482,14.5,14.7,5,0
6.12,Sales,2,18.6,0.076,0.6819,27.4,37.1,4,1
3.77,Engineering,2,29.4,0.0508,0.9062,26.5,87.7,4,1
0.16,Finance,1,7.1,0.0701,0.1061,4.4,8.3,4,1
5.27,Finance,5,4.2,0.0111,0.4897,2.8,88.7,1,0
0.02,HR,1,2.5,0.1327,0.3645,7.7,63.1,5,0
0.69,Sales,1,1.6,0.025,0.4874,40.5,81.0,4,0
8.41,Operations,2,4.9,0.0224,0.4659,34.0,40.2,5,0
4.38,Operations,2,16.1,0.0803,0.1736,33.9,30.7,3,1
4.1,Marketing,1,16.8,0.031,0.7555,11.6,97.0,4,1
2.44,Finance,2,11.4,0.0492,0.5413,2.9,59.0,4,1
4.24,Sales,3,6.8,0.0147,0.4812,20.4,68.5,1,0
0.7,HR,1,11.8,0.0535,0.5133,5.5,92.7,2,0
2.7,Engineering,5,9.1,0.0676,0.513,3.3,47.5,4,0
1.55,Sales,1,7.1,0.07,0.7629,6.9,8.2,3,0
1.38,HR,2,11.0,0.0063,0.3184,24.6,24.8,2,0
3.73,HR,1,6.6,0.0336,0.431,13.0,62.3,5,0
1.01,Engineering,3,11.0,0.0541,0.4004,60.0,76.3,2,1
3.35,Operations,3,12.2,0.038,0.1141,2.8,50.6,5,0
1.83,Sales,1,14.4,0.0134,0.7087,35.3,64.1,4,0
17.3,Finance,1,1.9,0.0443,0.6501,12.8,68.2,5,0
0.93,HR,1,19.6,0.0243,0.7124,31.2,4.2,4,1
0.26,HR,1,8.2,0.027,0.7905,9.5,47.6,4,0
7.76,Operations,5,28.0,0.057,0.4325,1.4,87.7,2,1
11.95,Marketing,2,16.2,0.0092,0.826,10.9,6.0,5,0
3.94,Operations,2,4.3,0.1619,0.4032,2.1,67.5,3,0
0.16,HR,5,13.1,0.0669,0.7467,17.7,55.2,4,0
0.06,Sales,3,18.6,0.0388,0.452,3.5,71.9,1,1
0.38,HR,3,7.4,0.0478,0.6756,25.4,89.1,2,1
7.41,Finance,1,4.1,0.0241,0.717,41.6,88.8,5,0
12.33,HR,1,3.5,0.0091,0.6338,2.4,82.3,3,0
0.54,HR,1,2.4,0.0227,0.3712,28.6,43.3,3,1
0.61,Engineering,1,1.0,0.0192,0.3046,16.0,17.8,3,1
0.76,Finance,2,8.3,0.0217,0.5689,3.0,71.9,5,0
6.81,Marketing,1,3.6,0.0873,0.2057,28.6,75.4,4,0
3.43,Finance,2,5.3,0.0641,0.5538,56.2,14.9,3,1
3.25,Operations,2,28.4,0.0207,0.7489,5.9,74.1,5,1
0.03,Operations,1,12.3,0.0037,0.579,6.2,74.1,4,0
2.13,Operations,1,4.2,0.0872,0.625,56.6,54.2,5,0
2.35,Engineering,2,37.2,0.0418,0.5897,12.9,85.6,2,1
0.95,Operations,2,10.9,0.0886,0.5379,2.7,90.2,3,1
0.16,HR,3,35.1,0.047,0.5736,0.6,17.8,4,1
3.71,HR,3,24.0,0.0358,0.6108,18.6,17.6,2,1
3.59,HR,1,11.2,0.0265,0.5453,5.6,9.3,4,0
1.27,Sales,1,8.3,0.0308,0.854,25.4,92.0,4,0
6.22,Operations,1,16.0,0.0505,0.5904,8.6,16.5,2,0
5.74,Finance,1,10.5,0.0339,0.9231,1.7,53.5,3,1
4.61,Operations,2,6.2,0.03,0.5229,1.8,9.3,5,0
2.22,Operations,5,5.9,0.0306,0.8358,1.2,59.2,4,0
16.92,HR,1,17.8,0.0164,0.5482,3.1,42.3,4,0
1.03,Marketing,1,4.2,0.0866,0.6861,6.4,23.3,4,1
2.27,Finance,3,17.6,0.0812,0.6495,60.0,68.1,2,1
6.84,HR,2,9.3,0.0252,0.4229,30.8,47.0,4,0
5.0,Marketing,1,2.0,0.1013,0.5291,2.4,48.9,5,0
2.42,Marketing,1,18.6,0.0211,0.577,13.8,96.8,5,0
3.24,Operations,4,4.3,0.0182,0.4329,2.3,31.5,1,1
5.84,Marketing,1,4.8,0.0573,0.1949,16.5,99.3,2,1
2.17,Finance,2,7.6,0.0529,0.3829,9.1,83.9,1,1
0.43,Operations,3,8.6,0.074,0.8149,20.1,16.1,3,1
0.88,Engineering,1,11.2,0.0123,0.4574,5.7,35.2,3,1
2.79,Marketing,3,17.9,0.1022,0.865,49.3,31.4,4,1
0.19,HR,1,17.5,0.0136,0.5177,17.8,73.1,2,1
3.76,HR,1,5.7,0.0349,0.5954,2.7,26.6,4,0
0.3,Marketing,1,5.9,0.1448,0.4107,8.4,28.0,5,1
1.46,Sales,5,16.6,0.0317,0.5008,2.9,73.6,2,0
3.62,Operations,1,3.7,0.0826,0.7931,50.8,77.6,2,1
0.68,HR,1,9.2,0.0664,0.4978,32.6,73.5,2,1
2.55,HR,4,22.9,0.0482,0.9489,8.9,49.6,5,0
19.55,Sales,1,6.4,0.0355,0.4714,26.2,74.4,4,0
0.24,HR,4,2.4,0.0513,0.9162,2.0,59.1,3,0
3.44,Operations,3,4.3,0.0382,0.3787,5.8,85.7,3,0
3.78,Engineering,2,4.6,0.0519,0.6299,5.3,70.7,5,0
3.85,Finance,3,4.0,0.0484,0.5546,5.9,61.3,4,1
10.46,Operations,3,7.4,0.0412,0.8262,3.8,61.9,3,0
4.42,HR,1,34.6,0.0619,0.4837,7.6,29.3,3,1
11.63,Finance,5,12.9,0.028,0.7941,23.3,59.2,5,0
2.45,HR,4,7.9,0.0405,0.435,13.9,97.5,5,0
2.55,Engineering,4,8.5,0.0523,0.5741,8.6,94.6,1,1
12.81,Finance,2,5.1,0.0191,0.7109,27.5,12.1,4,0
3.31,Operations,2,8.4,0.0184,0.5203,0.5,39.4,1,0
1.18,Finance,2,22.2,0.0375,0.6382,60.0,22.7,4,1
5.18,HR,1,9.5,0.0307,0.1124,5.3,77.2,5,0
3.58,Engineering,2,17.4,0.0191,0.3168,5.7,56.0,1,1
4.59,Operations,2,15.9,0.0292,0.5605,6.6,88.7,3,1
3.3,Operations,3,33.6,0.0037,0.7152,0.6,12.8,4,1
6.61,Operations,1,15.7,0.0203,0.3567,0.5,62.1,3,1
1.73,HR,2,32.1,0.0628,0.1808,13.0,48.5,2,1
0.68,Finance,2,18.3,0.0369,0.6937,50.0,58.6,3,1
0.89,HR,2,11.2,0.0267,0.5441,46.3,81.6,3,1
4.5,Sales,5,4.7,0.1208,0.3889,2.3,84.5,3,0
3.52,Sales,3,17.4,0.058,0.1865,56.5,0.0,5,1
10.89,HR,1,18.4,0.0465,0.58,9.3,85.5,5,0
2.69,Finance,1,18.7,0.0475,0.6488,18.0,98.0,4,0
1.14,Engineering,3,0.4,0.0426,0.5367,22.6,76.6,1,0
15.16,Marketing,2,6.3,0.0308,0.8065,32.5,19.6,1,1
9.19,HR,3,12.8,0.0385,0.7699,1.3,29.7,4,0
6.12,Operations,1,6.7,0.0108,0.5255,14.3,9.9,4,1
8.22,Sales,1,5.8,0.1086,0.2791,28.7,98.9,2,1
1.89,Engineering,2,5.1,0.0362,0.7327,6.5,41.4,5,0
1.07,Sales,3,2.1,0.054,0.1183,0.7,90.3,4,0
1.45,Operations,5,12.3,0.0034,0.5974,2.1,77.0,2,1
7.96,Sales,4,5.5,0.0361,0.3986,28.6,35.5,5,0
5.4,Marketing,2,6.4,0.0664,0.7054,2.8,25.9,4,0
0.22,Operations,3,7.9,0.0765,0.3773,9.9,45.5,5,0
4.16,Sales,1,13.7,0.01,0.8402,7.8,33.5,5,0
1.24,Finance,2,11.0,0.0322,0.6789,19.1,55.7,1,1
11.93,Sales,4,10.6,0.0811,0.1412,19.7,3.0,4,1
5.6,HR,2,0.8,0.0271,0.7227,2.9,62.3,2,0
4.02,Sales,5,17.7,0.0174,0.3822,12.5,88.7,3,1
2.82,Marketing,1,26.9,0.0239,0.188,31.5,22.5,3,1
0.76,Operations,1,10.4,0.0784,0.5313,0.7,34.4,4,0
4.45,Sales,2,3.6,0.0484,0.4331,60.0,91.2,5,1
2.78,Sales,4,6.0,0.0705,0.1851,6.7,69.7,2,0
6.54,Marketing,1,3.7,0.0283,0.5385,1.8,1.4,3,1
1.49,HR,3,24.8,0.0161,0.4758,11.3,41.1,5,1
4.0,Finance,1,6.4,0.0964,0.771,20.1,12.1,3,1
0.39,Marketing,3,10.8,0.0235,0.8288,25.2,23.6,3,1
0.85,Engineering,2,7.7,0.0094,0.5393,13.4,76.8,4,0
0.82,Operations,1,13.3,0.034,0.4801,34.0,8.7,1,1
1.59,HR,3,4.5,0.0662,0.7374,20.8,33.2,3,0
7.35,Finance,3,10.5,0.0344,0.5886,7.2,15.9,4,0
2.29,HR,2,6.5,0.1348,0.5997,17.8,76.9,2,1
2.73,Marketing,1,19.3,0.0154,0.264,12.8,38.8,3,1
0.3,Finance,1,1.0,0.0773,0.8825,5.2,48.2,2,0
2.19,Sales,5,7.1,0.0106,0.8539,7.4,13.6,5,0
2.41,Sales,3,18.1,0.0105,0.3361,38.2,90.8,1,1
1.5,Operations,3,16.6,0.0537,0.4638,37.4,86.8,5,1
3.87,Finance,3,2.2,0.0397,0.6621,3.2,78.9,5,0
2.49,Sales,3,15.4,0.0727,0.2096,4.6,83.2,4,0
0.65,Engineering,1,4.1,0.0214,0.799,10.5,99.6,5,0
3.3,Engineering,2,5.2,0.1405,0.2624,24.4,53.9,4,1
2.53,Operations,3,17.4,0.0522,0.7214,20.0,86.8,1,1
1.5,Operations,1,6.9,0.0302,0.8359,4.1,87.7,2,0
0.1,HR,1,2.1,0.01,0.4952,0.8,48.0,5,0
1.92,Sales,2,3.2,0.0751,0.6776,37.1,17.7,5,1
8.73,HR,4,9.3,0.1021,0.9458,1.7,56.8,5,0
6.52,Engineering,3,6.8,0.0589,0.9441,51.3,78.5,3,1
3.11,Finance,1,6.7,0.0716,0.7808,33.9,67.1,2,0
0.76,Finance,5,13.1,0.0061,0.1278,11.5,71.7,3,0
5.31,Operations,1,11.5,0.0184,0.785,0.6,18.8,5,0
6.1,Sales,1,7.1,0.0241,0.6986,0.6,10.4,2,0
0.17,Sales,5,16.8,0.0169,0.4715,20.8,30.7,4,0
9.26,Engineering,3,13.2,0.1054,0.5165,3.9,54.2,5,0
9.8,HR,4,11.0,0.0151,0.7059,34.3,21.5,5,0
0.89,Finance,3,5.9,0.0163,0.5038,37.2,19.2,3,0
1.57,Engineering,3,18.7,0.0141,0.4513,6.6,98.5,3,0
0.25,Marketing,1,6.6,0.0937,0.4984,14.6,75.6,4,0
5.79,HR,1,7.1,0.0731,0.8199,45.6,36.0,3,1
2.62,Marketing,4,25.2,0.0155,0.7861,6.5,12.3,3,1
4.43,HR,4,4.3,0.0114,0.4697,10.6,15.1,2,0
3.81,Engineering,2,4.3,0.1146,0.3302,10.1,39.7,3,0
4.85,Engineering,2,7.3,0.0384,0.1395,17.4,21.1,2,1
2.2,Finance,1,3.5,0.0196,0.62,0.6,2.4,1,0
1.04,Finance,1,3.6,0.0684,0.5908,60.0,80.7,5,0
2.08,Marketing,4,24.7,0.0039,0.3958,60.0,26.0,4,1
0.62,Operations,1,7.2,0.0171,0.8871,12.4,86.1,5,0
14.8,Engineering,2,11.2,0.0172,0.7002,16.7,94.1,4,0
1.95,Sales,4,2.5,0.0197,0.9079,56.0,48.4,4,0
1.15,Sales,2,4.0,0.0352,0.5601,9.6,25.2,3,1
1.58,Engineering,2,27.0,0.0196,0.467,14.7,64.1,4,1
1.67,Engineering,1,3.6,0.1482,0.823,7.5,94.9,1,1
2.48,Engineering,1,11.5,0.0299,0.5992,9.2,75.3,4,0
2.49,Finance,1,0.3,0.013,0.7526,60.0,15.4,4,1
1.25,Engineering,1,2.3,0.0255,0.4784,4.4,82.4,3,0
2.53,Sales,1,7.1,0.0169,0.7613,0.4,56.3,4,0
14.3,Engineering,1,16.5,0.0269,0.5148,17.6,45.8,5,0
0.46,Marketing,1,8.9,0.1289,0.5549,3.4,18.2,3,1
0.75,Finance,1,7.6,0.0506,0.8237,13.5,54.0,3,0
12.58,Operations,5,14.0,0.0586,0.8874,16.3,73.9,3,0
6.04,Engineering,1,10.4,0.0449,0.8131,10.0,37.8,5,0
11.9,Sales,2,1.7,0.011,0.4176,60.0,95.3,5,0
4.36,HR,4,8.5,0.0196,0.6596,3.0,16.9,5,0
7.31,Finance,1,6.0,0.0757,0.9483,20.7,2.2,4,1
0.32,Engineering,2,7.4,0.0823,0.4221,16.6,50.7,5,1
6.98,Sales,3,5.9,0.0578,0.7904,8.4,17.1,4,0
2.91,HR,2,8.6,0.0464,0.3934,14.5,64.2,3,0
7.6,Engineering,1,11.8,0.0586,0.353,1.3,43.3,3,1
3.31,HR,3,2.8,0.045,0.427,42.4,41.1,5,0
0.03,Marketing,3,4.9,0.0489,0.5188,14.4,45.5,5,0
1.35,Finance,2,13.6,0.0073,0.9362,36.1,12.1,3,1
0.81,HR,1,14.9,0.019,0.6246,2.4,27.5,3,0
4.84,HR,1,22.4,0.0405,0.2858,23.4,44.8,5,1
3.87,Operations,3,9.1,0.0023,0.8113,4.0,76.4,4,0
1.28,Finance,1,4.7,0.03,0.4849,14.8,88.5,4,0
1.89,Finance,1,5.0,0.0541,0.4493,23.8,27.1,1,1
0.87,Operations,2,8.9,0.0344,0.6846,4.0,15.7,4,0
0.79,Engineering,4,4.0,0.0728,0.457,1.4,36.6,3,1
0.38,Engineering,1,21.3,0.0602,0.7542,4.2,36.8,3,1
2.62,HR,1,5.9,0.0943,0.6766,11.0,45.3,3,0
1.11,Sales,2,19.3,0.1052,0.3989,36.4,61.2,5,1
2.15,Sales,3,3.5,0.0169,0.8076,1.2,42.3,1,0
2.99,Engineering,2,7.4,0.1055,0.4521,5.6,25.4,4,0
3.12,Operations,4,6.6,0.0225,0.4544,1.1,8.1,4,1
0.84,Finance,1,2.4,0.0202,0.4619,5.0,80.4,3,0
1.27,Marketing,1,7.0,0.0406,0.2826,5.6,73.9,5,0
0.05,Engineering,2,10.3,0.0386,0.9218,2.9,85.5,4,0
1.88,HR,1,0.9,0.0837,0.4531,8.0,18.9,4,0
4.86,Finance,2,12.6,0.0256,0.5589,7.0,85.0,3,0
0.13,Finance,3,11.0,0.0199,0.8444,8.1,90.3,5,0
6.37,Marketing,1,8.4,0.0242,0.4919,32.0,84.5,5,0
7.96,Marketing,3,14.4,0.011,0.4642,42.6,3.8,4,1
2.93,HR,1,15.1,0.0045,0.7024,17.0,34.6,3,0
6.38,Marketing,2,42.6,0.0383,0.3727,24.9,96.8,5,1
2.17,Sales,2,2.3,0.1022,0.8369,20.0,53.9,1,1
1.15,Engineering,2,23.5,0.0082,0.7439,46.0,77.0,5,1
0.22,Operations,1,17.0,0.04,0.5901,14.7,30.9,3,1
0.18,Engineering,5,11.0,0.0871,0.7825,6.8,44.7,3,1
6.42,Sales,4,3.6,0.0216,0.6037,4.4,38.3,1,1
9.68,Engineering,3,6.2,0.0321,0.8256,20.7,79.6,3,0
2.77,Sales,4,5.5,0.0473,0.6391,5.9,14.9,2,0
7.81,HR,1,7.8,0.0689,0.4854,9.6,46.0,3,0
3.59,Engineering,2,14.0,0.0366,0.0546,9.9,88.7,4,0
5.87,HR,1,20.5,0.0393,0.4504,8.7,86.4,5,0
3.31,Operations,4,28.0,0.0693,0.8544,1.4,81.5,2,1
3.16,Engineering,1,6.2,0.0546,0.4204,15.2,10.6,3,1
1.49,Operations,1,9.7,0.013,0.7307,37.5,58.0,2,0
3.29,HR,3,4.2,0.0239,0.3545,27.9,32.2,4,0
1.05,Finance,1,17.6,0.0954,0.2401,37.4,97.1,3,1
0.2,HR,3,11.5,0.1126,0.425,1.9,57.8,2,1
2.69,Sales,1,7.2,0.0454,0.9365,0.5,90.1,4,0
0.35,Engineering,3,2.1,0.0524,0.5997,6.0,18.0,2,0
1.99,Finance,4,9.8,0.0071,0.5795,32.9,82.7,4,0
0.08,Operations,2,10.6,0.0213,0.4833,41.0,41.5,1,1
3.34,Finance,1,1.5,0.0227,0.4009,60.0,48.5,4,1
1.32,Finance,1,2.8,0.0433,0.4743,18.4,82.3,1,1
0.46,Finance,1,9.7,0.1005,0.7107,16.4,19.9,4,0
1.87,HR,1,26.4,0.0556,0.263,6.1,16.3,2,1
1.76,Engineering,2,18.9,0.1394,0.9215,9.8,5.2,4,1
5.16,Finance,1,7.4,0.1105,0.689,13.6,54.0,1,1
8.83,Operations,1,6.6,0.0984,0.8229,40.5,69.8,3,1
4.93,Sales,1,4.8,0.0122,0.7097,24.2,92.8,4,1
0.45,Operations,4,4.4,0.0402,0.777,3.1,76.8,4,0
0.94,Operations,1,6.9,0.0413,0.8213,33.5,61.8,3,1
20.0,Sales,1,31.7,0.053,0.5805,0.9,50.8,3,1
1.83,Finance,2,6.5,0.0658,0.6532,24.6,45.7,3,1
1.78,Marketing,1,8.6,0.0709,0.3353,12.5,43.7,1,1
5.89,HR,4,3.0,0.0604,0.7126,39.9,80.6,4,0
5.68,Marketing,1,12.9,0.0375,0.652,38.0,35.6,5,0
0.49,Operations,3,8.5,0.0109,0.8753,24.2,31.4,4,0
3.16,Finance,2,6.2,0.0215,0.4983,5.5,89.3,3,0
0.44,Operations,3,3.7,0.0138,0.6707,23.4,87.2,3,0
6.36,Marketing,3,4.6,0.0293,0.62,9.8,73.7,4,0
0.27,Marketing,3,5.9,0.0273,0.7804,15.3,65.5,1,0
2.69,Operations,2,6.2,0.0575,0.7795,13.0,36.4,3,1
7.28,Sales,2,3.7,0.0245,0.6115,23.0,76.6,2,0
2.04,Engineering,3,7.9,0.0536,0.5268,0.4,78.5,4,0
4.35,Engineering,2,10.0,0.0454,0.6593,6.5,50.5,5,1
3.1,Sales,2,14.6,0.0363,0.748,33.7,38.8,2,1
7.0,Marketing,1,25.4,0.0422,0.8635,7.7,11.9,3,1
10.71,Finance,1,1.5,0.0707,0.5069,20.8,57.9,3,0
4.42,HR,2,11.1,0.0573,0.5449,20.7,52.1,3,1
9.07,Engineering,1,6.8,0.0426,0.4446,13.6,63.7,3,0
1.51,Marketing,2,1.0,0.0379,0.6015,10.9,1.3,4,0
2.76,HR,1,5.1,0.0236,0.7607,12.9,62.5,4,0
2.09,Marketing,2,13.5,0.0251,0.7175,22.0,82.2,4,0
9.36,Engineering,3,12.3,0.045,0.3211,4.1,58.9,1,1
5.95,Sales,2,9.3,0.0292,0.2792,21.0,45.2,1,1
1.31,Engineering,3,4.7,0.1567,0.384,16.1,99.6,5,0
1.64,Sales,1,21.1,0.0658,0.8055,42.2,61.4,5,1
11.04,Operations,1,3.3,0.1392,0.6085,16.7,79.8,2,1
0.97,HR,3,6.3,0.0405,0.7707,41.1,22.2,5,0
1.78,HR,3,7.2,0.0642,0.8833,35.3,19.4,5,0
1.6,Sales,3,8.0,0.0915,0.6096,1.2,92.4,4,0
0.09,Sales,3,35.6,0.0277,0.742,53.0,92.7,3,0
3.12,Marketing,3,24.0,0.0352,0.2561,12.3,12.8,2,1
1.88,Operations,3,12.0,0.0495,0.8684,38.3,96.4,5,1
0.46,Marketing,3,8.5,0.0089,0.6513,4.3,72.9,3,0
0.06,Marketing,3,8.5,0.0782,0.6192,60.0,29.9,2,1
1.93,HR,1,14.2,0.1296,0.7095,46.7,21.8,4,1
6.01,Engineering,1,18.4,0.0258,0.5682,15.3,65.1,5,0
5.4,Marketing,2,3.2,0.0197,0.5782,23.4,9.7,5,0
0.95,Marketing,2,25.6,0.0516,0.6638,60.0,71.1,5,1
1.26,Finance,3,11.6,0.0771,0.6912,2.2,82.2,3,0
2.33,Engineering,1,5.5,0.0154,0.9589,12.2,50.9,4,0
0.33,Marketing,1,7.7,0.0235,0.5243,27.9,82.6,5,0
3.57,Operations,3,12.1,0.0501,0.7409,10.8,67.5,5,0
1.04,Sales,1,12.5,0.0205,0.8286,8.0,57.9,4,0
7.45,Engineering,3,3.7,0.0264,0.864,6.4,42.7,4,0
3.65,Marketing,1,8.2,0.0176,0.6968,3.8,65.2,5,0
1.31,Sales,2,10.0,0.0804,0.6575,14.6,97.4,4,1
5.8,Marketing,2,18.6,0.0348,0.7664,4.2,11.8,2,1
8.0,Marketing,1,20.0,0.0518,0.6904,7.3,16.9,3,1
2.75,Sales,1,2.9,0.0253,0.2519,10.2,66.3,5,0
1.12,Engineering,1,8.9,0.0268,0.6015,9.2,98.5,1,0
11.62,Finance,1,5.3,0.0914,0.8554,0.6,50.0,3,0
7.08,HR,1,11.9,0.0491,0.796,18.4,39.6,5,1
8.54,Operations,3,34.5,0.0092,0.834,0.4,96.0,4,0
3.91,HR,1,17.1,0.0719,0.8187,40.6,27.9,3,1
3.66,Sales,2,12.6,0.0063,0.6209,31.4,32.9,4,1
4.17,Operations,1,15.2,0.0583,0.4486,12.7,42.2,4,1
0.63,Marketing,4,22.9,0.0234,0.4149,0.4,51.9,4,1
3.28,Finance,3,16.1,0.0207,0.753,8.4,5.4,2,1
0.67,Operations,5,3.3,0.0293,0.4589,19.5,40.3,5,0
1.04,Marketing,4,26.9,0.0328,0.7051,47.0,58.3,1,1
1.38,Operations,1,9.5,0.0279,0.4677,5.4,12.4,4,0
5.06,Marketing,3,11.5,0.045,0.2981,33.3,46.1,4,1
2.52,HR,1,19.9,0.0269,0.4504,5.1,30.7,2,0
2.51,Engineering,4,33.4,0.0641,0.2065,33.3,11.2,1,1
3.77,Finance,2,6.3,0.0563,0.6258,10.4,91.6,3,0
2.5,Marketing,2,19.2,0.0156,0.409,6.3,35.8,1,1
4.41,Operations,4,6.0,0.1096,0.4366,3.4,49.3,5,0
0.27,Marketing,3,10.8,0.1028,0.9123,14.0,52.5,5,1
1.78,Finance,5,2.4,0.0607,0.5244,6.6,16.6,5,0
2.61,Finance,1,6.0,0.0105,0.4687,60.0,56.6,5,0
0.41,Engineering,1,10.5,0.0093,0.4544,35.8,24.6,2,0
2.15,Engineering,1,13.1,0.1323,0.8621,25.0,60.5,4,1
2.19,Engineering,2,12.6,0.0128,0.7322,17.2,11.7,3,0
4.3,Operations,2,17.6,0.0405,0.6236,60.0,79.2,1,1
1.38,Marketing,1,6.7,0.0277,0.6597,0.8,86.3,4,0
3.84,Sales,3,8.3,0.1065,0.7682,7.9,98.0,1,1
4.79,HR,1,8.6,0.0747,0.7356,1.1,89.5,5,0
4.13,HR,3,7.1,0.0448,0.5743,56.7,66.4,5,0
1.12,Sales,4,4.3,0.0739,0.2304,11.8,14.5,5,0
4.57,HR,2,9.6,0.0952,0.7495,32.4,8.7,1,1
4.2,HR,2,15.7,0.0162,0.838,30.4,7.9,1,1
1.37,Marketing,1,11.4,0.0482,0.6145,8.6,84.0,3,1
0.93,Marketing,1,6.4,0.0147,0.3536,60.0,76.5,5,0
1.31,Engineering,3,9.7,0.0132,0.3953,7.6,22.3,4,0
0.61,HR,2,6.1,0.0792,0.4215,37.2,23.7,4,1
2.87,Operations,1,13.3,0.0425,0.4098,2.9,9.7,2,1
2.6,Operations,5,16.0,0.0729,0.6426,9.9,97.2,3,0
2.08,Marketing,3,16.3,0.0087,0.7714,3.3,25.1,3,0
1.23,Marketing,3,7.7,0.02,0.4466,35.1,84.8,5,1
0.38,Engineering,2,6.2,0.0657,0.4089,38.0,76.5,4,0
8.01,Operations,5,17.6,0.0381,0.6573,22.5,80.2,2,1
2.99,Marketing,1,7.2,0.0517,0.6039,21.8,62.9,3,0
5.31,Operations,1,9.6,0.0105,0.539,13.5,21.3,4,0
6.26,Operations,4,11.3,0.0404,0.885,1.5,22.0,4,0
5.35,Sales,4,9.0,0.0108,0.316,5.3,93.4,3,0
1.95,Engineering,2,14.7,0.0814,0.5109,20.7,55.3,5,0
3.5,Finance,1,2.7,0.0492,0.6168,0.3,67.1,3,0
0.16,HR,1,12.5,0.0275,0.5101,49.2,53.0,1,1
5.97,Engineering,3,4.8,0.1012,0.5845,5.6,34.2,5,1
8.33,Sales,3,6.6,0.0673,0.7073,0.7,70.5,5,0
9.58,Operations,1,10.3,0.0262,0.588,11.8,86.0,3,0
0.97,HR,1,2.1,0.0439,0.0585,1.3,23.4,4,1
0.87,Sales,3,8.0,0.0228,0.8069,16.5,16.3,3,1
2.4,Finance,3,7.0,0.1907,0.3768,60.0,6.6,3,1
3.58,Finance,2,8.3,0.0267,0.6005,3.0,90.3,5,0
3.22,Sales,2,6.7,0.0179,0.3342,5.0,68.7,5,0
6.99,Operations,5,9.6,0.0431,0.6378,13.2,71.1,2,0
2.65,Finance,1,5.9,0.0578,0.7858,13.9,5.4,4,0
2.54,Engineering,2,8.8,0.0568,0.4207,15.9,39.9,2,0
2.72,Sales,2,10.3,0.101,0.4062,3.2,5.7,4,1
1.98,Operations,2,18.0,0.0321,0.783,17.6,68.9,5,0
1.92,Engineering,4,20.7,0.0072,0.5597,19.6,34.2,2,0
1.35,Engineering,2,2.9,0.0771,0.562,10.9,98.1,3,0
0.53,Finance,2,18.9,0.0826,0.5834,42.0,72.1,5,1
1.07,HR,1,4.3,0.06,0.5395,11.2,14.3,3,0
0.53,Sales,3,8.8,0.1231,0.7647,36.2,18.2,1,1
2.34,HR,1,2.2,0.0343,0.6141,14.7,12.2,3,0
12.8,Sales,1,1.3,0.0732,0.794,7.9,25.0,3,0
3.09,HR,2,33.2,0.0138,0.3162,60.0,97.1,4,1
2.75,Sales,2,9.0,0.0583,0.4583,60.0,98.5,3,0
2.87,Finance,5,7.6,0.0185,0.8664,14.5,28.7,2,0
0.87,Marketing,3,11.1,0.009,0.9384,29.8,24.4,4,1
2.33,Operations,3,7.7,0.0363,0.5389,47.4,25.7,3,1
0.8,Engineering,1,15.9,0.0583,0.117,3.2,50.6,1,0
3.83,Sales,2,10.7,0.0764,0.3536,0.6,48.2,5,1
6.48,Sales,5,14.2,0.04,0.4385,24.4,44.8,5,0
0.87,Finance,2,4.9,0.0599,0.2345,0.3,8.0,5,0
9.56,Finance,3,2.5,0.0607,0.939,15.1,25.8,4,0
7.77,Operations,2,17.1,0.0301,0.6411,7.1,45.4,3,1
0.01,Operations,1,11.5,0.0529,0.4535,18.8,21.6,5,0
1.57,Marketing,2,3.3,0.1222,0.6618,28.9,62.5,2,1
0.75,Sales,1,3.4,0.0475,0.5364,4.8,15.4,4,0
0.6,Engineering,1,9.8,0.0495,0.5198,2.0,35.9,5,0
6.17,Operations,1,13.4,0.0241,0.8026,10.0,75.9,5,0
4.4,Operations,1,4.3,0.0108,0.7136,29.2,59.2,4,0
2.32,Sales,2,23.6,0.0957,0.793,46.0,91.2,5,1
5.71,Engineering,4,14.6,0.1118,0.3922,13.2,28.8,1,1
5.07,Marketing,2,17.9,0.0774,0.3215,23.2,1.0,1,1
0.33,Finance,3,9.6,0.012,0.6267,34.0,50.6,4,0
0.29,Operations,2,9.0,0.0156,0.5539,40.8,22.1,5,1
4.97,Finance,1,3.1,0.1275,0.3805,5.4,12.3,2,0
0.36,Marketing,1,4.9,0.0213,0.6554,23.3,1.8,3,1
6.61,Marketing,4,8.2,0.0634,0.6422,19.2,58.7,5,1
3.62,Engineering,2,11.7,0.1075,0.6828,1.7,38.6,5,0
4.47,Engineering,4,10.3,0.0049,0.7072,7.2,32.3,3,0
1.87,Marketing,1,1.5,0.0316,0.6912,12.1,38.1,5,0
1.09,Sales,3,4.1,0.0285,0.8252,60.0,76.3,3,0
1.43,Sales,3,10.7,0.0302,0.5436,8.9,23.2,3,1
0.44,Marketing,5,11.9,0.0133,0.2881,12.6,51.0,4,0
1.49,Sales,1,6.6,0.0441,0.5995,11.7,99.4,3,0
4.11,Engineering,5,13.8,0.062,0.5404,18.9,5.0,4,1
7.23,Engineering,2,13.7,0.066,0.3664,9.0,65.8,3,1
0.22,HR,3,31.7,0.0553,0.6664,9.7,68.3,4,1
6.91,Finance,2,9.1,0.0392,0.7274,22.7,42.3,4,1
10.68,Marketing,2,6.4,0.0632,0.7843,29.3,80.7,5,0
9.2,Operations,2,4.3,0.085,0.952,9.5,67.1,1,0
2.77,Finance,3,2.7,0.087,0.9247,5.0,71.2,4,0
6.89,Marketing,1,13.3,0.1083,0.7773,0.7,12.9,5,1
5.02,Sales,2,12.3,0.1172,0.3831,21.9,54.7,4,1
2.66,HR,2,3.1,0.0927,0.811,26.9,16.7,2,1
2.92,Sales,3,13.3,0.0823,0.7642,16.3,8.0,4,1
0.62,Engineering,2,10.0,0.0267,0.7928,35.3,42.5,5,1
6.06,Operations,3,7.2,0.0207,0.4136,10.8,9.9,2,1
0.28,Sales,2,1.4,0.0333,0.382,10.2,0.0,5,0
4.03,HR,3,12.2,0.0549,0.718,4.7,97.1,3,0
13.55,HR,3,25.8,0.0589,0.2681,6.5,87.7,5,0
4.99,Engineering,3,4.8,0.0203,0.5469,0.6,18.6,3,0
2.83,Operations,3,10.0,0.0245,0.837,4.9,15.0,2,1
1.67,Sales,2,12.9,0.022,0.4958,17.0,34.3,4,0
6.61,Engineering,1,0.8,0.0926,0.294,8.5,11.3,4,0
0.33,HR,3,4.1,0.0367,0.6384,0.1,33.9,4,0
2.37,Engineering,1,2.3,0.0549,0.2776,7.8,70.5,3,0
5.22,Operations,1,25.7,0.0318,0.7984,1.1,23.9,1,1
1.43,Sales,3,0.7,0.0327,0.5136,10.1,77.9,2,0
1.73,Sales,2,7.1,0.0287,0.5834,18.2,92.3,3,0
0.32,Sales,2,10.8,0.0561,0.4062,60.0,3.8,1,1
0.57,Engineering,5,4.7,0.0617,0.719,21.6,54.1,4,0
0.1,Engineering,1,0.9,0.0221,0.4475,20.0,7.6,4,0
1.5,Finance,1,7.4,0.0797,0.3654,2.0,55.1,2,1
2.57,Sales,1,4.7,0.0076,0.8357,29.9,3.7,4,0
1.39,Engineering,1,11.7,0.0427,0.5431,23.0,49.7,4,0
1.22,Sales,3,14.8,0.0327,0.78,3.8,42.7,4,0
4.04,Sales,3,3.1,0.0757,0.4392,17.5,95.8,4,0
9.68,HR,2,5.1,0.0563,0.6758,7.1,18.2,4,1
2.64,Operations,1,5.3,0.0262,0.5737,6.2,10.8,1,1
2.76,Sales,2,14.6,0.0341,0.7265,6.7,7.3,4,1
1.17,Marketing,1,9.2,0.038,0.6661,8.9,14.0,3,1
1.64,Marketing,3,3.2,0.0096,0.8022,10.5,58.6,4,0
1.44,Engineering,2,17.9,0.0114,0.7287,7.6,97.3,4,0
10.73,Finance,1,4.7,0.0102,0.6618,6.2,59.6,4,0
4.35,HR,3,5.8,0.0401,0.6079,60.0,65.2,4,0
5.37,Finance,3,3.9,0.0419,0.6633,41.7,61.5,3,1
0.75,Sales,1,9.7,0.0329,0.5089,12.8,17.5,4,1
6.05,HR,2,6.6,0.0799,0.6626,51.3,94.5,4,0
2.04,Engineering,2,21.5,0.0707,0.6039,19.2,99.2,3,1
0.52,Operations,1,9.3,0.0797,0.342,29.3,15.6,3,1
3.59,Finance,1,4.1,0.0217,0.6284,12.4,24.9,5,0
0.56,Engineering,3,8.6,0.1314,0.4973,1.5,57.0,5,0
2.11,Finance,4,23.6,0.0717,0.519,9.2,91.9,1,1
0.46,Operations,2,2.9,0.0189,0.7618,51.3,58.1,3,0
2.76,Marketing,2,12.2,0.0174,0.6969,2.0,37.7,5,1
0.79,Sales,2,1.4,0.0871,0.7185,13.4,38.0,4,1
0.84,Operations,2,20.5,0.0124,0.4906,7.1,40.0,2,0
0.57,Sales,1,5.9,0.0649,0.4858,21.1,93.1,3,1
0.15,Sales,2,4.0,0.0491,0.1815,13.0,77.1,2,0
0.47,Engineering,4,22.6,0.0646,0.4024,60.0,80.1,4,1
5.22,Operations,3,8.1,0.0656,0.3397,8.2,4.3,1,1
1.65,Marketing,4,8.4,0.0063,0.4477,1.6,31.0,3,0
6.26,Finance,1,6.0,0.0722,0.8265,1.1,78.4,1,0
9.35,Marketing,2,6.2,0.0463,0.4373,0.1,11.9,5,0
10.13,Sales,2,1.2,0.0974,0.451,0.2,26.2,2,0
0.26,Engineering,1,12.0,0.0115,0.5543,8.0,82.3,4,0
2.74,Operations,1,2.4,0.0314,0.3034,23.0,55.9,2,1
0.37,Operations,3,16.3,0.0248,0.9438,0.1,54.4,2,0
7.44,Engineering,3,3.4,0.1164,0.185,7.9,29.5,1,1
5.31,Engineering,2,9.0,0.0872,0.6857,17.1,9.3,1,1
1.57,Finance,1,5.2,0.0214,0.955,7.0,86.5,4,0
1.72,Engineering,2,6.0,0.0459,0.7403,11.7,18.2,4,1
2.84,Marketing,1,7.0,0.0093,0.4769,28.3,52.7,3,0
4.1,Operations,1,10.7,0.0195,0.4195,55.6,59.2,5,1
6.51,Sales,2,22.2,0.0877,0.289,5.4,47.7,3,1
0.41,Sales,1,5.9,0.0076,0.4655,60.0,81.4,5,1
2.88,Operations,5,1.0,0.049,0.3905,30.6,0.5,4,1
1.68,HR,2,19.0,0.0396,0.7782,13.6,36.3,2,0
1.12,Sales,1,13.4,0.1301,0.4678,4.6,70.0,2,1
4.31,Engineering,1,3.3,0.051,0.5569,60.0,4.8,2,1
1.8,Operations,3,2.7,0.1594,0.5384,18.9,92.1,4,0
4.95,Operations,1,11.1,0.0223,0.7295,14.5,37.9,4,1
6.13,Engineering,1,9.7,0.0273,0.6236,9.5,59.5,2,1
1.66,Marketing,2,25.9,0.0011,0.5725,3.6,0.9,5,0
0.06,Engineering,1,12.1,0.046,0.51,29.9,53.9,5,1
12.34,Engineering,2,4.9,0.0337,0.8832,50.3,20.7,2,1
4.28,HR,2,4.0,0.0098,0.3808,2.7,33.6,3,0
7.95,HR,1,8.8,0.039,0.1206,27.1,93.8,5,0
0.33,Operations,3,1.3,0.0353,0.8852,14.8,71.8,5,0
0.49,Marketing,2,1.9,0.0434,0.9461,26.2,64.6,3,0
0.22,Engineering,2,2.9,0.0337,0.4828,9.9,98.9,5,0
0.86,Finance,1,4.8,0.0286,0.201,14.6,17.9,5,0
0.03,Operations,2,8.0,0.032,0.6914,29.5,6.1,5,0
7.34,Finance,1,12.7,0.0257,0.6654,25.2,76.9,4,0
1.32,Sales,2,19.8,0.071,0.5049,3.7,2.3,3,1
5.59,Engineering,1,17.3,0.0343,0.332,13.9,77.9,4,0
6.25,HR,5,15.5,0.0514,0.4684,11.2,50.6,4,0
6.2,HR,1,5.8,0.0357,0.7963,19.6,22.7,3,0
2.32,HR,4,4.1,0.0339,0.8428,7.8,64.0,4,0
12.32,Engineering,4,10.9,0.0191,0.9587,2.5,49.4,4,0
7.76,Engineering,2,11.4,0.0644,0.5469,1.4,18.9,4,1
11.18,Finance,1,3.2,0.0202,0.6054,4.4,80.6,5,0
3.1,Operations,2,6.9,0.0129,0.6352,12.9,28.9,5,0
7.15,Finance,5,3.8,0.229,0.4708,7.3,24.5,3,0
2.15,HR,2,1.8,0.0412,0.4015,7.6,69.6,4,0
4.63,Operations,2,10.3,0.1407,0.3332,12.1,42.0,4,0
4.21,Marketing,1,15.3,0.0235,0.7003,0.6,34.4,3,1
0.26,Marketing,3,24.3,0.0109,0.442,5.9,56.0,4,0
0.79,Finance,1,7.4,0.0032,0.6992,41.3,66.0,4,0
5.42,Marketing,1,1.5,0.1014,0.7537,20.1,12.4,5,0
0.09,Finance,1,27.2,0.0138,0.686,14.5,89.5,3,0
5.13,Finance,2,28.8,0.0201,0.5633,0.5,37.2,5,1
3.09,Finance,4,46.5,0.0229,0.7706,0.0,19.5,2,1
16.46,Marketing,3,34.7,0.0781,0.7555,42.2,12.9,3,1
0.12,Operations,1,9.9,0.0542,0.5382,30.2,89.9,4,1
2.53,Sales,2,8.3,0.0309,0.6843,34.6,6.4,4,1
11.12,Marketing,3,14.2,0.0172,0.7215,41.2,70.9,1,0
0.03,Engineering,2,2.2,0.006,0.6665,2.8,2.0,3,1
3.73,Finance,1,4.6,0.0891,0.8333,7.5,87.9,3,1
1.51,Operations,2,7.4,0.0278,0.5103,60.0,91.0,5,0
1.02,Finance,2,17.7,0.0019,0.4756,32.2,26.7,5,0
4.75,Sales,5,18.3,0.0626,0.7381,49.2,6.2,3,1
2.19,Finance,3,7.8,0.0431,0.3756,50.3,3.9,4,1
2.98,HR,1,2.5,0.1395,0.7806,22.7,95.8,4,0
0.0,HR,3,15.1,0.0629,0.6127,31.1,64.1,3,1
2.74,Sales,1,2.3,0.0169,0.2016,60.0,95.3,4,0
0.28,Finance,4,5.3,0.0589,0.5159,29.7,48.0,5,0
2.3,Sales,2,9.8,0.025,0.7571,34.3,80.2,3,1
0.31,HR,1,2.0,0.0649,0.1451,54.4,94.9,2,0
3.85,Operations,2,4.4,0.0569,0.5493,1.7,25.1,5,0
0.66,Marketing,1,16.7,0.019,0.3662,17.2,9.0,4,1
0.1,HR,1,14.2,0.0733,0.7557,32.2,28.1,2,1
5.97,Operations,2,2.8,0.0484,0.8742,23.0,54.8,1,1
0.86,Engineering,3,10.7,0.0146,0.687,52.0,69.5,4,0
0.03,Operations,3,1.5,0.0179,0.6443,31.6,97.6,4,0
4.19,HR,2,13.2,0.0067,0.575,51.0,78.5,2,1
2.61,Marketing,1,4.7,0.0676,0.8577,27.6,8.7,4,0
3.31,Operations,2,7.1,0.0249,0.2804,14.8,92.1,2,0
7.19,Finance,2,9.0,0.0193,0.7959,12.1,84.5,3,0
0.71,Finance,1,3.0,0.025,0.6859,12.4,21.5,3,1
0.99,Marketing,4,4.4,0.0499,0.8186,29.0,89.2,5,0
4.81,Sales,5,24.9,0.0209,0.485,2.5,22.7,3,1
1.59,Sales,1,6.7,0.0538,0.4023,5.3,52.4,3,0
1.03,HR,3,9.4,0.1109,0.8621,60.0,76.9,4,1
5.86,HR,2,9.5,0.0705,0.3684,0.0,9.6,1,1
1.51,Marketing,1,20.2,0.0186,0.9146,13.6,70.7,4,0
1.46,Sales,2,14.8,0.026,0.6236,9.6,51.8,1,1
10.24,Finance,1,3.1,0.0367,0.5099,16.6,51.0,1,0
0.06,Engineering,1,21.9,0.0832,0.5687,33.5,61.9,3,1
10.51,Engineering,5,27.5,0.0855,0.4447,14.1,7.6,5,0
1.41,Operations,2,3.1,0.1864,0.7775,31.8,12.7,2,1
11.45,Operations,1,6.3,0.0295,0.8109,39.5,17.7,3,1
0.48,Operations,2,7.6,0.019,0.6423,38.9,15.2,4,0
3.0,Sales,5,6.5,0.036,0.7563,1.1,44.9,5,0
4.7,Finance,2,13.2,0.0119,0.3899,50.0,60.0,3,1
4.87,Marketing,4,7.1,0.0635,0.3737,19.9,13.4,3,1
0.34,Sales,4,5.4,0.0711,0.9405,30.2,74.5,3,0
0.32,Marketing,1,13.6,0.0282,0.5053,13.0,84.9,3,1
3.38,Marketing,3,1.0,0.0339,0.7866,60.0,9.7,2,1
0.34,HR,3,9.9,0.0372,0.5664,36.0,16.8,2,1
5.64,HR,3,12.1,0.0352,0.4694,2.0,36.9,4,1
6.57,Sales,2,21.0,0.061,0.692,24.3,65.7,3,1
0.54,Marketing,1,8.8,0.0195,0.3457,20.2,8.5,4,0
5.13,Operations,1,1.6,0.0592,0.8865,3.2,34.7,4,1
0.17,Operations,2,9.3,0.1007,0.8693,8.6,99.1,1,0
10.99,Marketing,3,1.4,0.0293,0.7324,3.1,52.0,4,0
2.58,HR,3,11.2,0.0494,0.573,13.6,17.3,4,1
4.61,Marketing,2,18.6,0.0257,0.4027,3.3,61.2,2,0
4.56,Sales,1,7.9,0.1074,0.4303,16.6,35.6,5,1
3.75,Operations,1,7.1,0.0535,0.8575,60.0,89.0,4,1
3.12,Sales,3,14.6,0.0059,0.8019,23.7,95.1,5,0
0.1,HR,2,10.9,0.1363,0.6659,16.6,23.5,4,1
7.03,Engineering,3,13.8,0.0286,0.4655,9.6,91.9,5,0
3.23,Engineering,1,34.2,0.0172,0.7765,20.7,77.6,2,1
1.0,HR,2,5.7,0.0536,0.563,49.7,15.6,5,1
1.48,Finance,4,11.7,0.0433,0.7327,18.4,82.6,5,0
1.57,Engineering,1,22.2,0.0168,0.5089,60.0,17.8,1,1
0.23,Operations,1,22.4,0.0294,0.451,22.8,1.0,4,1
0.73,Engineering,3,12.6,0.0705,0.6611,45.7,77.8,1,1
0.07,Operations,2,6.9,0.0547,0.8697,8.3,34.6,4,0
3.13,Sales,5,13.7,0.0074,0.5092,16.2,92.2,5,0
1.88,HR,4,13.9,0.01,0.5124,4.5,44.3,2,1
11.19,Engineering,3,15.6,0.0947,0.4005,20.4,61.0,3,1
0.95,Marketing,1,3.3,0.0261,0.8098,9.3,74.6,1,0
3.0,Marketing,2,27.0,0.0203,0.8352,6.5,84.4,4,0
0.24,Engineering,4,22.2,0.0572,0.4283,23.9,17.7,2,1
1.26,Engineering,2,8.1,0.0333,0.178,15.3,20.4,5,1
3.31,Finance,5,20.8,0.0313,0.3339,59.3,88.8,3,1
10.61,Operations,3,7.7,0.0294,0.8216,26.3,29.2,2,1
11.44,Engineering,1,24.2,0.0364,0.8915,5.7,63.7,5,0
0.17,Sales,2,9.2,0.0207,0.8102,9.3,7.1,4,0
3.4,Finance,3,4.0,0.0382,0.5057,18.0,66.8,3,0
0.88,Engineering,1,31.2,0.0965,0.42,32.6,18.6,4,1
7.32,Sales,1,15.1,0.1092,0.7263,14.7,79.8,5,1
4.69,Engineering,3,7.3,0.0665,0.4146,27.9,74.2,5,0
0.82,HR,1,25.5,0.0403,0.6907,31.5,58.8,3,0
1.72,Marketing,1,13.8,0.0561,0.8523,7.0,15.1,3,0
0.03,HR,3,6.6,0.0664,0.5827,1.5,26.5,4,0
1.82,Sales,3,25.8,0.07,0.9065,54.8,4.2,4,1
2.76,HR,2,15.5,0.0227,0.7192,9.9,31.5,3,1
2.26,Finance,5,11.1,0.0577,0.7158,10.2,38.1,2,1
4.55,Engineering,4,8.8,0.0242,0.5441,19.3,46.5,3,0
0.52,Engineering,2,3.9,0.0287,0.5072,5.6,99.7,5,0
6.16,Sales,1,0.6,0.0811,0.7167,6.6,72.5,3,0
1.66,Operations,3,14.5,0.0767,0.119,27.1,39.3,3,1
1.72,Marketing,1,3.1,0.0467,0.6816,17.5,84.6,3,0
1.23,Engineering,3,3.9,0.0476,0.8694,5.2,36.6,4,0
5.28,Sales,2,7.6,0.041,0.4185,23.0,36.2,5,1
1.8,HR,2,7.8,0.0321,0.66,0.4,6.4,2,1
1.3,Sales,2,4.3,0.0319,0.3607,4.0,73.5,4,0
3.52,Operations,2,14.5,0.0543,0.6205,4.0,20.2,4,1
3.55,Operations,4,1.7,0.0134,0.5554,36.1,23.5,5,0
1.39,Sales,1,14.3,0.0282,0.256,36.3,34.6,1,1
6.73,Engineering,4,6.9,0.0225,0.533,36.5,82.2,5,0
1.68,Sales,1,4.1,0.0284,0.6825,4.9,86.1,5,0
4.54,Finance,3,1.9,0.0976,0.1072,4.9,55.1,5,0
1.22,Marketing,4,9.9,0.0349,0.9017,4.3,92.6,4,0
5.33,HR,2,2.9,0.0218,0.6898,4.0,42.7,3,0
5.18,Sales,1,2.5,0.0364,0.2742,15.8,60.5,3,0
4.42,Sales,3,22.0,0.0144,0.79,4.0,92.9,2,0
5.59,Engineering,3,2.3,0.0082,0.459,10.6,52.1,1,0
3.0,Engineering,1,1.7,0.0446,0.5356,10.7,46.1,5,0
0.71,HR,2,13.5,0.0716,0.5052,56.6,2.9,5,1
2.49,Finance,3,10.5,0.0741,0.7457,14.0,88.1,1,1
0.83,Engineering,1,5.4,0.0841,0.7501,60.0,18.9,3,1
3.36,Sales,2,3.6,0.0476,0.2927,10.8,45.7,3,0
0.41,Operations,2,4.6,0.0104,0.6331,2.4,79.4,3,0
2.95,Operations,1,5.5,0.0191,0.6752,40.5,51.3,5,0
0.55,Finance,3,12.4,0.0309,0.6815,2.3,78.1,5,0
3.11,Finance,1,10.1,0.0231,0.5734,17.1,83.7,3,0
14.34,Finance,4,6.3,0.0221,0.6496,39.0,85.5,5,0
4.02,HR,2,6.3,0.0624,0.531,7.8,8.0,2,1
1.28,Sales,2,13.9,0.0738,0.8951,2.8,20.7,4,0
0.95,HR,2,4.1,0.1169,0.3858,1.6,90.9,1,1
1.89,Marketing,2,1.8,0.0264,0.5411,27.9,26.3,3,1
2.5,Finance,3,20.4,0.0587,0.511,0.0,70.7,4,0
3.25,Marketing,3,6.3,0.0173,0.2658,20.9,52.9,1,1
1.02,Finance,3,29.1,0.0421,0.6004,29.5,93.7,2,1
3.51,Engineering,2,5.6,0.0269,0.3515,1.7,25.5,3,0
0.64,Finance,1,8.4,0.0552,0.2106,0.8,80.6,3,0
9.1,Operations,1,3.8,0.0563,0.3579,2.3,41.0,2,1
4.59,Finance,3,10.2,0.0765,0.4271,11.8,24.0,3,1
2.27,Finance,2,6.4,0.0082,0.4441,22.4,49.1,2,0
4.01,Sales,2,7.0,0.0658,0.4993,56.6,54.1,2,1
0.59,Marketing,2,9.1,0.0464,0.6915,12.6,11.0,3,1
6.84,HR,2,5.7,0.0768,0.7731,3.3,19.2,2,0
8.1,Sales,3,10.0,0.0542,0.2989,7.0,90.9,4,0
0.76,HR,2,4.6,0.0164,0.817,14.7,66.6,2,0
0.13,Engineering,5,9.6,0.0323,0.5675,18.1,70.4,2,0
1.53,Operations,1,1.5,0.0424,0.2405,8.6,35.4,3,0
3.87,Marketing,2,2.3,0.1114,0.5632,12.2,54.0,2,1
12.54,Sales,1,3.8,0.014,0.7033,28.8,3.9,1,1
1.43,Marketing,3,2.8,0.0281,0.8468,13.4,14.3,4,0
1.4,Engineering,2,3.0,0.0217,0.8638,20.5,97.6,2,0
0.45,HR,2,11.8,0.0833,0.6689,11.2,21.0,4,1
7.07,Finance,3,6.5,0.0341,0.8236,12.6,49.1,3,1
10.91,Engineering,2,5.7,0.0653,0.594,1.3,93.0,3,0
0.25,Marketing,1,10.0,0.036,0.9255,13.6,65.3,2,0
0.33,Marketing,2,10.6,0.0086,0.3586,38.3,16.6,2,1
1.06,Finance,1,5.2,0.0417,0.7501,11.3,44.9,4,0
7.8,Sales,4,17.0,0.0513,0.8277,7.9,46.3,4,0
16.83,Marketing,3,6.8,0.0263,0.709,22.4,47.6,3,0
1.52,HR,3,12.6,0.0701,0.4995,0.4,84.1,2,0
4.89,Marketing,4,4.6,0.0381,0.4678,11.7,55.6,3,0
3.13,Finance,3,9.7,0.0351,0.8599,48.5,76.6,1,1
0.85,Engineering,2,13.5,0.0137,0.2449,6.1,36.5,4,0
2.78,Engineering,1,12.4,0.0174,0.4609,10.1,69.6,5,0
10.19,Engineering,2,11.6,0.0258,0.9155,36.8,42.8,4,0
5.01,Engineering,4,4.4,0.0447,0.7282,9.1,76.7,1,0
5.26,Sales,4,2.6,0.0063,0.6347,33.1,73.5,3,0
4.79,Engineering,3,2.3,0.0304,0.4414,8.0,34.0,3,0
0.53,Operations,1,5.5,0.0135,0.4495,4.6,35.6,5,0
2.49,Operations,1,5.2,0.0123,0.7376,33.8,82.3,2,0
4.07,Sales,4,10.7,0.0273,0.8214,58.9,59.8,1,1
2.63,Sales,1,8.1,0.055,0.5885,20.4,61.6,4,0
0.04,Marketing,2,2.4,0.1247,0.8389,34.8,95.9,4,0
0.33,Finance,2,15.2,0.0434,0.685,3.8,22.3,5,0
8.21,Finance,1,9.3,0.0534,0.7803,27.4,52.2,4,0
4.96,Operations,3,4.2,0.0883,0.4423,14.6,19.6,1,1
4.74,Finance,5,4.8,0.1234,0.5371,31.5,24.0,4,1
7.56,Marketing,3,20.3,0.1211,0.7131,18.2,60.9,2,1
4.24,Finance,2,2.8,0.0364,0.2834,23.8,11.5,5,1
13.26,Finance,2,21.1,0.0095,0.2125,5.7,14.9,3,1
8.24,Sales,4,6.4,0.0222,0.7642,12.8,24.3,5,0
1.11,Finance,2,6.8,0.0136,0.5283,21.1,50.8,2,0
1.44,Operations,2,10.1,0.0257,0.512,4.3,95.9,4,0
2.6,HR,3,1.8,0.0183,0.6999,4.9,68.1,4,0
1.08,Engineering,1,9.3,0.0199,0.5575,16.7,65.3,1,1
6.85,Finance,1,13.3,0.0684,0.806,12.0,37.0,3,1
0.68,Marketing,4,5.4,0.0122,0.6995,3.6,8.9,4,0
3.12,Operations,2,7.6,0.0745,0.7683,6.1,79.6,4,0
4.79,Finance,1,29.6,0.0345,0.5235,4.0,3.9,2,0
3.13,Marketing,1,14.4,0.0093,0.1909,51.8,73.9,1,1
1.03,Sales,5,3.5,0.0483,0.6721,16.5,36.3,2,1
2.4,HR,2,5.1,0.0194,0.4039,7.3,47.6,2,0
0.54,HR,2,6.2,0.1009,0.6386,9.3,52.0,4,0
2.55,Sales,1,15.0,0.0229,0.5366,19.6,24.6,1,1
2.83,Marketing,5,3.5,0.1175,0.5354,18.2,66.8,3,1
2.44,Operations,4,12.4,0.0573,0.8998,10.6,27.9,2,1
2.76,Sales,2,12.5,0.0534,0.6277,26.3,14.6,5,1
0.99,Engineering,1,8.0,0.0202,0.6093,7.0,36.0,3,1
11.82,Marketing,3,15.4,0.0533,0.7304,2.6,83.5,4,0
4.52,Operations,3,3.8,0.0403,0.7702,11.0,41.6,5,0
3.39,Operations,3,17.5,0.038,0.5564,17.1,96.3,4,0
3.79,Sales,5,1.4,0.0701,0.8795,45.4,3.7,2,1
1.67,Marketing,2,3.5,0.1407,0.9754,5.4,1.8,4,1
9.04,Marketing,1,1.4,0.0815,0.5622,13.5,89.6,5,0
0.53,Marketing,2,4.0,0.0403,0.9444,34.3,19.2,3,1
0.15,Marketing,3,12.7,0.0213,0.4435,11.8,21.6,5,1
3.89,Operations,1,10.4,0.037,0.3513,36.1,78.2,4,0
3.05,HR,1,9.3,0.1217,0.6596,15.3,18.1,4,0
1.38,Engineering,3,4.0,0.0222,0.8415,4.7,61.4,4,0
13.87,Sales,2,7.5,0.0511,0.8598,13.6,4.5,3,1
4.36,Operations,3,17.7,0.0351,0.8945,39.6,87.6,3,0
2.53,Operations,1,4.1,0.0335,0.4197,15.6,57.1,4,1
5.48,Engineering,1,4.3,0.0145,0.9032,27.4,44.9,5,0
0.62,HR,1,4.5,0.0328,0.8085,3.1,36.3,3,0
1.46,Sales,3,8.9,0.064,0.4142,2.2,31.3,4,1
0.78,Sales,3,11.9,0.0373,0.6966,0.4,26.4,4,0
0.82,Finance,2,13.9,0.0657,0.2938,60.0,97.5,2,1
5.28,Finance,2,6.2,0.043,0.3483,15.2,30.5,4,0
2.21,HR,1,5.8,0.0788,0.719,6.2,23.8,3,1
2.87,HR,3,4.9,0.0343,0.6182,0.0,45.8,3,0
1.3,Finance,5,11.3,0.0363,0.3999,11.9,25.7,3,0
0.46,Marketing,3,1.8,0.0533,0.4765,1.5,27.2,3,1
1.06,Engineering,1,6.9,0.0672,0.4681,4.7,26.5,3,1
1.09,Engineering,2,6.9,0.1906,0.6141,5.7,13.8,3,1
3.3,HR,1,12.6,0.0281,0.5902,7.2,88.7,4,0
4.56,HR,1,2.4,0.0663,0.7911,15.0,18.4,5,0
14.62,Operations,1,13.3,0.0613,0.7728,1.9,2.2,4,0
7.81,Operations,1,10.8,0.049,0.3688,1.2,77.8,4,0
15.99,Finance,1,25.2,0.0063,0.6875,5.9,45.2,4,0
5.41,Engineering,3,22.1,0.0296,0.8787,7.4,35.4,5,1
0.04,Engineering,1,16.8,0.0284,0.6648,12.6,53.3,4,1
0.41,HR,3,1.0,0.015,0.6398,4.9,55.7,1,1
3.17,Finance,4,2.7,0.0663,0.919,6.9,38.5,3,1
2.43,Finance,2,15.4,0.0847,0.4961,5.6,85.2,3,0
0.87,Engineering,2,6.8,0.0513,0.7211,0.4,84.3,5,0
0.91,Operations,3,22.1,0.0113,0.6252,32.0,36.5,4,1
4.73,HR,1,8.2,0.1375,0.4889,10.3,22.2,3,1
1.55,Finance,2,12.3,0.0428,0.7822,8.1,48.6,3,1
4.84,Engineering,2,11.7,0.0214,0.3776,7.4,15.6,5,0
4.35,Marketing,3,8.0,0.1053,0.5957,30.5,28.2,4,0
1.8,Finance,3,15.6,0.1324,0.5088,21.1,38.3,2,1
2.73,Sales,3,13.0,0.0394,0.5641,7.1,38.3,3,1
1.32,Sales,3,2.9,0.0132,0.8154,4.9,17.9,2,0
3.33,HR,2,30.9,0.0365,0.8118,3.8,50.9,5,0
9.19,Engineering,3,2.7,0.0618,0.5517,17.5,61.4,4,0
5.25,Operations,4,4.3,0.0712,0.7216,0.2,61.2,1,1
3.5,Marketing,2,12.2,0.0609,0.5692,5.5,80.2,3,0
4.85,Operations,5,10.6,0.0353,0.526,7.7,7.7,4,0
1.91,HR,4,13.8,0.0451,0.4927,9.3,15.7,4,0
1.89,Finance,2,6.6,0.0513,0.3678,36.2,43.7,2,1
0.52,HR,1,11.2,0.0217,0.2215,13.8,48.3,4,0
1.7,HR,1,4.5,0.0432,0.6922,37.1,20.5,2,1
2.77,Finance,3,8.2,0.0046,0.5192,1.1,29.9,5,1
1.5,HR,1,20.3,0.0653,0.9039,9.3,15.9,5,1
0.23,Marketing,2,2.7,0.0327,0.8232,28.1,54.3,3,0
0.16,Engineering,2,16.2,0.0435,0.3468,5.1,47.7,3,1
1.25,Sales,4,7.0,0.0449,0.5692,12.7,68.8,2,0
0.83,Operations,3,3.7,0.0437,0.4013,22.4,63.1,1,1
2.17,Operations,3,4.0,0.0185,0.752,7.5,27.1,4,0
3.2,Marketing,2,6.8,0.0237,0.8888,38.9,76.0,5,0
3.12,HR,1,16.8,0.0275,0.6809,15.0,15.2,3,0
0.73,HR,3,11.1,0.0359,0.9083,33.9,63.0,5,0
5.24,Engineering,1,2.4,0.0209,0.7828,0.9,62.0,5,0
8.34,Sales,2,15.7,0.0368,0.6193,11.7,23.5,4,0
3.32,Marketing,5,13.9,0.1001,0.6475,28.0,19.5,3,1
2.79,HR,2,1.4,0.058,0.3987,4.2,10.7,5,0
0.75,HR,2,3.6,0.0642,0.428,14.6,62.0,2,1
0.1,Engineering,3,18.0,0.0089,0.8003,5.5,36.4,5,0
4.71,HR,3,8.0,0.0041,0.6142,3.5,99.9,2,0
9.02,Marketing,2,15.6,0.0485,0.6936,2.9,63.5,3,0
10.53,Finance,2,0.7,0.0452,0.7932,42.0,1.0,2,0
0.19,Finance,1,0.3,0.0992,0.5731,47.4,37.4,3,0
3.89,Operations,2,12.8,0.0176,0.4168,3.6,1.4,4,1
2.2,Sales,1,4.9,0.0281,0.4038,5.9,62.7,3,0
0.07,Sales,2,13.3,0.0484,0.6667,24.0,91.8,4,0
1.78,Finance,3,15.7,0.0102,0.3353,1.7,74.5,3,0
0.99,HR,1,5.0,0.0272,0.38,20.9,26.5,4,1
2.61,Operations,2,7.5,0.035,0.484,60.0,17.9,4,0
3.92,Engineering,1,6.2,0.0338,0.6562,0.0,87.7,5,0
2.58,Engineering,1,4.9,0.0433,0.6176,51.1,11.9,5,0
3.3,HR,1,9.5,0.0228,0.2285,44.9,71.0,3,1
3.18,HR,1,14.6,0.0636,0.4422,2.0,24.4,3,1
0.0,Operations,5,4.3,0.0482,0.7075,22.5,30.2,1,1
11.87,HR,5,4.3,0.0182,0.8168,2.7,4.7,2,0
5.46,HR,3,5.0,0.0358,0.7582,3.3,17.0,3,0
0.1,Sales,2,12.2,0.0207,0.3349,7.8,3.9,5,0
0.88,HR,3,15.7,0.0088,0.6942,16.9,52.0,4,1
0.93,Finance,4,6.1,0.0413,0.7851,11.3,45.0,5,0
0.41,Finance,2,1.1,0.0478,0.2953,33.5,53.2,3,0
0.28,Finance,1,3.2,0.0941,0.7825,3.5,6.5,5,0
2.42,HR,3,5.8,0.0099,0.1544,1.5,80.6,4,0
0.41,Engineering,5,3.8,0.0417,0.7782,8.1,12.4,2,0
4.92,Engineering,1,2.4,0.0297,0.3753,4.1,83.2,3,0
2.44,Engineering,2,8.3,0.05,0.486,31.6,32.2,4,1
0.88,Finance,2,36.0,0.0643,0.4455,5.8,44.4,3,1
4.57,Operations,2,3.4,0.0848,0.6094,4.0,65.3,3,0
3.95,Operations,3,9.6,0.0818,0.5381,8.0,60.5,5,0
10.01,Sales,2,11.8,0.0193,0.856,1.9,56.6,3,0
0.61,Engineering,4,12.4,0.079,0.5089,0.4,40.0,3,1
0.51,Finance,3,7.6,0.1352,0.3527,7.8,48.0,3,1
0.56,Engineering,1,2.6,0.0398,0.5478,13.0,6.6,4,0
1.55,Finance,3,14.6,0.0397,0.5705,2.0,16.2,4,1
6.44,HR,3,1.7,0.0575,0.5121,1.9,73.3,5,0
11.14,Operations,2,7.0,0.0485,0.5854,1.2,67.2,4,0
3.17,Finance,2,6.5,0.0696,0.6124,12.9,33.7,5,0
5.84,Marketing,3,2.8,0.014,0.2513,12.5,79.2,4,0
14.58,HR,2,5.0,0.1756,0.9261,40.5,80.6,3,0
0.11,Operations,1,12.1,0.0279,0.9134,7.0,52.8,4,0
8.43,Finance,1,7.0,0.0882,0.8899,5.6,98.0,2,0
1.32,Finance,1,2.0,0.0221,0.5767,23.8,26.7,4,0
0.04,HR,3,13.4,0.1115,0.2791,1.8,29.5,3,1
1.74,HR,1,24.7,0.0702,0.8081,10.2,0.9,2,1
10.01,Operations,2,2.3,0.0936,0.5722,4.5,15.0,3,1
1.82,HR,2,7.5,0.0594,0.6302,19.0,81.8,4,0
2.48,Engineering,3,7.7,0.0408,0.8264,2.2,62.9,5,0
0.96,HR,2,2.2,0.1839,0.4428,12.4,19.0,4,1
0.01,HR,4,18.4,0.0498,0.8117,36.9,67.7,3,1
8.36,HR,4,7.9,0.0126,0.7022,25.8,16.4,5,0
3.0,Engineering,1,14.9,0.0849,0.8615,9.6,40.7,2,1
0.24,Engineering,3,10.0,0.0319,0.6338,34.9,99.8,1,1
3.49,Sales,1,17.9,0.0596,0.656,18.1,31.6,3,1
0.95,HR,3,9.9,0.0059,0.7862,60.0,67.9,1,0
0.2,Engineering,2,5.5,0.0561,0.8134,10.4,0.6,3,1
1.63,HR,1,11.5,0.0546,0.4764,49.8,30.0,2,1
6.19,Sales,1,3.9,0.0364,0.9027,9.6,30.6,2,0
7.31,Engineering,2,12.3,0.0142,0.393,23.0,83.8,2,0
4.34,Sales,3,3.4,0.0613,0.5853,28.6,17.0,2,1
3.65,Sales,3,7.3,0.0242,0.4271,27.1,32.2,4,0
0.9,Engineering,1,6.2,0.0462,0.6718,3.5,16.3,1,1
0.55,Marketing,1,9.4,0.0516,0.7207,27.1,47.6,4,0
5.87,Engineering,2,19.9,0.0481,0.8996,2.1,27.2,4,1
1.59,Finance,2,4.9,0.0473,0.5764,0.7,17.8,4,0
9.2,Finance,1,14.3,0.0492,0.7016,50.9,43.2,4,1
2.81,Marketing,1,18.3,0.0347,0.3466,39.5,47.3,3,1
4.46,Finance,4,14.0,0.0495,0.802,12.3,30.9,4,0
3.64,Finance,2,9.3,0.0898,0.4484,9.6,96.7,3,1
2.28,Marketing,3,9.0,0.0334,0.7232,11.7,14.6,2,1
0.04,Operations,2,4.6,0.0909,0.1404,40.1,71.4,4,0
0.5,Sales,2,1.7,0.039,0.8196,25.2,52.7,5,0
0.82,Marketing,2,8.1,0.0191,0.1744,23.1,38.5,3,0
0.25,HR,1,19.4,0.1072,0.5094,12.5,67.4,3,1
0.48,Engineering,1,21.3,0.0769,0.7943,0.8,15.4,2,1
2.83,Finance,5,2.1,0.0306,0.6839,28.7,93.0,1,0
3.16,Operations,4,20.8,0.0403,0.3715,8.4,83.3,5,0
4.3,Engineering,3,11.9,0.0335,0.8777,15.9,74.4,3,0
0.71,Engineering,1,10.9,0.0095,0.4952,10.3,95.8,5,0
5.49,Operations,1,19.3,0.1202,0.4079,60.0,94.1,5,1
0.81,Finance,1,15.7,0.073,0.879,15.8,20.2,3,1
0.07,Sales,4,3.3,0.0107,0.5128,20.8,88.7,3,0
1.73,Marketing,3,4.2,0.0975,0.4288,6.4,79.1,3,0
0.7,HR,2,1.5,0.0603,0.9009,10.6,43.4,4,0
3.12,Sales,5,10.6,0.0143,0.3364,5.9,53.1,2,0
8.91,Sales,1,3.7,0.0505,0.2448,6.7,56.2,3,0
2.01,Finance,2,5.4,0.0345,0.4694,12.3,51.8,3,1
8.69,Engineering,1,17.8,0.0409,0.8131,23.4,42.4,3,1
1.63,HR,1,11.6,0.0215,0.7161,6.1,62.2,1,1
0.09,Sales,4,11.8,0.0163,0.8329,1.2,82.4,4,0
8.37,Engineering,4,30.5,0.0579,0.9714,31.8,95.3,1,1
2.23,Marketing,1,0.2,0.068,0.7023,0.8,66.6,4,0
6.77,Engineering,1,3.9,0.0359,0.6288,1.8,94.7,3,0
0.82,Operations,2,6.2,0.1894,0.4329,6.3,96.3,4,1
2.77,Engineering,1,4.1,0.0564,0.7695,6.1,65.0,2,0
0.29,HR,2,14.8,0.1232,0.9053,4.8,28.3,4,1
3.26,Engineering,2,6.8,0.0185,0.9623,0.5,51.9,2,0
1.75,HR,1,3.0,0.0197,0.7675,6.3,90.4,4,0
5.75,Finance,1,9.9,0.0385,0.6686,10.5,12.7,3,1
3.28,Engineering,1,11.2,0.0555,0.6756,5.5,74.2,4,0
3.42,Finance,4,3.2,0.0569,0.516,6.8,94.6,1,0
1.56,Marketing,2,7.1,0.0925,0.5654,11.8,71.8,5,0
3.69,HR,2,11.4,0.0057,0.8586,12.2,94.8,3,0
4.79,Engineering,1,18.5,0.0566,0.2026,23.0,72.2,4,1
2.61,Marketing,3,4.5,0.19,0.4227,17.3,98.6,3,0
6.17,Sales,1,12.3,0.0077,0.7227,13.7,96.1,4,0
0.92,Engineering,1,5.1,0.0568,0.4257,51.1,62.8,5,0
2.41,HR,3,8.6,0.039,0.4581,9.2,60.0,5,0
3.39,Sales,3,3.5,0.0249,0.6836,60.0,89.7,4,0
1.5,Engineering,1,12.0,0.0081,0.6064,23.3,77.0,3,0
0.78,Marketing,2,16.4,0.1019,0.5463,17.4,59.8,2,1
0.35,Finance,5,7.3,0.0218,0.5459,2.7,71.4,3,1
3.05,Operations,1,6.6,0.0131,0.5932,8.0,7.1,4,0
0.96,HR,1,6.1,0.0248,0.6515,44.9,95.5,3,1
0.22,HR,2,2.7,0.0188,0.6495,7.9,42.5,3,0
2.9,Operations,1,13.7,0.0106,0.5803,7.9,9.0,3,0
0.38,Engineering,2,18.1,0.0418,0.696,20.1,37.9,3,1
7.27,HR,3,4.3,0.0971,0.6725,9.6,51.4,4,0
0.3,Marketing,2,9.5,0.0586,0.5464,32.7,99.7,4,1
4.76,Sales,2,11.8,0.021,0.5736,6.7,60.0,3,0
3.48,Operations,2,5.0,0.0398,0.9738,4.6,4.5,3,0
0.18,Sales,3,21.2,0.0421,0.8726,9.2,7.2,5,1
1.52,HR,1,9.6,0.036,0.7775,12.2,40.8,2,0
5.92,Operations,1,2.1,0.0152,0.6872,32.4,86.4,4,0
0.57,Sales,3,17.0,0.0313,0.5262,9.9,36.0,4,1
2.16,Operations,1,7.5,0.0345,0.6242,3.5,98.4,3,0
5.99,Engineering,1,5.7,0.0281,0.0654,26.1,1.4,5,0
0.65,Sales,1,13.0,0.0859,0.3335,4.3,54.7,1,1
0.98,Finance,3,5.1,0.0608,0.221,60.0,97.7,5,0
0.37,Finance,1,20.3,0.1048,0.6867,40.4,48.3,3,1
8.28,Operations,3,17.4,0.1071,0.9302,57.2,50.8,5,1
0.32,Operations,3,22.2,0.0455,0.6609,45.9,31.9,3,1
10.34,Marketing,2,29.4,0.02,0.9495,15.2,80.0,2,0
1.69,Finance,1,11.6,0.0085,0.9283,13.8,93.0,4,0
5.34,Sales,3,8.1,0.0255,0.3423,14.4,42.7,5,0
4.64,Marketing,1,5.0,0.0316,0.7233,1.5,91.3,2,0
3.25,Finance,4,12.5,0.0443,0.8259,3.7,14.0,5,0
1.91,Engineering,3,28.9,0.0464,0.5062,7.4,67.5,4,1
3.09,Marketing,1,2.7,0.0202,0.5405,27.6,30.7,5,0
1.28,HR,3,10.2,0.025,0.7554,2.1,10.6,5,0
3.65,HR,2,2.1,0.0451,0.1712,15.7,61.7,2,0
0.02,HR,2,2.0,0.003,0.7403,19.8,54.3,3,0
0.23,Marketing,2,18.5,0.0069,0.482,19.9,56.7,4,0
0.37,Sales,2,16.6,0.121,0.5848,20.8,73.8,5,1
0.6,HR,3,4.8,0.003,0.4994,32.2,47.6,3,1
0.92,Engineering,4,3.2,0.0341,0.7115,6.6,38.1,5,0
6.01,HR,1,22.8,0.0025,0.7075,0.1,74.1,1,0
12.46,Engineering,2,3.4,0.0084,0.7377,17.3,72.3,4,0
0.69,Finance,3,2.5,0.0163,0.3533,31.6,52.7,4,0
0.23,Operations,3,3.5,0.0017,0.3331,3.5,62.0,4,0
0.77,HR,2,11.0,0.0176,0.5822,4.2,50.9,1,1
3.98,Operations,2,32.1,0.0638,0.4232,50.1,62.6,3,1
5.95,Operations,3,5.0,0.045,0.67,37.2,40.0,2,1
1.76,Engineering,1,18.4,0.034,0.8248,22.0,81.4,4,0
1.63,Finance,1,8.9,0.0149,0.0954,19.7,70.7,3,0
3.02,Finance,2,1.1,0.1019,0.5984,24.2,71.3,5,0
4.23,HR,1,5.2,0.0595,0.3762,32.9,98.1,1,1
2.68,Marketing,1,16.7,0.0249,0.6114,6.6,50.4,3,0
0.1,HR,1,16.1,0.0437,0.506,17.3,95.0,5,0
13.11,Engineering,3,4.6,0.0559,0.7286,0.9,39.6,4,0
1.68,Finance,5,13.7,0.0185,0.7849,3.1,91.0,2,0
2.07,Sales,2,7.4,0.007,0.3722,0.7,56.6,5,0
0.31,HR,1,10.7,0.0178,0.7141,5.6,57.0,3,0
0.2,Finance,3,19.1,0.1254,0.5163,60.0,87.5,4,1
0.23,Marketing,1,4.7,0.0288,0.0476,10.9,95.4,4,0
2.49,Sales,5,6.0,0.02,0.8956,7.4,20.0,2,1
0.21,HR,2,19.3,0.0232,0.3297,4.0,13.0,4,0
10.53,Engineering,1,29.9,0.021,0.6357,6.3,77.7,4,0
2.18,HR,2,15.3,0.0264,0.33,6.8,35.8,4,1
2.12,Finance,1,10.2,0.0104,0.6284,12.6,13.8,4,0
6.25,Finance,3,15.2,0.1047,0.345,2.1,23.1,2,1
2.07,Sales,1,5.2,0.0164,0.9723,21.2,34.9,2,0
0.72,Engineering,4,8.5,0.0294,0.7246,49.9,77.3,2,1
3.66,Finance,3,1.9,0.0113,0.4219,7.7,7.4,3,0
0.12,Finance,4,5.3,0.0117,0.566,16.5,50.7,3,0
0.42,Engineering,4,11.2,0.0205,0.7528,32.4,1.8,3,1
2.95,Finance,1,9.5,0.202,0.7258,10.7,69.9,5,0
0.06,Engineering,2,0.7,0.0233,0.4662,36.5,96.3,1,0
2.65,HR,3,6.7,0.011,0.4331,24.3,35.7,5,0
6.71,Finance,2,9.3,0.0691,0.6267,19.8,92.3,3,0
14.93,Marketing,1,9.6,0.0677,0.2726,33.6,88.5,4,0
5.06,Marketing,1,2.4,0.059,0.7705,14.3,34.8,3,0
0.75,Marketing,1,13.9,0.0129,0.8129,17.3,20.8,5,0
1.4,Sales,4,27.1,0.0147,0.862,20.1,33.0,1,1
1.06,Operations,2,15.1,0.0733,0.4159,2.2,91.6,3,1
1.14,HR,3,8.5,0.0859,0.9238,18.0,42.6,5,0
3.77,HR,5,23.1,0.0101,0.1917,15.2,49.8,3,1
6.35,Marketing,1,5.2,0.0079,0.5923,44.9,14.6,3,1
1.48,Sales,3,12.6,0.0466,0.4621,12.0,22.8,3,0
0.04,Engineering,1,7.8,0.0192,0.9047,24.8,92.6,2,0
1.12,Marketing,1,23.3,0.0549,0.571,1.3,91.4,3,0
2.48,Finance,1,3.6,0.0471,0.5493,19.5,29.6,3,1
0.83,Finance,1,3.6,0.0684,0.5205,12.9,70.0,3,0
1.49,Engineering,2,19.6,0.0345,0.361,11.6,68.7,1,0
5.9,Finance,2,12.0,0.0494,0.5825,14.9,42.2,4,1
0.96,Sales,1,20.7,0.0446,0.566,17.8,71.4,4,1
2.18,Finance,1,3.9,0.0446,0.1779,42.9,89.5,4,0
2.41,Finance,3,4.6,0.03,0.7432,41.7,77.5,2,0
6.25,Marketing,1,10.5,0.0163,0.2471,18.4,55.1,4,0
1.68,Operations,3,2.0,0.0512,0.7929,1.4,63.5,5,0
2.79,Sales,4,10.0,0.0946,0.3497,41.1,83.8,5,0
1.39,Engineering,3,5.9,0.0288,0.4118,2.3,75.0,5,0
1.51,Finance,2,7.8,0.0594,0.2773,60.0,93.9,2,1
15.78,Operations,3,13.8,0.0646,0.5342,0.2,84.0,5,0
2.29,Engineering,3,14.3,0.0286,0.3475,1.6,5.7,3,1
12.83,HR,4,26.2,0.0639,0.7485,1.5,71.7,1,1
1.94,HR,5,17.6,0.0218,0.9295,0.8,13.4,3,1
0.17,Sales,2,1.1,0.0374,0.6737,4.0,83.4,3,0
0.35,Finance,2,3.9,0.0741,0.3058,9.4,10.0,4,0
0.13,Sales,3,4.2,0.0231,0.7506,8.3,28.8,5,0
3.51,HR,1,16.4,0.0515,0.4456,2.5,31.5,4,0
2.77,Operations,2,23.8,0.0448,0.8136,12.8,93.3,4,0
0.82,HR,3,2.7,0.0234,0.6757,39.0,98.8,2,0
4.27,Engineering,3,16.7,0.0178,0.7125,0.5,53.9,4,0
5.58,Operations,2,8.5,0.0359,0.8653,20.6,52.2,3,1
2.76,Sales,1,7.6,0.0206,0.4993,7.1,54.0,3,0
1.87,Marketing,1,5.1,0.0598,0.2782,16.0,64.0,3,0
1.39,Marketing,2,6.8,0.0115,0.5797,3.2,6.9,5,0
0.79,Finance,4,10.0,0.052,0.7508,33.8,29.6,2,1
2.27,Engineering,4,5.6,0.0119,0.5074,15.5,61.2,5,0
3.18,Operations,2,11.5,0.0065,0.6664,5.7,23.5,3,0
2.19,Marketing,1,7.7,0.0687,0.6215,40.4,60.9,1,0
2.48,HR,3,7.0,0.0082,0.6761,6.0,90.1,4,0
12.0,Operations,3,13.1,0.1742,0.3099,32.7,76.8,4,1
9.25,Marketing,2,10.7,0.0344,0.8745,22.6,53.4,5,0
1.69,Marketing,2,0.7,0.0632,0.8134,16.6,27.9,3,0
1.01,Sales,1,11.9,0.063,0.9458,42.2,41.2,1,1
20.0,Finance,3,10.3,0.0432,0.7291,42.4,8.6,3,0
0.41,Sales,2,18.4,0.0075,0.7623,50.0,14.5,3,1
3.95,Engineering,2,10.6,0.0126,0.4641,8.5,99.9,4,0
5.9,HR,4,6.5,0.0818,0.4844,9.9,91.7,4,0
0.07,Engineering,3,4.9,0.0543,0.6902,9.7,61.8,3,0
10.14,Engineering,4,1.7,0.1354,0.5954,36.9,62.9,5,0
2.05,Marketing,2,8.4,0.037,0.501,44.4,28.1,2,0
3.71,Finance,2,4.2,0.0794,0.4457,20.1,39.1,2,0
0.59,HR,4,20.3,0.0408,0.2038,14.7,20.5,3,1
10.82,Sales,5,8.7,0.0456,0.643,19.9,95.0,4,0
5.89,Marketing,5,3.2,0.0789,0.73,8.8,81.5,4,0
3.43,Finance,3,1.2,0.0117,0.5261,30.6,29.4,4,0
1.26,Finance,2,1.8,0.0634,0.5616,34.7,36.3,1,1
3.77,Sales,1,11.2,0.0507,0.6471,37.3,1.1,5,1
4.3,Engineering,2,21.9,0.025,0.8882,7.2,26.8,1,1
12.65,Engineering,4,12.9,0.0181,0.3682,46.5,26.5,4,1
0.45,Engineering,2,7.8,0.0199,0.9395,24.1,15.4,4,1
2.12,Operations,3,30.3,0.1227,0.3087,19.1,91.5,2,1
0.88,HR,4,15.0,0.0341,0.745,6.5,2.3,3,1
1.12,Finance,5,10.7,0.079,0.5764,1.1,56.1,3,0
9.71,Operations,4,6.4,0.0312,0.5856,9.3,41.7,1,0
0.37,Operations,2,22.7,0.0397,0.3336,18.9,40.0,3,1
5.55,Sales,2,6.9,0.0197,0.8132,5.3,15.1,3,1
11.45,HR,5,4.2,0.0349,0.8102,24.3,79.3,3,0
0.08,HR,1,8.1,0.0338,0.4494,19.8,32.4,3,1
0.95,Engineering,1,9.3,0.0775,0.8521,9.8,68.4,5,1
1.47,Marketing,5,15.9,0.0321,0.5718,19.3,31.6,5,0
0.43,Finance,3,4.1,0.1119,0.7571,38.1,90.8,4,0
0.26,HR,2,4.8,0.0491,0.5391,10.7,22.7,5,0
0.95,Finance,1,5.1,0.0786,0.2877,6.5,83.2,3,0
0.68,Marketing,2,7.7,0.1058,0.1029,21.9,74.4,3,0
3.9,Engineering,4,3.3,0.0335,0.734,1.1,87.0,3,0
3.88,Finance,2,20.2,0.1372,0.2437,16.9,98.7,4,0
4.07,Operations,2,1.8,0.0715,0.6322,21.5,57.8,4,1
9.61,Marketing,2,23.1,0.0303,0.5965,24.2,73.0,4,1
0.3,Finance,4,14.8,0.0639,0.6295,40.4,57.1,2,1
2.33,Engineering,4,3.9,0.1141,0.6292,45.6,89.4,2,1
2.08,Marketing,2,7.2,0.0716,0.4445,13.5,61.7,3,0
10.0,Marketing,2,4.5,0.0423,0.6306,13.3,84.6,3,0
0.8,HR,1,15.0,0.0464,0.3737,4.5,26.5,3,1
4.77,Finance,2,21.5,0.0592,0.9206,8.8,4.5,4,1
0.69,Finance,1,48.8,0.0736,0.7618,14.8,9.9,4,1
0.3,Engineering,2,12.3,0.0432,0.2507,7.6,65.3,3,0
3.32,Sales,2,1.8,0.0737,0.2885,1.3,83.5,4,0
3.26,Marketing,1,3.6,0.0563,0.6565,6.1,24.2,3,0
11.09,Operations,1,11.9,0.1004,0.6427,16.6,59.0,1,1
0.38,Sales,1,7.5,0.072,0.4842,4.4,52.5,4,0
1.52,HR,1,14.6,0.0901,0.7818,24.4,65.9,4,0
8.37,Operations,3,10.8,0.0307,0.8498,21.5,23.0,4,1
3.0,Engineering,1,4.0,0.0471,0.8047,5.6,22.2,2,1
5.02,Sales,1,6.6,0.029,0.576,0.3,78.0,3,0
0.38,Engineering,5,15.1,0.0028,0.4948,12.2,4.9,4,1
0.07,Sales,1,11.3,0.0527,0.5814,4.0,69.4,1,0
2.3,Finance,4,14.8,0.0197,0.8658,33.2,7.2,5,1
1.27,HR,2,2.6,0.0402,0.7572,17.3,10.3,1,1
3.81,Operations,3,4.2,0.043,0.3195,5.2,24.3,2,1
5.69,Operations,2,19.2,0.0659,0.6737,31.2,34.1,4,1
8.7,Operations,1,2.7,0.0125,0.6733,15.7,98.7,3,0
8.98,Marketing,3,14.1,0.0312,0.3763,48.5,45.6,4,1
4.21,Marketing,3,2.4,0.0246,0.8971,6.1,42.9,3,0
0.32,Finance,1,9.2,0.0143,0.7419,3.7,77.1,5,0
1.33,Operations,3,5.8,0.063,0.6951,0.3,27.0,5,0
2.76,Engineering,2,3.9,0.0369,0.5025,14.7,59.7,4,1
9.81,Marketing,4,9.8,0.1277,0.6335,22.8,70.0,4,0
0.05,Engineering,3,18.5,0.0364,0.4507,3.6,85.6,3,1
5.52,HR,1,4.8,0.0529,0.8115,16.3,12.2,4,1
1.1,Sales,4,0.9,0.0504,0.7151,6.3,65.5,4,0
0.55,Finance,5,7.7,0.0798,0.8261,10.3,0.5,4,0
0.43,Marketing,3,3.9,0.0344,0.5981,30.5,49.7,1,1
1.84,Engineering,1,15.4,0.0196,0.7605,4.2,36.1,4,0
8.62,Finance,3,5.8,0.0219,0.6945,3.1,81.5,2,0
4.25,Sales,2,4.9,0.0237,0.6921,22.3,72.7,4,0
6.49,Engineering,1,6.3,0.0203,0.6779,0.8,69.2,4,0
3.28,HR,4,18.5,0.1414,0.5401,14.6,17.0,5,1
2.43,Finance,2,11.7,0.0734,0.3951,60.0,31.0,1,1
18.63,Sales,4,3.4,0.0247,0.4158,25.4,28.8,3,0
6.41,HR,3,2.5,0.0271,0.801,7.7,19.4,1,0
7.99,Operations,1,22.9,0.0249,0.3009,8.1,42.1,4,1
0.0,HR,5,4.8,0.0489,0.4039,0.9,42.5,2,1
0.19,Operations,2,18.9,0.1171,0.4956,17.5,35.0,2,1
3.37,Operations,2,7.4,0.0681,0.9193,48.0,79.4,1,1
8.16,HR,2,4.3,0.0829,0.6329,17.3,69.1,4,0
4.48,Finance,1,4.6,0.0535,0.4896,5.3,79.5,1,0
0.02,Marketing,3,7.7,0.0074,0.314,10.3,80.8,3,0
4.84,HR,2,0.9,0.031,0.9142,1.5,22.1,2,0
5.64,HR,4,4.4,0.062,0.5286,17.7,94.6,4,0
15.15,Sales,5,28.6,0.1427,0.2737,13.1,65.0,2,1
0.02,Engineering,3,34.4,0.1497,0.6163,4.8,79.8,2,1
0.34,Engineering,1,4.8,0.1382,0.7727,4.6,92.8,5,1
6.74,HR,3,13.6,0.0146,0.439,3.7,81.5,1,1
4.04,Marketing,1,11.4,0.0052,0.7038,7.3,56.0,1,0
1.71,Sales,3,2.9,0.0472,0.479,4.8,48.0,4,1
2.4,Sales,2,13.8,0.0659,0.3385,15.3,54.8,2,1
2.79,Sales,4,6.2,0.0236,0.6207,10.1,87.4,2,0
8.75,Finance,2,8.9,0.0565,0.9171,60.0,6.6,1,0
6.89,Sales,1,15.8,0.1134,0.5966,8.9,38.7,4,1
2.39,Sales,5,6.6,0.0756,0.4695,18.6,28.4,3,1
2.11,Engineering,2,6.5,0.0945,0.5109,60.0,44.7,5,1
1.75,Sales,4,12.7,0.0393,0.4941,39.4,60.2,2,1
3.06,Sales,4,19.3,0.0451,0.6678,8.4,77.2,5,0
5.52,Marketing,2,12.2,0.0529,0.595,1.9,0.8,1,1
4.8,Operations,2,6.8,0.0187,0.651,21.3,43.2,2,0
7.79,HR,2,17.9,0.0774,0.7213,35.6,29.0,2,1
3.24,Engineering,3,11.1,0.1095,0.5603,12.5,73.6,4,1
3.74,Engineering,5,22.2,0.0076,0.4729,10.5,27.4,3,1
2.21,Sales,1,26.3,0.009,0.6257,3.7,23.4,1,1
7.67,HR,3,12.1,0.0648,0.925,42.3,17.3,4,1
16.09,Finance,1,21.1,0.0151,0.6528,37.7,50.3,2,1
1.79,Sales,2,21.5,0.0339,0.541,17.7,5.2,4,1
4.37,HR,3,8.0,0.1296,0.6981,1.1,69.8,3,0
0.81,Sales,4,21.5,0.032,0.331,6.6,88.4,1,0
3.17,Finance,2,9.3,0.0968,0.375,60.0,19.6,5,1
5.02,Marketing,2,14.7,0.051,0.6621,16.8,49.5,2,1
1.25,Engineering,1,8.6,0.0531,0.6101,1.5,88.0,1,1
2.24,HR,1,2.1,0.0718,0.4287,8.2,85.2,4,0
11.67,Finance,2,31.4,0.0666,0.6958,6.3,78.2,5,0
0.01,Marketing,4,14.3,0.023,0.6615,19.7,18.7,3,1
7.87,Finance,2,15.2,0.0704,0.6003,2.4,43.7,5,0
12.56,Finance,1,10.0,0.0064,0.7376,0.4,98.3,1,0
3.93,Marketing,3,21.4,0.0541,0.5434,10.8,24.2,3,1
3.77,HR,1,7.9,0.0218,0.6143,12.2,13.3,4,0
1.92,Finance,1,8.3,0.1194,0.2292,42.5,41.3,4,1
7.49,Sales,4,3.4,0.04,0.5624,25.2,15.1,1,1
3.81,HR,1,10.7,0.0161,0.7554,21.1,47.1,4,0
3.1,Engineering,2,20.7,0.0435,0.6087,3.1,61.9,4,0
2.42,HR,2,8.0,0.0624,0.4827,18.0,39.5,2,1
4.01,Engineering,1,3.0,0.0345,0.6216,6.3,25.3,2,0
0.01,Sales,1,17.8,0.0925,0.7278,11.3,46.0,4,0
1.4,HR,1,12.8,0.0281,0.8704,36.5,79.1,3,0
2.76,Finance,1,29.0,0.0619,0.7697,9.4,81.8,3,1
3.05,Operations,4,4.6,0.0368,0.688,4.9,0.6,5,0
2.21,Engineering,2,14.4,0.1208,0.3515,33.8,4.5,1,1
7.81,Operations,2,2.9,0.0466,0.6056,19.9,91.7,4,0
4.1,Sales,2,8.8,0.1052,0.3224,60.0,22.8,5,1
3.33,Marketing,5,10.1,0.01,0.8263,27.2,40.6,3,0
11.85,Marketing,1,1.9,0.0559,0.3594,5.6,11.2,4,1
7.17,Operations,4,19.7,0.0074,0.4304,7.1,33.5,4,1
8.47,Engineering,1,16.1,0.0795,0.3959,1.5,76.1,3,1
6.63,Operations,5,12.8,0.061,0.7715,2.8,5.3,4,1
4.38,Engineering,1,3.0,0.062,0.1956,14.5,44.8,1,1
5.42,Operations,1,5.0,0.031,0.6338,27.2,61.6,5,0
1.61,Finance,2,17.4,0.0069,0.8277,4.0,28.7,1,1
0.66,HR,1,8.7,0.0965,0.6124,2.6,82.1,3,0
4.69,HR,3,7.4,0.0093,0.4926,22.1,0.4,3,1
0.37,Engineering,3,21.1,0.0383,0.8888,18.0,42.7,3,1
3.67,Marketing,3,9.8,0.1164,0.4499,7.2,85.2,4,0
0.2,Marketing,1,3.3,0.0446,0.6293,3.0,11.7,4,0
3.76,Operations,3,17.2,0.0185,0.5721,4.4,19.2,5,0
0.57,Marketing,1,2.9,0.0593,0.5693,21.3,65.5,3,0
2.01,Operations,5,8.7,0.046,0.6296,22.0,31.4,4,1
1.12,Operations,3,10.9,0.0165,0.4778,1.9,24.7,1,1
2.33,HR,2,14.8,0.1128,0.5028,3.2,52.2,5,0
1.78,Marketing,4,2.3,0.0417,0.4301,6.3,63.2,3,0
0.43,Sales,2,0.7,0.0545,0.6336,60.0,71.5,4,0
0.4,Marketing,2,0.7,0.0301,0.6922,0.5,38.2,5,0
0.21,Finance,1,22.9,0.0471,0.6678,14.5,58.9,4,1
2.59,HR,3,1.9,0.0276,0.5725,8.0,91.8,3,0
0.3,Finance,2,27.0,0.0426,0.8531,16.3,95.0,3,1
1.44,Sales,1,18.6,0.0898,0.7646,19.8,63.3,2,1
1.35,Finance,3,3.9,0.138,0.4828,8.6,53.8,4,0
1.55,HR,1,1.1,0.0273,0.3867,12.3,74.2,4,0
2.87,Sales,3,9.3,0.0498,0.662,46.2,90.9,4,0
0.94,Operations,1,5.7,0.0471,0.6679,60.0,22.5,3,1
1.7,Engineering,2,21.3,0.0426,0.6348,23.0,37.3,4,1
16.56,Marketing,4,10.8,0.0168,0.7747,7.8,2.2,3,1
6.45,Sales,1,8.8,0.005,0.4784,41.2,96.7,3,0
8.98,Sales,3,7.4,0.0233,0.8792,3.7,81.8,2,0
1.93,Engineering,2,14.7,0.0645,0.9555,3.1,7.7,4,1
1.0,Engineering,4,8.2,0.1106,0.4275,6.6,86.9,2,0
2.51,Engineering,1,30.7,0.0056,0.788,60.0,70.7,4,1
1.61,Marketing,3,1.8,0.0564,0.649,6.5,86.3,5,1
7.01,Operations,2,6.8,0.0199,0.7338,60.0,85.1,4,0
7.71,Finance,2,13.2,0.1266,0.5983,13.0,24.8,4,1
3.39,Engineering,2,12.0,0.033,0.4923,16.0,29.2,5,1
2.38,Operations,2,30.6,0.0802,0.7728,15.4,33.8,5,1
1.89,Finance,2,4.7,0.0401,0.7079,20.2,69.5,2,0
2.84,Finance,1,0.3,0.0616,0.6557,9.1,66.0,3,0
0.6,Operations,2,17.6,0.0385,0.7506,0.4,48.8,3,1
8.38,HR,3,10.4,0.0242,0.4921,35.4,54.4,1,1
1.28,HR,2,17.7,0.0033,0.4795,3.1,45.1,3,1
1.2,Marketing,1,11.6,0.0621,0.5333,5.3,32.5,4,0
11.95,Finance,2,0.5,0.1354,0.755,24.1,81.4,5,0
9.1,Marketing,2,12.1,0.0247,0.8712,60.0,57.1,5,0
4.75,Marketing,3,4.6,0.0623,0.6554,10.0,76.6,1,0
0.76,Operations,4,6.8,0.0262,0.4704,1.4,15.9,3,1
3.6,Sales,2,8.0,0.0224,0.6429,7.2,24.7,5,0
3.59,Engineering,3,2.9,0.0122,0.5119,4.1,40.5,4,0
0.64,HR,1,4.5,0.0668,0.8716,15.5,22.4,5,0
0.49,Finance,5,15.5,0.0757,0.5283,36.3,61.0,3,1
0.69,Marketing,1,15.4,0.0722,0.7252,29.7,71.4,3,0
2.91,Sales,2,1.6,0.0324,0.683,18.3,22.7,3,1
0.51,Marketing,1,10.5,0.1071,0.8749,20.6,1.3,5,0
0.76,Marketing,1,16.7,0.0052,0.9474,6.8,60.7,3,0
1.76,Marketing,3,9.7,0.01,0.4441,13.4,98.1,3,0
2.34,Marketing,1,11.0,0.0485,0.7681,6.0,32.7,4,1
4.12,Operations,1,1.7,0.0055,0.713,8.8,63.4,3,0
0.74,Finance,1,20.8,0.0294,0.734,31.4,4.8,3,1
10.03,HR,5,3.2,0.0704,0.8584,1.4,56.9,5,0
1.19,HR,3,6.5,0.0199,0.8774,20.2,56.0,3,0
4.59,Marketing,4,16.8,0.0874,0.4488,44.3,56.7,4,0
0.12,Sales,4,25.9,0.04,0.3578,0.6,48.6,1,1
2.23,Finance,4,6.9,0.0308,0.8636,7.4,45.1,5,0
1.23,Finance,2,35.8,0.0131,0.6202,60.0,86.5,4,1
5.59,Finance,1,10.0,0.0385,0.8066,46.3,1.3,5,1
7.93,HR,1,9.1,0.041,0.459,43.7,37.5,5,0
3.83,Marketing,1,3.6,0.0773,0.8558,18.1,41.7,4,0
19.45,Engineering,3,6.6,0.1566,0.5671,9.0,82.9,2,0
0.42,Marketing,1,10.6,0.0666,0.6281,24.2,39.0,3,0
3.33,Marketing,1,13.4,0.0221,0.7639,2.6,8.9,1,1
1.72,Operations,3,12.9,0.0935,0.3616,24.0,12.3,4,1
3.02,Operations,1,6.0,0.0399,0.5127,1.0,12.0,5,0
0.87,HR,1,22.8,0.0587,0.3189,6.9,60.4,3,1
5.33,Engineering,1,9.4,0.0241,0.6229,20.5,53.0,3,0
5.0,Finance,3,8.9,0.0564,0.4335,53.3,24.9,3,1
1.57,Engineering,1,3.4,0.0681,0.418,19.6,18.9,4,0
0.75,Sales,1,14.4,0.0177,0.6622,19.8,91.0,5,0
2.67,Marketing,1,8.5,0.0043,0.6119,16.4,58.6,4,0
3.2,Finance,3,7.0,0.0508,0.6947,14.1,84.3,4,0
3.26,Finance,1,2.4,0.0773,0.322,15.8,26.5,3,1
3.06,Marketing,1,2.5,0.0515,0.981,35.1,47.5,3,0
0.67,Engineering,4,11.5,0.0327,0.8561,18.5,25.7,2,1
3.18,Marketing,4,25.1,0.0957,0.6299,1.4,16.0,1,1
2.14,Finance,1,7.5,0.0445,0.2783,14.4,38.9,5,0
7.72,HR,1,7.4,0.0055,0.4892,50.5,0.3,4,1
0.0,HR,1,14.5,0.0512,0.8836,19.3,89.0,2,1
0.44,Finance,3,20.3,0.0763,0.8642,15.3,45.0,4,1
2.07,Finance,1,5.6,0.0833,0.9273,0.2,12.4,4,0
3.12,HR,4,3.4,0.0311,0.5347,0.8,46.7,5,1
2.57,Sales,3,8.3,0.0542,0.4785,13.3,87.1,2,0
4.32,Sales,2,12.8,0.0198,0.3217,12.2,95.7,2,0
1.0,HR,1,0.7,0.1043,0.5433,0.4,0.2,3,1
1.72,Sales,4,6.2,0.0085,0.7489,0.3,97.5,2,0
2.04,Finance,3,7.6,0.0376,0.9286,19.5,32.4,2,1
4.14,Operations,3,6.8,0.0598,0.5063,8.0,70.7,5,0
8.77,Engineering,1,2.2,0.0062,0.7575,23.1,75.3,5,0
3.83,Sales,3,6.3,0.0294,0.5109,5.5,90.6,4,0
0.17,Engineering,3,7.7,0.0582,0.5927,33.9,41.0,4,1
1.93,Operations,5,4.0,0.0519,0.5783,6.4,76.6,4,0
2.81,Marketing,2,10.7,0.0939,0.1608,32.1,68.5,4,1
0.41,Sales,2,16.1,0.0355,0.7271,7.1,32.5,5,0
0.74,HR,2,16.5,0.0962,0.4012,0.7,82.6,5,1
2.9,Marketing,3,4.9,0.0652,0.7505,2.1,89.2,3,0
2.05,Operations,4,12.6,0.0534,0.7899,25.5,56.7,4,1
6.34,Finance,2,11.8,0.0351,0.4319,6.0,81.9,1,0
5.36,Sales,1,29.0,0.0549,0.8952,42.6,62.5,2,1
7.7,Marketing,1,12.6,0.0054,0.7354,13.0,78.9,3,0
0.55,Marketing,2,13.2,0.0796,0.9375,1.9,61.8,3,0
5.55,Finance,4,18.4,0.0477,0.5279,25.0,69.3,2,1
0.47,Engineering,1,2.8,0.0024,0.1686,4.3,3.8,5,0
0.44,Marketing,2,9.2,0.0442,0.7441,10.1,9.6,4,1
1.2,Engineering,4,26.2,0.055,0.7675,23.4,41.3,3,1
0.62,Operations,2,26.6,0.0301,0.7629,0.9,78.9,4,1
4.58,Operations,1,6.3,0.036,0.8627,4.3,6.4,4,1
0.35,Finance,2,25.7,0.0142,0.4037,23.3,1.4,4,1
5.57,Finance,2,7.1,0.0143,0.4265,26.4,21.8,3,0
1.22,Engineering,1,11.0,0.0384,0.1925,19.4,86.0,3,1
5.65,Operations,3,1.8,0.0323,0.3108,1.2,88.7,3,0
2.53,Sales,2,22.1,0.031,0.3356,59.3,29.4,4,1
3.75,Sales,2,6.8,0.0641,0.6294,19.0,68.2,3,0
0.2,Marketing,2,2.3,0.1135,0.4675,0.4,70.3,2,0
5.06,Operations,1,7.9,0.0677,0.66,47.9,0.1,4,1
1.55,HR,1,0.5,0.017,0.5535,15.3,37.4,2,0
0.57,Finance,1,14.1,0.0241,0.8175,18.6,15.0,4,1
1.45,Finance,1,19.3,0.0302,0.8879,12.3,34.6,4,0
1.81,Sales,3,3.6,0.105,0.2092,24.0,26.5,3,1
1.04,Finance,1,3.4,0.0607,0.9363,6.4,7.6,5,0
2.59,Operations,3,13.3,0.1491,0.5183,10.9,98.6,3,0
5.9,HR,1,14.5,0.0958,0.5591,2.4,50.1,4,0
2.04,Marketing,1,5.1,0.0399,0.7043,4.2,14.5,4,0
0.6,Marketing,1,4.0,0.0352,0.9013,12.7,23.4,4,0
1.9,Operations,2,17.0,0.029,0.4806,10.1,3.7,1,1
1.3,Marketing,2,2.0,0.0132,0.8293,15.9,30.0,3,0
0.36,Operations,3,6.0,0.0601,0.7642,2.9,6.4,5,1
0.84,Marketing,1,3.9,0.0433,0.3407,6.4,24.8,5,1
1.65,Operations,2,13.2,0.0232,0.7111,23.5,43.5,2,1
3.08,Marketing,3,4.2,0.0081,0.6005,17.1,67.2,3,0
7.0,Operations,1,18.6,0.0988,0.7603,2.6,83.3,3,0
0.15,Operations,1,5.8,0.0107,0.3851,37.6,5.5,5,1
0.69,Operations,1,11.5,0.0265,0.6905,11.0,24.7,5,0
0.98,Finance,1,4.3,0.0238,0.6505,2.9,13.6,3,0
5.86,Marketing,4,9.9,0.016,0.6207,2.1,34.8,4,1
2.54,Operations,2,4.8,0.0393,0.3625,6.0,17.6,2,1
1.22,HR,2,3.2,0.0363,0.4685,12.1,23.5,4,0
1.71,Engineering,3,14.5,0.0433,0.9142,3.3,91.7,1,0
2.64,Operations,2,4.2,0.0589,0.7959,21.3,64.1,1,0
0.94,Finance,2,4.2,0.1149,0.7979,14.4,86.7,3,0
5.96,HR,1,9.3,0.0922,0.2958,15.4,54.4,5,0
5.46,Marketing,2,10.6,0.0174,0.5689,22.9,82.0,1,1
2.57,Engineering,1,3.1,0.0466,0.8174,18.0,35.0,3,0
8.61,HR,1,12.4,0.0125,0.3016,33.2,24.4,4,1
0.07,Sales,1,4.5,0.0399,0.7855,21.8,54.9,3,0
12.85,Sales,3,2.4,0.0305,0.7865,3.8,94.2,1,0
15.18,Operations,3,6.7,0.0094,0.5264,0.8,83.5,4,0
0.6,Finance,3,6.6,0.0361,0.3601,7.4,24.3,2,0
1.17,Engineering,1,11.7,0.0775,0.8827,57.4,95.5,3,1
1.93,HR,5,29.7,0.0525,0.3443,14.1,52.5,5,1
0.41,Sales,1,9.2,0.0298,0.6561,10.9,42.1,4,0
3.29,Operations,3,12.9,0.1391,0.5388,41.6,28.8,4,1
0.84,Sales,3,1.8,0.094,0.6232,16.9,62.7,2,1
3.46,HR,2,19.2,0.0705,0.6463,5.3,57.9,4,0
2.66,HR,2,7.6,0.0191,0.8732,18.9,82.5,2,0
2.28,Sales,3,2.6,0.0259,0.8966,21.5,91.5,5,0
0.6,Marketing,3,18.7,0.016,0.6819,4.4,74.6,4,0
1.56,Finance,1,7.9,0.0059,0.7343,60.0,18.5,4,0
5.32,HR,3,16.7,0.0504,0.7539,3.7,13.2,2,1
6.63,HR,1,31.8,0.0115,0.8867,8.9,53.6,3,1
0.43,Marketing,2,2.0,0.0758,0.5731,4.6,15.4,1,1
0.28,Engineering,2,4.3,0.0487,0.8777,4.1,61.7,3,0
1.82,Operations,3,14.6,0.0707,0.6835,10.9,16.2,1,1
0.39,Finance,2,8.3,0.0304,0.5151,10.6,23.2,1,1
6.5,Sales,1,0.5,0.0498,0.6023,19.4,8.4,2,0
6.86,Finance,2,6.1,0.0728,0.1951,15.8,83.7,4,0
4.65,Operations,1,6.9,0.0234,0.4336,18.5,59.0,2,0
1.62,Sales,2,7.9,0.0618,0.8872,23.6,34.6,5,0
0.39,Finance,2,4.2,0.0588,0.3718,25.5,39.7,4,0
0.14,Finance,3,22.7,0.0906,0.6502,1.0,13.5,3,1
4.05,Marketing,1,1.8,0.0301,0.9736,11.5,84.8,3,0
3.7,Finance,1,11.1,0.0398,0.7397,31.7,30.5,3,1
1.32,Marketing,2,5.2,0.0121,0.4823,9.7,7.1,2,1
3.72,Marketing,1,4.8,0.0305,0.2588,2.2,35.9,3,1
3.0,Operations,1,20.6,0.0064,0.9742,18.9,24.3,1,1
0.31,HR,2,6.6,0.0471,0.6182,10.0,40.8,3,1
1.01,Marketing,2,11.1,0.0096,0.5003,17.6,86.0,3,0
4.18,Sales,1,15.3,0.0626,0.4799,0.5,74.5,1,1
2.35,Operations,2,8.6,0.1417,0.8371,0.7,24.4,4,1
6.28,Operations,4,20.8,0.0898,0.6305,8.9,32.1,4,1
1.71,Sales,2,2.3,0.0305,0.5601,7.8,43.3,2,1
8.72,Finance,1,11.6,0.0214,0.7369,9.9,16.1,3,1
5.81,Marketing,1,29.9,0.0863,0.3704,5.0,28.5,5,1
6.68,Engineering,1,10.9,0.0133,0.8432,30.8,30.8,5,0
3.42,Marketing,2,1.3,0.0188,0.2489,4.6,18.9,3,0
0.35,Marketing,3,11.9,0.0376,0.8736,0.6,27.3,2,0
1.21,Operations,1,23.3,0.0572,0.6718,9.5,42.5,2,1
11.31,Sales,1,6.2,0.1198,0.9518,15.3,84.8,4,0
1.05,Marketing,1,6.1,0.0227,0.3722,7.7,68.0,5,0
3.12,Marketing,1,14.2,0.0469,0.425,4.0,6.7,2,1
7.81,Engineering,5,12.4,0.0303,0.9421,0.9,50.8,4,0
7.13,Marketing,1,8.8,0.0103,0.5106,16.4,23.5,4,0
5.51,Finance,1,4.5,0.0301,0.4053,13.9,0.1,2,1
5.88,Operations,2,5.6,0.0479,0.3891,12.5,56.5,1,0
4.71,Engineering,1,3.4,0.0212,0.5789,20.5,19.9,1,0
5.21,Operations,1,1.2,0.0777,0.8127,5.7,64.7,3,0
2.07,Finance,2,19.3,0.0151,0.6144,2.0,26.1,3,0
5.09,Sales,1,14.8,0.0164,0.7282,12.9,24.2,3,1
2.09,HR,1,13.7,0.0456,0.3395,1.0,59.1,5,0
7.56,Marketing,2,13.5,0.1391,0.5831,25.2,59.1,3,1
2.15,Operations,2,7.1,0.037,0.789,1.1,84.9,3,0
5.23,Sales,1,6.3,0.0061,0.1937,10.9,19.8,4,0
2.49,Operations,4,2.6,0.0772,0.6701,0.4,98.7,5,0
0.41,Finance,1,15.7,0.0339,0.3619,1.2,36.9,4,1
10.8,Sales,5,42.0,0.063,0.9795,10.1,97.0,4,1
1.62,Finance,4,11.5,0.1212,0.5935,7.2,15.5,2,1
1.12,Marketing,2,17.3,0.0125,0.9191,4.2,95.3,2,0
0.29,Engineering,1,17.3,0.0355,0.7938,2.9,96.4,5,0
2.1,Engineering,3,24.3,0.0778,0.8068,15.9,29.0,5,1
1.93,Engineering,2,4.0,0.0307,0.6743,6.4,20.3,3,0
8.06,Finance,1,1.8,0.0438,0.5387,15.5,60.3,5,0
4.73,Engineering,2,9.9,0.0615,0.2218,9.1,13.7,3,1
0.65,Operations,2,7.6,0.0001,0.7017,27.8,29.5,1,1
1.78,Engineering,4,39.6,0.057,0.788,41.7,98.3,4,1
3.12,Engineering,3,3.4,0.0459,0.5916,0.3,76.5,4,0
9.11,Sales,4,29.6,0.0577,0.8149,2.4,79.6,1,0
0.18,Marketing,3,7.7,0.0289,0.6822,41.6,87.3,3,0
1.5,Operations,2,3.0,0.0502,0.7585,23.5,68.9,4,0
0.8,Sales,2,25.9,0.1164,0.688,13.4,71.7,3,1
2.75,Finance,5,4.0,0.0042,0.808,0.3,73.3,1,0
2.58,Marketing,5,17.4,0.0567,0.4433,43.2,39.1,5,1
4.56,Marketing,3,10.1,0.0297,0.5457,26.6,10.0,5,0
2.4,Engineering,3,29.5,0.0263,0.5876,2.5,61.0,5,1
3.11,Operations,2,20.0,0.0267,0.6522,21.6,80.0,4,1
2.77,Operations,1,7.5,0.081,0.58,26.1,23.4,5,0
0.5,Marketing,4,26.0,0.032,0.4684,60.0,18.2,5,1
0.94,Finance,1,12.6,0.0152,0.4083,15.2,95.7,4,0
1.12,HR,1,9.0,0.0835,0.776,23.6,13.8,4,1
18.96,Operations,2,9.9,0.0754,0.4286,21.1,54.9,4,0
0.39,Operations,2,17.8,0.0537,0.782,16.8,74.1,3,1
0.59,Finance,2,7.2,0.0272,0.4753,2.9,9.5,2,1
0.06,Marketing,1,5.6,0.0128,0.8465,40.6,56.1,5,0
2.42,HR,1,4.6,0.0551,0.8031,54.0,68.0,3,1
4.94,Marketing,1,11.4,0.0087,0.8904,20.2,4.4,1,0
4.51,Engineering,1,4.9,0.0338,0.9315,0.6,42.0,5,0
2.75,Operations,1,18.0,0.0515,0.6519,9.7,47.4,5,0
2.84,Finance,3,7.1,0.0531,0.661,20.0,55.6,4,0
2.11,Finance,1,13.4,0.0265,0.614,13.8,4.0,5,0
2.58,Sales,2,20.8,0.0676,0.1482,8.6,89.4,5,0
4.01,Finance,1,24.8,0.0393,0.5225,33.7,86.1,1,1
16.22,Engineering,2,10.6,0.032,0.6927,5.2,85.3,4,0
8.1,Operations,4,1.0,0.0432,0.5336,35.4,52.0,2,0
6.07,Marketing,1,1.1,0.0544,0.591,1.6,78.8,4,0
8.27,HR,1,17.7,0.0755,0.833,6.0,80.1,3,1
0.49,Operations,3,3.8,0.0029,0.8656,15.7,96.3,3,0
6.12,Marketing,1,6.8,0.099,0.5898,23.8,81.6,5,0
8.91,Engineering,3,19.6,0.0488,0.8601,21.7,11.9,2,1
0.25,Engineering,5,5.7,0.1731,0.4199,6.1,14.3,5,1
1.34,Sales,2,2.6,0.0231,0.5917,1.4,50.9,2,0
4.94,Engineering,5,7.0,0.0119,0.8275,2.0,70.9,1,0
1.06,Finance,2,15.3,0.0307,0.6383,4.6,83.5,1,0
1.18,Finance,2,5.6,0.0505,0.5782,27.9,1.2,5,1
5.26,Finance,1,13.8,0.0088,0.595,6.2,43.4,3,1
5.12,Engineering,1,2.7,0.0198,0.5993,0.6,42.3,4,0
0.4,Operations,1,4.4,0.0658,0.3927,3.3,69.4,5,0
1.69,Operations,2,7.1,0.0015,0.1982,27.6,55.4,4,0
1.76,Finance,2,21.4,0.0255,0.6175,8.0,80.3,5,0
0.52,Engineering,1,6.2,0.0494,0.4327,6.2,70.0,1,1
1.13,HR,2,5.5,0.0244,0.7067,60.0,48.1,2,1
0.11,Marketing,1,5.5,0.0257,0.81,13.7,23.8,4,0
1.16,Marketing,1,13.8,0.0669,0.9097,20.9,64.4,5,0
2.06,Sales,1,16.4,0.0041,0.8523,21.2,22.7,4,1
1.41,Marketing,3,20.7,0.1175,0.4693,1.2,64.8,3,0
5.32,Operations,2,32.7,0.0248,0.4843,53.7,15.1,5,1
5.43,Finance,3,11.5,0.0054,0.348,11.3,21.2,2,0
2.9,HR,1,4.9,0.0901,0.5583,27.6,43.0,3,1
1.27,Finance,2,7.9,0.1111,0.4394,10.9,51.9,4,0
0.15,Engineering,5,3.9,0.0879,0.8258,51.0,95.4,3,1
0.51,Finance,1,10.0,0.021,0.8215,10.6,60.8,5,0
5.18,Engineering,2,4.6,0.0745,0.7952,1.2,42.5,4,0
0.28,Engineering,1,20.7,0.0347,0.2833,8.8,82.8,5,0
0.15,Finance,1,10.8,0.0808,0.4923,22.4,13.9,2,0
1.74,Finance,2,25.3,0.031,0.7562,19.5,1.5,4,1
6.48,Operations,1,16.0,0.1462,0.7503,15.2,25.6,4,1
3.96,Finance,2,15.0,0.08,0.3644,13.0,53.3,3,1
6.07,Operations,4,2.6,0.1458,0.3942,9.9,63.6,3,0
1.53,Marketing,1,13.8,0.0043,0.6108,4.4,80.2,5,0
2.27,HR,1,32.2,0.0894,0.3218,18.4,60.3,2,1
1.86,Operations,3,6.4,0.0305,0.5653,1.0,11.6,1,1
4.11,HR,2,18.5,0.0955,0.4056,8.8,79.1,4,1
1.87,Finance,4,1.9,0.0272,0.7696,33.0,1.2,5,1
4.52,Engineering,1,3.4,0.0453,0.6771,6.9,70.5,5,0
1.69,Sales,2,8.4,0.0431,0.5047,16.8,52.1,5,0
1.44,Finance,4,5.6,0.0268,0.4779,1.3,49.5,4,0
2.61,Sales,1,4.5,0.0435,0.8302,3.0,74.5,2,0
0.86,Finance,3,5.6,0.0352,0.3526,2.5,4.4,4,0
20.0,Engineering,2,12.7,0.0324,0.2485,11.6,41.1,4,0
2.47,Sales,3,18.7,0.0962,0.5778,45.2,94.2,3,1
2.82,Finance,1,13.5,0.0492,0.2595,53.9,1.4,5,1
2.74,Finance,2,14.1,0.0626,0.3733,6.4,87.7,5,0
0.09,Operations,1,8.7,0.0618,0.707,0.4,64.9,5,0
3.03,Operations,5,3.3,0.0711,0.3069,20.6,90.8,1,0
4.71,Marketing,1,8.1,0.0154,0.6062,3.1,4.6,1,1
2.51,Engineering,1,10.1,0.0136,0.2206,14.5,80.7,1,1
3.01,Finance,4,19.2,0.0817,0.3526,8.5,53.1,3,1
2.54,Sales,1,28.0,0.0993,0.6554,40.4,24.8,4,1
5.31,Sales,2,12.0,0.0551,0.6473,17.6,47.1,4,1
1.64,Sales,1,17.9,0.0941,0.6145,9.1,92.3,3,1
1.24,HR,2,0.7,0.0164,0.6479,3.2,43.9,4,0
2.02,Engineering,1,7.0,0.1159,0.776,9.6,13.7,3,1
2.63,Finance,2,8.6,0.0184,0.5577,9.2,6.6,5,0
2.11,Engineering,2,13.3,0.0237,0.5635,0.2,1.4,2,1
2.22,Finance,1,28.5,0.0525,0.4708,28.3,21.1,3,1
3.03,Finance,1,11.4,0.0334,0.8307,29.3,54.9,5,0
0.09,Sales,1,1.6,0.0162,0.5561,17.2,35.0,4,0
13.18,Engineering,3,14.2,0.0151,0.4115,1.4,87.5,2,1
2.12,Marketing,1,6.6,0.0468,0.7792,5.0,78.6,1,0
2.73,Marketing,1,13.2,0.0974,0.9656,29.5,46.5,4,1
5.39,Sales,1,15.0,0.0448,0.8137,4.3,23.0,4,1
2.02,Operations,2,1.5,0.0289,0.4872,14.9,41.5,5,0
3.56,Sales,3,8.3,0.0382,0.1364,9.7,63.8,1,0
12.11,Operations,2,8.5,0.0722,0.5433,4.2,2.3,5,0
2.95,Engineering,4,11.3,0.0529,0.3653,20.6,88.9,3,0
6.05,Finance,3,4.8,0.0276,0.5905,3.1,65.5,3,0
4.16,Engineering,3,3.7,0.042,0.4406,11.2,96.3,4,0
2.07,Sales,3,28.2,0.129,0.8362,26.5,66.4,5,1
2.39,HR,1,10.5,0.0128,0.4554,20.5,36.3,3,0
0.7,Engineering,5,4.1,0.105,0.6569,22.9,43.8,1,1
2.89,HR,3,5.7,0.0626,0.8373,20.0,0.7,4,1
2.18,Sales,2,29.0,0.0141,0.6672,3.5,5.7,4,1
1.79,Engineering,1,21.8,0.0236,0.5602,19.7,10.3,5,1
0.72,Operations,1,5.2,0.0488,0.8923,10.4,39.3,4,0
2.25,Operations,2,3.4,0.0658,0.8721,5.1,28.7,4,1
7.95,Operations,2,3.6,0.0599,0.4719,14.0,40.1,5,0
0.7,Engineering,3,20.3,0.0327,0.3923,35.2,40.6,3,1
2.59,HR,2,6.2,0.0551,0.3754,0.8,35.1,1,1
1.05,Sales,2,2.2,0.0055,0.581,51.0,51.4,4,0
1.35,Sales,1,5.9,0.0868,0.613,1.4,93.6,4,0
0.12,HR,1,11.2,0.0835,0.6197,5.4,52.3,5,0
7.03,Finance,1,8.2,0.0321,0.4002,5.9,82.0,2,0
0.43,HR,3,22.1,0.0439,0.748,19.5,77.9,3,1
2.58,Sales,2,11.3,0.0134,0.4057,17.5,41.7,1,1
2.68,Operations,4,12.5,0.0638,0.0934,1.3,24.0,4,1
3.42,Operations,3,17.1,0.0258,0.7253,0.1,3.2,2,0
0.63,Sales,3,16.5,0.0488,0.5045,60.0,5.6,4,1
5.44,Sales,2,5.8,0.0287,0.4685,5.5,21.9,4,0
1.57,Finance,3,3.4,0.0647,0.491,1.0,87.7,3,0
2.01,HR,4,10.7,0.0722,0.9,0.1,10.5,1,0
0.55,Operations,3,9.6,0.0345,0.7616,60.0,82.5,4,0
0.73,HR,1,11.4,0.0497,0.1433,41.8,45.7,4,1
0.2,Engineering,3,12.1,0.0324,0.8661,1.8,64.6,2,0
0.01,Engineering,1,26.7,0.0183,0.7039,30.9,14.4,4,1
6.94,Engineering,1,7.2,0.0841,0.7558,44.5,79.4,5,0
0.12,HR,3,12.5,0.0447,0.7034,3.8,9.0,5,0
2.1,Sales,3,3.4,0.0251,0.8812,30.2,52.3,5,1
8.33,Operations,1,4.5,0.0447,0.8242,39.2,10.3,4,1
2.24,Operations,1,9.1,0.0188,0.9237,10.8,85.5,5,0
0.53,Engineering,4,3.9,0.0757,0.2448,7.3,58.8,4,0
8.64,Operations,1,14.4,0.0484,0.8044,29.0,54.6,3,0
4.42,Finance,1,12.9,0.0448,0.7584,6.7,27.3,2,1
0.07,Sales,3,5.2,0.0281,0.9685,8.1,51.1,4,0
5.31,HR,3,7.6,0.0191,0.4717,1.2,2.1,4,0
4.25,HR,2,20.4,0.0361,0.8132,6.9,48.1,5,1
6.38,Sales,2,10.6,0.034,0.7234,1.7,21.4,5,1
3.69,Operations,1,37.5,0.0453,0.5616,3.2,89.2,3,1
0.8,Engineering,1,7.6,0.0302,0.3558,12.6,27.2,5,0
3.76,Engineering,3,8.4,0.0403,0.719,1.9,51.1,1,1
4.39,Sales,3,9.1,0.0171,0.5346,60.0,0.3,3,1
5.69,Engineering,1,1.9,0.0061,0.7527,15.3,74.3,3,0
1.77,Engineering,1,8.1,0.0266,0.7977,21.3,16.1,5,0
2.02,HR,1,7.8,0.0546,0.6669,16.2,99.9,5,0
2.65,HR,1,15.4,0.0131,0.6686,13.6,29.3,4,1
2.39,Engineering,1,21.0,0.0527,0.3315,6.6,66.5,4,1
2.03,Marketing,1,7.1,0.0132,0.2224,3.5,96.0,3,0
1.15,Operations,3,1.0,0.0469,0.3539,14.6,75.6,5,0
0.59,Marketing,1,10.2,0.01,0.9564,1.9,35.0,5,0
3.74,Finance,3,3.9,0.0382,0.8474,15.9,92.1,3,0
5.36,Operations,2,10.9,0.1037,0.71,1.3,21.3,1,1
2.53,HR,3,10.7,0.0223,0.7175,11.2,63.4,1,0
2.34,HR,5,4.9,0.0524,0.6308,25.0,74.5,5,0
9.56,Engineering,2,10.3,0.0552,0.3792,3.7,35.7,4,0
4.14,Marketing,1,2.2,0.0283,0.313,32.1,83.1,2,0
2.19,Engineering,3,11.4,0.0157,0.4728,21.2,47.3,4,0
1.84,Finance,1,16.4,0.0153,0.4444,35.7,86.2,3,1
1.64,Marketing,1,13.3,0.0381,0.3519,3.7,21.5,4,1
2.97,Sales,1,5.9,0.0073,0.2857,4.4,89.6,4,1
2.97,Finance,4,15.5,0.1486,0.7618,34.5,53.3,4,1
5.53,Sales,1,14.3,0.0701,0.584,10.6,42.9,3,1
0.84,HR,2,14.8,0.1216,0.592,8.1,23.5,5,1
5.66,Finance,2,22.7,0.0514,0.8996,10.4,10.3,5,1
3.99,Sales,3,12.2,0.014,0.628,0.0,29.1,1,1
1.47,Marketing,1,3.5,0.0399,0.4353,41.0,39.8,4,1
1.02,HR,4,4.1,0.0415,0.8397,14.4,59.9,4,0
3.95,HR,3,12.3,0.0843,0.5776,43.3,72.3,4,1
2.54,Marketing,2,8.0,0.0578,0.8608,6.9,4.3,2,0
0.58,Sales,2,6.8,0.0775,0.0817,1.2,95.1,4,0
2.05,HR,3,14.0,0.103,0.5178,6.0,24.9,4,1
4.28,Operations,3,2.9,0.0833,0.6807,1.6,67.9,1,0
4.19,HR,2,14.2,0.0141,0.5623,0.6,80.7,3,0
2.92,Engineering,1,7.6,0.0255,0.65,4.7,41.7,4,0
4.11,Sales,1,11.7,0.0596,0.4287,4.2,43.8,2,1
3.26,Operations,1,3.2,0.0217,0.8347,2.6,4.8,5,1
2.91,Marketing,1,14.6,0.0239,0.3949,5.1,40.8,4,0
1.1,Marketing,1,18.4,0.0734,0.5703,6.9,93.7,4,0
4.41,Sales,1,58.8,0.1004,0.4306,7.1,36.9,3,1
2.45,Operations,4,11.1,0.0892,0.8515,14.2,89.7,1,1
5.14,HR,3,18.0,0.0309,0.6875,28.5,70.1,5,0
3.97,Marketing,3,3.9,0.0421,0.9784,15.7,88.5,1,0
0.13,Operations,2,21.9,0.0383,0.4366,7.3,19.6,4,1
2.06,Sales,2,2.4,0.0366,0.3352,15.1,66.9,2,0
1.58,Operations,1,27.9,0.1534,0.8675,15.1,9.9,4,1
1.13,Finance,3,10.3,0.0748,0.7195,54.1,48.7,3,1
2.97,Marketing,1,2.6,0.0041,0.4256,15.2,72.4,3,0
1.0,Marketing,2,7.0,0.0322,0.6477,3.6,16.2,5,0
0.58,Sales,5,17.9,0.0694,0.1634,12.0,95.9,5,0
0.59,Marketing,4,8.1,0.0594,0.7101,60.0,47.0,1,1
0.69,Sales,1,8.0,0.0216,0.4809,19.7,44.8,5,0
2.85,Sales,3,16.7,0.0634,0.7469,7.8,88.6,1,1
9.54,Engineering,1,8.6,0.0526,0.7562,60.0,86.0,4,1
1.35,Sales,1,21.0,0.0581,0.2657,1.8,91.7,5,0
5.93,Operations,1,5.8,0.0779,0.5858,7.7,67.0,3,0
0.68,Sales,1,1.7,0.024,0.855,3.9,66.2,4,0
1.43,HR,3,9.0,0.029,0.3097,21.4,23.0,4,0
5.89,HR,2,9.8,0.0301,0.5021,16.1,74.2,3,1
4.11,Marketing,1,5.6,0.0463,0.5183,60.0,62.2,5,0
4.2,Finance,5,11.4,0.0707,0.7967,12.2,34.3,4,0
5.12,Finance,2,2.0,0.0288,0.8041,8.4,96.7,4,0
9.74,Operations,2,11.7,0.0296,0.6532,0.2,48.6,1,1
3.76,HR,2,3.4,0.0553,0.8773,56.0,72.3,2,0
0.51,Marketing,2,2.6,0.0235,0.8438,0.5,66.6,4,0
5.37,Operations,2,9.6,0.0126,0.3664,4.8,1.1,5,0
4.83,Marketing,2,2.4,0.0509,0.754,26.3,45.7,4,1
5.62,Engineering,4,1.1,0.0235,0.5571,31.9,60.7,3,0
1.22,Sales,1,12.8,0.0311,0.7936,18.6,100.0,5,0
2.7,Finance,2,3.7,0.078,0.5779,0.9,15.4,5,1
0.26,HR,1,13.8,0.0127,0.4719,12.2,68.2,4,0
1.22,Sales,4,7.4,0.0545,0.7351,32.2,43.7,2,0
2.02,HR,1,9.6,0.0318,0.4927,13.9,47.1,4,0
1.57,Engineering,1,18.0,0.0435,0.3938,0.9,15.8,3,1
5.5,Sales,5,12.3,0.0887,0.728,20.5,53.0,3,1
1.53,Marketing,2,14.0,0.055,0.6441,3.8,4.6,5,0
15.16,Engineering,1,13.6,0.0336,0.7769,0.2,41.4,5,0
1.31,Operations,1,5.2,0.079,0.9518,0.3,40.6,4,0
2.45,HR,2,11.9,0.0743,0.4006,3.9,17.4,3,1
0.26,Marketing,5,4.2,0.0677,0.6846,2.4,99.8,3,0
2.88,Sales,2,11.9,0.0161,0.8453,60.0,71.2,1,1
1.64,Marketing,1,7.1,0.0329,0.3473,3.1,95.6,1,1
12.68,Finance,2,8.3,0.0813,0.4687,5.8,74.2,1,1
2.38,Operations,2,25.8,0.0429,0.5078,31.8,49.4,4,0
0.26,Engineering,1,13.2,0.03,0.6645,11.6,61.3,2,1
0.34,Marketing,4,5.5,0.0764,0.397,0.9,16.8,1,0
0.29,Sales,1,2.0,0.0194,0.5948,7.0,15.3,5,1
1.32,HR,4,9.9,0.0267,0.7531,1.5,48.6,4,0
1.17,Engineering,3,2.3,0.0426,0.5925,3.3,20.3,4,0
11.53,Operations,1,28.0,0.0764,0.5692,20.6,77.0,4,0
0.65,Finance,3,8.5,0.0274,0.7744,6.5,29.7,5,0
3.59,Operations,3,16.8,0.0245,0.6641,33.6,8.7,4,1
1.69,Finance,2,2.8,0.0093,0.6622,22.9,58.5,1,1
3.74,Engineering,2,13.0,0.0522,0.3845,8.7,55.5,4,0
1.18,HR,1,19.3,0.0161,0.6838,10.2,26.1,3,1
0.21,HR,1,13.8,0.0436,0.4748,5.4,12.9,5,0
0.76,Engineering,3,16.0,0.0079,0.6775,27.4,62.9,3,1
1.43,Operations,1,12.1,0.0181,0.6059,37.6,74.0,4,1
7.4,Operations,1,6.6,0.0212,0.6236,33.4,18.9,5,1
4.11,Finance,2,4.3,0.0673,0.175,28.2,74.6,1,0
0.8,Finance,1,5.0,0.0543,0.5283,13.4,65.6,5,0
2.01,Marketing,3,28.5,0.0166,0.716,1.0,77.5,4,1
1.25,Marketing,3,10.6,0.0854,0.7726,12.3,6.4,5,1
0.08,Engineering,3,20.5,0.0831,0.7455,6.2,96.6,4,0
0.53,Finance,1,5.8,0.0321,0.1615,1.5,66.0,3,0
4.27,Marketing,2,15.3,0.0477,0.577,23.8,25.9,3,1
3.05,Marketing,3,4.1,0.0124,0.7406,9.4,87.7,2,0
1.63,Finance,2,7.5,0.0238,0.654,9.7,58.1,4,0
3.64,Operations,3,6.3,0.0046,0.2213,45.9,16.1,1,1
5.92,Finance,2,26.4,0.0343,0.4705,16.1,85.3,2,1
5.69,HR,1,4.7,0.0931,0.6353,14.2,72.2,4,0
0.47,HR,1,14.1,0.092,0.4415,2.8,28.0,2,1
8.44,Marketing,3,12.4,0.0117,0.7717,10.6,54.4,4,0
0.6,Operations,1,3.1,0.0215,0.202,10.7,39.9,3,0
4.48,Sales,4,20.7,0.0466,0.9805,17.4,0.7,3,1
0.37,Sales,2,22.3,0.0474,0.5853,10.7,47.8,4,1
0.78,Finance,1,10.7,0.0728,0.8763,40.1,23.6,2,1
4.59,Marketing,3,9.4,0.0372,0.8657,3.8,15.4,2,0
1.1,HR,2,1.7,0.107,0.4884,36.5,9.3,2,1
1.06,Finance,1,2.6,0.0387,0.6976,9.6,22.3,2,0
8.96,Engineering,5,7.4,0.0797,0.4595,13.3,76.0,1,1
0.58,Sales,3,4.2,0.0935,0.6248,5.4,35.9,4,1
3.13,Operations,2,16.8,0.1397,0.7763,13.1,13.9,4,1
6.07,Finance,3,2.5,0.0245,0.8086,46.0,17.0,1,1
3.06,Operations,2,2.3,0.0552,0.7191,52.8,65.2,3,0
1.74,Sales,2,13.2,0.021,0.7681,1.7,40.3,5,0
0.08,Sales,1,11.8,0.0365,0.6241,28.0,62.2,3,1
3.88,Operations,1,10.1,0.0112,0.5702,5.7,5.2,5,0
3.83,Operations,2,15.3,0.0213,0.8765,8.6,72.8,2,0
2.89,Operations,2,5.4,0.1157,0.6883,8.6,96.3,4,0
2.78,Sales,3,6.6,0.0479,0.4911,2.3,78.7,4,1
4.06,Marketing,2,11.5,0.0384,0.3314,0.4,72.2,4,0
0.53,HR,2,10.6,0.0313,0.4,0.5,19.9,4,0
1.56,Operations,3,4.5,0.0726,0.9071,0.7,40.6,4,0
7.36,Operations,5,18.7,0.0571,0.5588,1.5,15.6,5,0
0.24,HR,1,3.1,0.0131,0.549,10.0,76.2,3,0
10.31,Sales,4,7.0,0.0182,0.4266,24.6,74.2,4,0
4.93,Operations,3,3.4,0.0265,0.4447,9.8,12.3,2,0
1.45,HR,1,36.6,0.0295,0.5493,0.4,74.5,3,1
2.25,HR,1,9.6,0.0461,0.7165,0.5,57.1,4,0
4.16,Finance,1,4.0,0.012,0.4264,3.9,98.1,4,0
0.28,Operations,3,6.4,0.0334,0.7243,5.8,99.0,5,0
2.53,Engineering,2,11.4,0.0399,0.7523,2.8,8.1,4,1
3.29,Operations,2,16.8,0.0195,0.4632,2.5,83.7,4,0
5.61,HR,3,4.3,0.0404,0.6955,3.0,16.1,3,0
6.16,Engineering,1,23.1,0.0298,0.3325,22.7,55.0,2,1
9.84,Sales,2,9.3,0.0359,0.7302,5.5,50.5,4,0
2.57,HR,4,13.3,0.0268,0.8883,10.4,27.4,3,0
6.61,Marketing,5,6.0,0.0458,0.4729,38.2,72.2,5,0
1.01,Finance,3,12.0,0.0267,0.5223,2.6,53.6,5,0
2.69,Engineering,1,5.6,0.0759,0.4322,4.9,62.2,1,0
3.5,HR,1,6.7,0.0156,0.7084,21.8,69.1,1,1
1.98,Sales,1,17.2,0.06,0.366,10.3,40.4,3,1
3.05,Sales,2,12.8,0.0515,0.7288,6.9,4.1,2,0
8.07,Marketing,1,7.2,0.0757,0.2692,12.8,25.8,2,1
3.65,Marketing,4,16.6,0.0652,0.8719,15.7,17.6,3,1
2.33,Engineering,3,11.1,0.0126,0.4429,24.5,75.3,4,0
7.61,Finance,2,1.4,0.0168,0.4535,0.5,25.0,2,0
8.27,HR,1,8.3,0.0236,0.4858,7.4,36.5,5,0
2.87,HR,2,16.9,0.0229,0.8185,0.4,44.6,4,0
2.26,Marketing,2,27.9,0.046,0.6805,9.7,83.5,4,1
5.78,Sales,3,3.6,0.0201,0.5879,9.6,84.4,2,0
9.32,Marketing,1,16.2,0.0316,0.5803,3.1,22.0,2,1
1.91,HR,3,9.3,0.044,0.5941,20.3,40.8,3,1
2.07,Engineering,1,3.1,0.0327,0.7814,60.0,24.4,5,1
6.09,Marketing,1,3.3,0.009,0.8202,8.1,97.6,5,0
2.39,Operations,5,3.7,0.02,0.3411,14.3,53.3,3,0
2.48,Finance,1,2.2,0.0551,0.7375,26.6,0.1,3,1
3.7,Marketing,1,2.8,0.0129,0.4089,1.4,9.1,3,0
0.49,Engineering,2,9.6,0.0637,0.8394,0.3,85.6,3,0
3.01,HR,2,1.3,0.0054,0.5693,9.3,39.8,5,0
0.33,HR,1,4.4,0.0168,0.4511,9.6,90.5,4,0
0.29,Marketing,1,6.7,0.0444,0.731,2.2,66.3,3,0
5.1,HR,1,4.4,0.0384,0.5939,1.0,53.3,1,0
2.86,Marketing,2,2.5,0.1517,0.8523,7.8,81.5,1,1
0.07,Sales,1,9.0,0.0491,0.3808,22.7,73.0,4,0
2.78,Finance,3,4.3,0.0683,0.6207,2.4,58.2,4,0
3.29,Sales,4,4.6,0.0245,0.817,9.1,8.5,4,0
0.73,Finance,1,8.0,0.0839,0.9696,46.1,80.2,5,0
0.73,Engineering,1,14.1,0.0151,0.9318,36.8,83.1,4,0
0.3,Marketing,1,5.3,0.121,0.6052,7.6,89.4,5,0
1.94,Engineering,1,5.5,0.0535,0.44,45.0,10.2,4,1
3.49,Operations,1,2.9,0.047,0.693,11.4,97.2,5,0
11.82,Operations,3,16.8,0.0967,0.787,9.3,43.8,3,0
0.91,Finance,1,9.2,0.0072,0.7144,3.5,21.8,2,1
3.48,Operations,2,16.1,0.0506,0.7393,1.2,71.1,5,0
1.81,Marketing,3,17.9,0.0273,0.2587,19.8,77.5,3,1
3.25,Engineering,3,5.2,0.0686,0.8417,34.6,0.1,2,1
4.73,Marketing,1,15.2,0.0655,0.3783,12.4,32.5,4,1
1.68,HR,1,9.9,0.0591,0.4708,4.1,46.8,4,1
0.31,Operations,5,5.6,0.0103,0.323,35.6,84.9,1,1
5.28,Operations,1,4.9,0.0586,0.405,10.8,2.0,4,0
2.57,Operations,3,9.0,0.0636,0.3534,0.0,75.2,2,0
8.07,HR,3,10.6,0.0122,0.9201,18.4,93.1,2,0
0.72,Sales,2,1.0,0.1268,0.9368,0.6,94.2,5,0
0.49,Engineering,1,6.3,0.0382,0.9191,5.8,22.5,3,0
0.64,Engineering,1,10.3,0.0099,0.6401,4.0,61.7,3,0
14.25,Operations,2,12.2,0.105,0.7629,12.8,47.7,2,1
6.41,Finance,2,8.0,0.0081,0.7595,7.8,61.6,5,0
1.07,HR,3,11.9,0.0251,0.3855,4.6,54.6,1,1
1.28,HR,3,4.9,0.0257,0.0834,3.1,90.5,1,1
3.45,Sales,4,11.7,0.0505,0.758,12.3,73.3,3,0
1.97,Finance,5,10.6,0.0203,0.3279,8.0,54.6,2,0
1.16,HR,3,17.7,0.0733,0.8389,39.0,99.7,2,1
1.37,Marketing,1,23.9,0.0716,0.6794,12.8,93.9,3,1
7.25,Engineering,2,18.0,0.042,0.5564,4.1,15.0,3,0
3.9,Operations,2,7.2,0.0479,0.2079,14.6,63.6,5,1
7.3,Engineering,2,3.1,0.0343,0.6231,0.9,93.6,3,0
9.28,HR,1,4.4,0.0118,0.3743,13.6,84.5,4,0
3.74,HR,2,23.5,0.0305,0.7162,26.7,89.4,5,1
3.46,Marketing,1,9.3,0.0231,0.3573,52.2,61.7,5,0
0.56,Finance,1,10.9,0.0442,0.0619,9.0,7.8,5,1
2.53,Sales,3,16.1,0.0267,0.3635,0.9,1.7,4,1
1.26,HR,2,8.9,0.047,0.402,1.5,30.2,2,0
8.68,Finance,2,19.9,0.1001,0.5636,5.7,61.6,2,1
1.14,HR,2,2.8,0.0627,0.6821,0.2,92.5,3,0
1.42,Engineering,2,12.6,0.0268,0.575,12.6,39.4,4,0
8.92,Sales,1,28.4,0.0087,0.5099,23.4,62.7,3,1
13.64,Finance,2,21.0,0.0554,0.7942,12.1,53.4,4,0
3.49,Sales,1,21.8,0.0663,0.1955,28.2,23.6,5,1
2.9,Finance,3,2.5,0.0167,0.3566,42.0,31.4,1,1
1.18,Engineering,1,10.4,0.0129,0.7546,18.2,37.3,5,0
5.13,Marketing,5,8.1,0.0343,0.5834,12.4,76.5,4,0
2.42,Sales,3,4.3,0.1145,0.4779,17.7,66.9,4,0
2.66,Finance,2,10.5,0.1278,0.9812,5.4,47.4,3,1
2.34,Operations,1,3.1,0.0602,0.7155,0.3,99.1,2,0
2.25,HR,2,11.9,0.1039,0.7213,6.0,29.8,4,0
1.16,Engineering,3,4.1,0.1011,0.5973,18.5,73.3,5,0
14.7,Engineering,3,11.5,0.0244,0.407,7.0,11.1,4,1
4.66,HR,3,4.5,0.1096,0.4938,7.7,45.2,4,0
14.24,Engineering,4,6.9,0.0485,0.0998,1.6,77.8,3,0
15.79,Operations,2,6.4,0.0267,0.6793,24.9,47.8,4,0
1.63,Operations,3,8.0,0.0352,0.6644,13.0,58.6,4,0
2.32,Operations,2,8.6,0.0409,0.9387,9.7,47.8,1,1
5.35,Operations,2,6.4,0.128,0.8166,18.2,22.6,4,0
1.43,Finance,2,3.7,0.0743,0.7368,31.9,87.1,1,1
8.96,Sales,3,18.5,0.018,0.7414,0.5,66.4,4,1
2.25,HR,1,8.9,0.0247,0.7362,20.1,74.3,5,1
1.56,Sales,1,10.7,0.0392,0.4795,8.7,94.9,5,1
1.88,Operations,1,6.4,0.0699,0.8302,3.1,69.2,3,0
0.27,HR,4,37.3,0.1062,0.88,23.1,6.5,4,1
1.27,HR,2,9.5,0.0437,0.7254,8.4,62.9,4,0
14.19,Marketing,2,19.2,0.0125,0.4197,20.5,50.5,4,0
1.87,HR,2,7.0,0.0535,0.8441,12.7,22.2,1,0
1.66,HR,2,12.9,0.0995,0.6156,9.9,59.3,4,0
3.15,Sales,4,7.7,0.0226,0.7057,7.9,67.3,4,0
3.0,Engineering,5,17.1,0.1024,0.6597,10.4,55.9,5,0
0.43,Engineering,3,5.9,0.0133,0.6341,26.3,15.3,5,0
3.75,HR,3,3.3,0.0446,0.5066,5.6,63.5,4,0
0.42,Operations,1,10.7,0.0012,0.361,21.4,2.5,2,1
0.8,Sales,1,17.9,0.0389,0.2746,11.0,15.9,4,1
0.21,Finance,2,7.9,0.0923,0.3469,23.0,79.8,5,0
5.37,Sales,3,5.7,0.0276,0.7216,43.6,49.0,2,1
4.41,Sales,1,2.8,0.0536,0.3757,9.3,59.1,5,0
1.52,Engineering,3,18.1,0.0423,0.3061,1.7,33.9,1,0
3.79,Finance,1,4.2,0.0364,0.4199,12.8,56.6,5,0
7.8,Finance,1,6.3,0.0307,0.7086,15.6,3.8,5,1
0.66,HR,1,6.2,0.0401,0.76,6.3,2.4,5,0
1.66,Finance,3,8.4,0.0321,0.9562,0.4,90.4,3,0
0.39,HR,3,12.9,0.0023,0.6194,16.8,28.6,5,0
0.06,Sales,2,30.4,0.0483,0.5025,0.3,80.4,3,1
0.6,Marketing,3,11.0,0.0879,0.2926,11.3,51.6,2,1
3.51,Finance,3,2.8,0.0874,0.8907,0.8,7.5,3,0
2.78,Engineering,2,8.1,0.0373,0.4545,10.1,6.3,5,0
1.84,HR,3,11.2,0.0296,0.2184,35.8,6.2,1,1
3.1,HR,1,20.1,0.0482,0.2866,3.0,50.2,3,1
6.59,Marketing,2,18.5,0.0714,0.9635,21.5,33.4,4,0
2.93,Sales,1,7.8,0.0518,0.7776,14.3,97.8,5,0
4.86,Operations,2,9.3,0.0286,0.7873,42.9,10.8,2,0
2.23,Finance,2,10.3,0.0444,0.4868,1.9,39.7,2,0
0.16,Engineering,1,9.3,0.041,0.4125,23.9,1.4,2,1
1.86,HR,2,8.1,0.0326,0.8619,32.6,61.4,4,0
6.85,Operations,3,24.3,0.024,0.2863,5.2,9.4,4,1
3.2,Sales,2,4.9,0.0287,0.363,4.9,68.1,3,0
15.94,Marketing,1,16.4,0.0394,0.7106,9.9,71.9,4,0
3.48,Marketing,1,14.4,0.0293,0.5939,12.0,98.6,3,0
5.73,Marketing,2,7.8,0.0573,0.5945,40.1,22.1,1,1
6.32,Engineering,3,4.7,0.1005,0.6607,8.8,65.6,1,1
2.69,HR,4,8.9,0.0793,0.2698,0.5,30.6,4,1
2.26,HR,1,13.3,0.0586,0.3045,13.6,30.4,5,0
3.5,HR,3,0.3,0.0034,0.4804,9.8,85.7,3,0
6.15,Operations,2,3.1,0.0482,0.2848,9.6,89.0,4,0
4.87,Engineering,5,0.7,0.026,0.5293,5.7,26.9,5,0
4.6,Finance,1,10.8,0.0113,0.4182,0.8,59.8,4,0
0.61,Operations,2,10.4,0.0582,0.49,35.9,74.0,1,1
1.82,Operations,2,3.5,0.0545,0.2102,2.8,33.9,3,0
4.25,Finance,1,4.4,0.0213,0.6538,1.1,15.4,1,1
2.29,Operations,1,10.0,0.0258,0.4317,60.0,81.6,5,1
8.85,HR,1,2.0,0.0334,0.4876,35.2,52.3,5,0
0.21,Finance,2,13.8,0.0021,0.6893,14.2,27.8,2,1
1.3,Finance,3,7.1,0.0346,0.428,11.7,2.8,4,1
0.18,Engineering,3,8.4,0.0864,0.3946,27.8,85.8,1,1
1.23,Engineering,1,9.0,0.0201,0.4991,14.3,44.5,2,1
0.05,Operations,4,2.8,0.0588,0.56,25.2,55.5,1,1
14.35,Sales,2,9.0,0.1247,0.5097,23.7,13.4,1,1
3.5,HR,5,12.7,0.0412,0.9416,3.0,8.3,4,0
3.06,Finance,1,4.8,0.0786,0.713,7.0,35.6,3,1
3.16,Finance,3,4.3,0.0536,0.4152,60.0,22.9,4,0
1.37,Finance,4,29.1,0.0126,0.8899,6.1,3.4,5,0
0.69,Operations,3,3.9,0.0134,0.6886,17.7,17.6,5,0
3.81,Marketing,3,6.1,0.0226,0.8227,30.8,65.4,1,0
0.52,Operations,2,21.5,0.0601,0.9579,3.8,25.1,3,1
0.19,Finance,3,1.8,0.0429,0.5307,42.1,96.6,5,0
1.53,Operations,2,7.7,0.0744,0.347,40.1,90.1,5,1
3.25,Finance,2,12.5,0.064,0.5101,40.8,34.6,4,1
0.34,Finance,5,8.0,0.0402,0.6055,60.0,79.1,3,1
6.45,Marketing,1,1.5,0.049,0.3862,31.7,18.0,3,1
2.9,Operations,2,3.1,0.0133,0.8464,30.1,46.5,3,0
9.38,Engineering,4,1.3,0.1117,0.7358,34.8,42.9,3,1
0.16,Operations,1,7.3,0.0165,0.5585,0.5,87.3,3,0
0.05,Marketing,1,11.2,0.0762,0.6104,7.1,40.5,4,1
1.06,Operations,1,4.7,0.0319,0.6961,33.4,16.3,4,0
0.12,Marketing,3,6.4,0.0147,0.585,57.2,69.9,4,1
5.65,Operations,4,6.4,0.0572,0.7076,13.9,64.0,5,0
4.61,Sales,1,19.2,0.0155,0.8818,22.2,32.2,4,1
1.87,Sales,2,9.9,0.0673,0.5416,7.5,74.2,3,0
0.7,Sales,2,9.0,0.007,0.5388,8.5,64.0,5,0
2.82,Sales,3,17.1,0.0537,0.8827,45.3,15.5,2,1
2.86,Sales,3,2.3,0.0565,0.6972,4.6,20.2,3,0
5.61,HR,5,9.8,0.0147,0.2182,18.1,66.2,1,0
0.73,Sales,1,5.4,0.0051,0.2336,60.0,60.0,5,1
4.81,Engineering,1,21.0,0.0315,0.4314,14.1,3.5,3,1
4.09,Finance,2,17.2,0.0402,0.7547,13.9,25.6,2,1
1.99,Marketing,2,5.4,0.05,0.6872,5.8,9.3,4,1
0.18,Engineering,2,6.7,0.0124,0.3318,1.6,97.4,5,0
0.44,Finance,1,3.7,0.0056,0.3183,13.7,48.3,5,0
0.39,Finance,1,15.4,0.1502,0.5047,5.9,50.7,3,1
2.76,Marketing,4,13.1,0.073,0.4038,0.7,14.6,5,1
6.74,Engineering,1,7.0,0.0991,0.4524,14.9,46.9,3,1
3.8,Marketing,2,7.0,0.0612,0.8316,17.4,96.4,2,0
0.95,Engineering,3,5.8,0.015,0.1638,29.0,86.5,2,0
3.33,Sales,1,20.1,0.0616,0.5483,25.2,48.2,1,1
4.01,Sales,1,7.5,0.0918,0.5377,32.7,88.1,4,0
14.15,Operations,2,6.0,0.1201,0.3053,16.3,42.2,4,0
0.18,Sales,2,14.3,0.0124,0.6358,43.1,61.2,4,1
2.9,Marketing,1,0.6,0.0438,0.5047,41.2,38.2,4,0
7.77,Operations,2,6.7,0.0262,0.6151,0.6,68.1,4,0
0.2,Operations,1,15.7,0.0049,0.6085,7.4,70.2,5,0
1.03,Sales,1,23.2,0.0592,0.3779,3.2,10.4,3,1
3.37,Engineering,1,4.9,0.027,0.7093,5.6,89.9,3,0
1.77,Sales,1,12.0,0.1327,0.2549,0.8,25.1,5,0
2.48,Marketing,2,4.9,0.0404,0.9607,25.1,76.2,3,0
2.4,Sales,4,30.8,0.0754,0.1113,13.6,94.2,1,1
3.98,Finance,1,9.4,0.0554,0.3505,16.4,29.3,3,1
1.51,HR,2,13.0,0.011,0.2157,24.5,97.5,4,0
4.28,Marketing,2,0.8,0.0406,0.8432,9.1,77.4,1,0
5.29,Finance,3,5.7,0.1099,0.643,1.3,73.3,2,0
3.17,Finance,2,14.4,0.0669,0.3577,51.4,10.6,3,1
1.27,Marketing,1,2.3,0.015,0.4188,11.3,46.3,3,1
7.55,Operations,2,9.4,0.0989,0.5826,13.9,47.3,5,0
0.12,HR,1,23.9,0.059,0.9245,0.1,89.5,4,0
2.39,Finance,3,14.9,0.0443,0.7192,1.0,49.0,5,0
4.86,Finance,1,12.3,0.0281,0.7862,24.1,38.6,3,1
1.66,Marketing,3,6.0,0.0497,0.22,31.8,42.4,4,0
1.4,HR,2,3.0,0.0181,0.5744,9.8,96.4,4,0
0.45,HR,3,8.0,0.0678,0.7958,60.0,61.4,2,1
2.04,Operations,1,13.4,0.0738,0.8283,2.3,49.8,1,0
9.37,Operations,3,3.7,0.0075,0.6807,60.0,76.4,3,0
0.11,Finance,3,14.8,0.0402,0.7223,2.0,28.1,1,0
0.21,Engineering,2,9.8,0.0581,0.418,6.5,85.5,4,0
8.04,Sales,1,4.3,0.0441,0.6236,23.5,62.3,5,0
17.81,HR,1,1.7,0.0412,0.9026,0.0,26.4,3,0
3.34,Marketing,1,2.3,0.0514,0.7014,19.4,9.8,2,1
17.39,Marketing,3,7.8,0.0204,0.8246,5.5,50.2,2,0
2.75,Marketing,2,18.3,0.0334,0.5655,6.2,76.3,4,0
2.85,Engineering,3,4.4,0.1035,0.2801,6.7,32.7,3,0
4.53,HR,3,20.0,0.0543,0.783,25.8,96.3,5,0
13.16,Marketing,3,1.5,0.0432,0.4952,54.4,53.6,5,0
1.19,Operations,3,8.8,0.0711,0.7208,2.2,85.1,5,0
2.68,Engineering,2,8.1,0.0121,0.7674,14.9,12.4,4,0
9.47,Operations,2,11.3,0.0277,0.176,7.9,54.5,5,0
8.87,Engineering,1,9.6,0.051,0.5902,0.5,97.8,5,0
7.87,Sales,3,5.9,0.0123,0.4948,14.7,43.5,3,1
4.21,Operations,5,6.0,0.0976,0.8492,19.9,77.8,4,0
4.22,Marketing,2,16.0,0.0081,0.6898,15.1,70.5,4,0
2.77,Operations,4,9.1,0.0321,0.8209,17.0,34.1,4,1
0.26,Finance,5,0.8,0.0286,0.3557,37.6,83.0,3,0
1.54,Finance,2,6.4,0.0253,0.7089,14.5,44.3,2,0
4.86,Finance,3,6.9,0.0315,0.6527,12.2,38.5,4,0
1.64,Finance,2,6.9,0.0862,0.795,16.6,66.3,2,1
1.18,Finance,1,14.4,0.0792,0.3884,2.8,21.4,3,1
0.08,Sales,1,5.2,0.0052,0.2196,8.3,90.7,5,0
5.78,Operations,2,10.2,0.0891,0.7414,13.6,6.7,5,1
2.72,HR,3,24.2,0.0428,0.6275,38.3,89.7,5,0
1.7,Finance,1,18.4,0.046,0.7353,43.6,54.1,5,0
3.86,Marketing,3,4.9,0.0674,0.9499,16.0,66.9,2,0
0.62,Finance,3,9.3,0.0264,0.7448,10.8,95.7,4,0
7.34,Finance,3,0.3,0.0853,0.5206,17.8,96.1,2,0
2.93,Engineering,1,12.9,0.0824,0.5078,37.2,85.3,3,0
7.04,Sales,2,2.8,0.0745,0.6933,12.5,76.4,4,0
0.09,HR,1,8.4,0.0905,0.6327,43.3,56.9,5,1
0.66,HR,1,7.5,0.0078,0.7751,5.0,22.6,5,1
0.39,Operations,1,17.7,0.0493,0.2719,0.1,44.0,4,0
0.92,Operations,1,10.3,0.0432,0.4194,13.0,57.9,3,0
4.32,Marketing,1,7.5,0.0598,0.8177,58.1,24.3,3,1
0.43,HR,2,13.5,0.0911,0.738,60.0,60.3,4,1
10.81,Engineering,2,19.7,0.0417,0.8332,1.7,56.3,2,0
3.39,Marketing,1,0.5,0.0948,0.4572,3.4,71.8,3,0
5.4,Operations,4,5.1,0.0094,0.6742,15.9,63.1,2,0
10.98,HR,2,24.7,0.0436,0.537,5.0,86.5,1,1
1.52,Marketing,4,32.8,0.0112,0.59,1.7,42.0,5,0
4.27,Operations,2,4.3,0.0238,0.869,36.5,57.7,3,1
0.28,Finance,1,15.8,0.0835,0.3433,25.7,60.5,3,1
0.19,Sales,4,4.3,0.0372,0.83,55.8,34.8,4,1
2.34,Engineering,4,3.3,0.0189,0.8615,8.0,66.2,4,0
3.68,Marketing,2,7.7,0.0698,0.437,45.8,33.0,5,1
4.34,Finance,2,17.1,0.0625,0.4246,10.2,77.8,5,0
6.95,Engineering,2,7.0,0.0384,0.3403,37.7,90.8,3,0
5.87,Engineering,2,17.0,0.0706,0.4178,39.8,25.3,3,1
3.07,Operations,3,18.1,0.0817,0.5237,12.1,58.5,2,1
2.25,Sales,2,5.8,0.0048,0.3669,7.9,86.1,5,0
1.71,Sales,1,5.6,0.0164,0.7653,3.4,58.4,1,0
0.02,Finance,1,7.1,0.0735,0.8276,21.2,42.1,5,0
4.02,HR,1,8.6,0.0225,0.3698,11.8,69.4,5,0
6.76,Operations,1,7.9,0.0283,0.3465,2.6,40.2,5,0
5.18,Marketing,2,9.3,0.0613,0.8908,39.3,47.8,4,0
1.48,HR,4,6.1,0.0353,0.5507,1.8,99.3,4,0
2.22,Sales,1,3.0,0.0203,0.5125,4.2,38.0,4,0
1.65,Operations,1,28.6,0.0638,0.5196,10.2,90.7,2,1
2.08,Finance,1,5.1,0.0124,0.5638,7.4,74.2,2,0
2.78,Operations,2,1.7,0.0206,0.8778,33.9,42.0,4,0
0.34,HR,2,14.3,0.0009,0.1488,8.3,90.2,4,1
0.98,Engineering,2,3.6,0.0367,0.8518,3.3,15.1,5,0
0.41,Operations,5,13.3,0.0699,0.8858,3.4,95.4,3,1
0.03,Sales,5,4.9,0.038,0.5197,9.3,70.7,3,0
1.29,Operations,3,32.2,0.0718,0.7849,50.8,54.7,4,1
1.92,Marketing,3,21.9,0.0489,0.7591,50.4,44.8,1,1
1.76,Sales,2,7.4,0.0613,0.5946,3.7,93.0,4,0
0.13,Marketing,2,12.4,0.0766,0.9779,23.9,81.0,2,1
6.0,Engineering,2,10.6,0.0329,0.6483,60.0,55.0,4,0
0.58,HR,3,4.8,0.0075,0.4336,17.6,81.5,1,0
3.21,HR,1,13.9,0.0575,0.3063,4.7,55.9,3,1
3.39,Finance,1,9.2,0.0143,0.9052,23.7,72.8,4,1
0.43,Finance,1,10.2,0.0794,0.7484,20.9,63.7,4,0
0.12,Finance,2,13.1,0.0188,0.8492,20.1,19.5,5,0
0.09,HR,3,8.0,0.027,0.5809,1.1,21.7,4,1
1.15,Marketing,1,4.2,0.106,0.6261,9.2,72.2,4,0
3.03,Engineering,2,12.4,0.0486,0.5849,1.2,28.0,4,0
0.5,Marketing,2,14.8,0.0262,0.8076,52.0,89.3,4,0
0.25,Engineering,3,14.8,0.0278,0.6254,42.3,53.2,5,1
3.13,Engineering,1,15.0,0.0351,0.4741,15.9,13.9,2,1
0.55,Marketing,1,11.3,0.0699,0.3181,28.7,76.6,4,0
5.81,Engineering,2,1.8,0.0287,0.746,7.1,74.9,1,0
2.36,Marketing,2,33.2,0.0222,0.906,16.2,65.1,1,1
3.09,Engineering,3,14.7,0.0314,0.7933,0.8,90.9,4,0
7.3,Engineering,2,6.4,0.0806,0.8827,28.8,74.6,4,0
0.62,Operations,4,16.2,0.05,0.6548,15.8,77.2,4,0
2.86,Sales,1,3.2,0.072,0.7187,43.9,50.4,3,1
1.48,Operations,2,13.3,0.1366,0.4533,20.1,76.4,2,1
0.49,HR,5,7.0,0.0922,0.7658,21.5,42.7,4,0
3.15,Marketing,1,3.4,0.0527,0.9517,50.4,44.9,4,1
0.12,Operations,3,3.3,0.0378,0.7384,60.0,60.1,3,1
6.55,Engineering,1,11.9,0.1063,0.498,43.8,75.7,3,1
4.01,Sales,2,12.9,0.0244,0.4935,3.4,9.1,4,1
13.81,Finance,1,4.0,0.0719,0.5692,11.9,48.4,2,0
2.16,Operations,2,7.0,0.0229,0.7071,0.9,1.3,4,1
8.82,Sales,3,11.0,0.1082,0.8,47.9,50.2,4,1
0.71,Sales,1,5.7,0.0475,0.6859,10.4,43.3,1,1
2.64,HR,1,29.6,0.1022,0.8056,20.3,6.2,4,1
2.63,Sales,1,12.0,0.0288,0.4667,0.6,35.5,3,0
4.06,Sales,1,8.0,0.0288,0.6645,6.6,28.2,5,0
10.18,Engineering,2,18.0,0.0934,0.7012,9.6,89.3,3,1
5.54,Marketing,5,12.7,0.0231,0.1432,18.3,43.8,2,1
0.27,Marketing,1,11.1,0.0464,0.5203,14.3,8.8,4,1
2.93,Engineering,2,12.2,0.1222,0.7313,23.1,40.0,3,1
1.35,Finance,2,15.0,0.0646,0.8568,5.0,64.2,5,0
0.48,Finance,1,5.2,0.078,0.7475,0.3,91.6,1,0
2.29,Finance,1,1.3,0.0376,0.4781,0.6,87.3,2,0
1.79,Operations,3,19.0,0.0558,0.4029,48.1,43.9,5,1
0.12,Finance,2,9.2,0.0634,0.5616,60.0,63.3,5,1
2.77,Marketing,3,6.1,0.0227,0.5988,13.3,96.7,1,0
0.35,Engineering,2,4.2,0.0628,0.4642,3.7,14.9,3,0
4.88,Engineering,2,3.8,0.0733,0.5263,5.7,88.3,5,0
1.05,Finance,4,10.0,0.0111,0.6413,2.2,84.7,3,0
3.14,Operations,4,8.6,0.0917,0.7122,6.9,91.5,5,0
0.66,HR,4,18.1,0.0248,0.4223,0.8,96.7,4,0
8.05,Finance,1,13.1,0.1489,0.3061,13.8,16.5,5,1
0.19,Sales,5,14.8,0.1312,0.4601,22.2,56.1,4,1
7.68,HR,3,17.5,0.0107,0.6616,19.4,16.6,5,0
0.69,Marketing,3,10.4,0.0079,0.2007,6.9,27.1,3,1
0.55,Finance,3,23.8,0.0128,0.5333,18.0,79.4,5,0
3.22,Engineering,5,5.0,0.0573,0.5956,8.0,87.9,3,0
2.77,Operations,2,17.2,0.0121,0.3083,3.2,45.7,1,1
11.07,Operations,3,1.3,0.0291,0.956,60.0,74.8,4,1
2.36,HR,3,1.4,0.0434,0.7057,41.6,20.5,2,1
0.82,HR,3,3.1,0.0264,0.6041,3.3,45.3,1,1
3.1,Finance,3,8.1,0.0238,0.6937,0.1,0.4,4,0
2.8,Marketing,1,1.2,0.0629,0.2499,6.7,77.9,4,0
2.8,HR,1,7.9,0.0363,0.2971,9.7,26.6,4,0
11.92,Engineering,2,6.4,0.0543,0.5987,30.9,3.4,2,1
1.04,Engineering,3,31.3,0.0357,0.7633,9.1,35.2,2,0
1.93,Marketing,3,2.4,0.0718,0.789,1.0,35.8,3,0
6.08,Marketing,3,9.7,0.0084,0.6801,7.1,72.0,4,0
3.71,Marketing,3,12.9,0.1283,0.8437,4.8,36.6,1,1
0.8,Engineering,2,22.8,0.0397,0.2719,9.2,30.1,5,1
4.9,Sales,1,14.5,0.0402,0.3246,4.1,0.8,5,1
0.64,HR,2,19.1,0.055,0.1494,25.8,78.2,5,1
3.8,Sales,4,10.7,0.0074,0.7054,5.2,7.3,3,1
6.79,HR,2,4.6,0.0848,0.5973,5.4,34.3,4,1
5.02,Finance,4,2.1,0.0523,0.731,9.5,24.6,4,0
0.05,Sales,5,15.5,0.0837,0.6982,2.9,95.5,4,0
2.49,Engineering,2,6.1,0.1189,0.3645,3.1,60.6,5,0
0.58,HR,3,0.9,0.0036,0.809,0.1,2.9,5,0
1.36,Marketing,2,6.6,0.0335,0.5844,35.1,67.6,3,1
4.83,Finance,2,8.5,0.0543,0.612,6.3,88.3,2,0
0.67,Sales,1,21.1,0.0114,0.4813,43.4,66.8,4,1
9.26,Sales,1,7.1,0.0008,0.4901,8.5,52.4,1,1
0.09,Finance,1,8.6,0.0618,0.8429,13.2,32.7,4,1
0.66,Sales,2,8.7,0.1154,0.4866,8.0,61.9,4,1
0.18,Operations,1,17.0,0.0205,0.5539,44.1,4.1,4,1
2.39,Operations,2,4.7,0.0563,0.1212,27.3,22.5,3,1
1.0,Engineering,2,11.7,0.067,0.6937,1.9,92.0,4,0
2.46,Operations,2,5.7,0.0572,0.5267,46.9,71.1,3,0
7.3,Engineering,4,20.8,0.0308,0.2012,24.4,9.5,3,1
3.42,HR,2,24.0,0.087,0.7196,45.6,67.1,4,1
0.17,Marketing,1,9.7,0.0345,0.7632,40.2,90.0,3,0
0.02,Sales,5,11.1,0.0167,0.2633,26.1,67.1,5,0
3.8,Sales,3,7.2,0.0275,0.904,5.7,59.1,3,0
0.36,Engineering,3,1.4,0.0736,0.6405,0.4,49.5,5,0
2.58,Marketing,3,8.7,0.0956,0.6752,23.8,59.1,5,0
8.43,Engineering,1,8.1,0.0394,0.7031,41.5,87.1,3,1
2.85,HR,3,6.5,0.0253,0.5242,60.0,31.6,1,0
4.57,HR,1,7.1,0.0079,0.6794,29.9,77.2,3,0
1.69,Operations,2,11.8,0.0178,0.7662,34.4,64.1,4,0
1.74,Operations,1,11.1,0.0803,0.7807,24.4,13.1,1,1
0.12,Marketing,3,7.3,0.0706,0.7207,22.2,23.9,5,0
0.56,Marketing,1,22.0,0.0095,0.5431,15.0,88.4,4,0
0.16,Finance,1,1.1,0.0633,0.6661,15.3,32.4,4,0
1.33,HR,1,4.9,0.0147,0.4865,60.0,40.9,4,0
3.88,Engineering,3,15.5,0.045,0.4843,34.1,33.3,4,0
0.48,Operations,1,1.7,0.0675,0.9446,5.5,55.6,1,1
6.29,HR,2,1.1,0.0577,0.5426,22.9,6.6,4,0
2.59,HR,1,4.8,0.0508,0.6579,0.9,44.2,4,0
3.17,Engineering,3,8.2,0.0321,0.5831,18.0,50.0,4,1
5.95,Sales,1,5.9,0.0204,0.1723,14.5,81.4,5,0
2.37,Finance,4,10.0,0.0046,0.4515,20.4,21.3,4,1
3.19,HR,1,1.2,0.067,0.8463,13.2,38.8,4,0
2.67,Finance,1,4.4,0.0346,0.4545,18.6,52.7,4,1
0.24,Sales,1,13.8,0.0726,0.6917,1.9,81.0,4,0
0.72,Engineering,1,11.8,0.0939,0.9635,32.4,70.2,5,1
5.53,Operations,2,5.2,0.1081,0.5632,60.0,4.5,4,1
12.06,HR,1,9.4,0.0253,0.4349,9.5,34.9,3,0
0.62,HR,4,8.1,0.0904,0.8295,8.6,21.7,4,0
1.83,Sales,2,8.3,0.0537,0.5867,60.0,12.3,5,1
1.05,Finance,1,10.6,0.0412,0.2764,0.3,27.5,2,0
3.64,Finance,2,25.0,0.1444,0.651,2.2,57.1,5,1
2.76,HR,1,25.4,0.02,0.2884,19.9,81.7,5,0
0.14,Operations,1,1.7,0.048,0.6797,3.1,88.5,3,0
12.04,Operations,1,7.0,0.0161,0.5923,49.1,33.6,5,1
9.02,Sales,1,3.0,0.0172,0.87,30.1,23.0,4,1
4.43,Finance,1,11.2,0.0584,0.8894,9.4,57.4,5,0
2.72,Operations,4,7.3,0.0118,0.7122,9.1,66.6,4,0
1.19,HR,3,17.4,0.0362,0.5234,2.3,55.3,4,0
1.77,Engineering,4,8.5,0.0323,0.6467,5.4,83.0,3,0
1.4,Engineering,1,22.7,0.0327,0.4676,22.2,39.6,3,0
1.79,Marketing,4,26.1,0.0095,0.6955,3.6,33.2,2,1
0.26,Operations,2,22.1,0.0131,0.4684,6.4,56.7,4,1
6.56,Engineering,1,0.8,0.0354,0.7219,19.4,66.0,1,0
3.0,Finance,3,10.5,0.0445,0.7381,31.0,33.4,5,0
2.01,HR,1,6.5,0.0363,0.882,19.7,25.4,3,0
4.23,Sales,2,7.3,0.0365,0.2696,29.6,96.7,4,1
4.28,Finance,3,15.5,0.0099,0.3578,46.5,70.8,5,0
0.1,Operations,2,6.8,0.0927,0.3857,1.7,61.3,3,1
0.6,Sales,2,9.0,0.0378,0.3405,1.8,28.5,1,1
2.3,Engineering,2,9.3,0.1159,0.6653,25.1,92.2,3,0
5.91,HR,1,1.1,0.035,0.579,5.3,52.9,5,0
6.18,Sales,5,6.0,0.0183,0.8354,13.6,27.0,5,0
1.3,Marketing,1,18.3,0.0866,0.8725,0.6,36.1,4,1
4.89,Finance,1,0.9,0.0777,0.6777,33.6,37.2,4,0
0.07,Engineering,1,12.8,0.0288,0.5368,38.1,3.4,3,1
4.15,HR,4,4.0,0.0514,0.422,49.9,40.9,4,1
2.08,Marketing,3,6.3,0.0025,0.726,60.0,26.1,4,1
1.12,HR,2,14.6,0.0199,0.7404,28.4,45.2,3,0
2.74,Finance,5,3.2,0.0619,0.8349,12.3,56.1,5,0
3.16,Sales,1,6.8,0.1465,0.6957,47.3,33.6,5,1
9.8,Sales,4,1.7,0.0081,0.6937,22.1,3.1,5,0
11.99,Engineering,1,11.6,0.0053,0.5903,7.2,92.8,3,0
1.96,Engineering,2,4.5,0.0683,0.6043,49.9,11.8,2,1
6.07,Engineering,1,2.2,0.0577,0.684,3.1,35.1,5,1
1.78,Finance,5,8.6,0.0212,0.5099,51.9,72.7,2,0
3.37,Engineering,4,1.6,0.0029,0.723,30.4,87.9,3,0
0.85,Finance,2,6.2,0.0674,0.6054,3.2,64.6,1,0
0.54,Operations,1,4.1,0.0636,0.7628,1.1,24.0,2,0
2.69,Marketing,1,10.0,0.0562,0.8162,51.9,66.3,3,1
1.37,Finance,2,10.2,0.0657,0.5328,8.4,40.2,1,1
1.21,Engineering,1,4.8,0.0414,0.6401,13.6,74.5,4,0
0.22,HR,1,22.3,0.0424,0.6002,16.7,39.5,3,1
0.47,Operations,3,17.6,0.0204,0.8394,29.5,8.8,3,1
3.84,HR,2,3.6,0.0297,0.5087,34.0,52.7,4,0
3.81,Marketing,4,35.7,0.034,0.5857,60.0,4.2,3,1
2.2,Marketing,2,14.1,0.0073,0.6592,4.2,62.3,1,1
2.99,Sales,1,10.8,0.0135,0.7108,5.2,31.7,4,1
0.18,Engineering,2,11.4,0.1163,0.6688,21.1,88.2,4,0
5.88,Engineering,1,2.7,0.0528,0.628,22.3,50.1,4,1
2.97,Sales,2,19.6,0.0214,0.2505,3.5,3.4,1,0
3.98,Sales,3,1.2,0.1266,0.7924,4.2,63.9,5,0
0.63,Finance,1,11.3,0.0079,0.8037,17.5,83.1,3,0
3.65,Finance,1,17.8,0.1827,0.1342,7.6,4.5,3,1
3.72,HR,4,3.9,0.0021,0.8556,17.6,74.5,2,0
1.38,Marketing,2,14.8,0.0234,0.3736,5.1,76.2,4,0
12.07,Marketing,2,9.2,0.0216,0.358,60.0,68.1,4,1
1.38,Marketing,3,15.5,0.0213,0.5949,5.2,49.0,5,0
7.7,Operations,2,17.3,0.033,0.4138,3.5,64.7,4,0
5.88,HR,1,23.7,0.0082,0.7849,16.8,49.0,3,1
8.13,Marketing,3,20.3,0.0609,0.5187,14.7,37.6,4,1
2.02,HR,4,1.4,0.0826,0.1395,32.4,5.0,3,1
0.75,Sales,1,3.7,0.0602,0.6287,18.2,49.6,5,0
0.63,Engineering,1,12.2,0.0249,0.4097,60.0,78.3,2,0
4.73,Engineering,3,17.4,0.0367,0.6753,34.0,5.1,3,1
2.6,Operations,2,3.2,0.0613,0.432,3.6,3.7,5,1
2.08,Sales,2,13.9,0.0345,0.8877,3.4,16.9,4,0
1.88,Operations,2,21.3,0.0499,0.354,2.1,29.5,3,1
0.14,Marketing,3,17.0,0.0113,0.7149,22.9,50.0,4,1
1.47,HR,2,13.8,0.0264,0.7468,22.0,82.9,1,0
8.9,Operations,1,8.1,0.0898,0.6865,3.2,3.0,1,0
3.4,Operations,1,7.8,0.0561,0.7146,8.8,78.2,3,0
0.83,Operations,2,31.9,0.1222,0.4291,48.5,71.4,5,1
6.12,HR,4,5.6,0.0171,0.3684,11.4,49.9,4,0
3.86,Sales,2,3.7,0.0672,0.3816,29.2,19.2,2,0
10.68,Engineering,2,2.2,0.0732,0.6956,2.8,8.5,4,0
1.14,Operations,4,13.2,0.0771,0.4793,54.2,15.8,5,1
0.85,Operations,2,11.9,0.0493,0.2057,14.0,33.3,4,1
7.68,Finance,2,8.7,0.0579,0.5345,15.8,53.1,3,0
1.81,Engineering,1,11.9,0.0444,0.7987,0.5,34.9,5,0
1.44,Marketing,3,15.5,0.0467,0.7486,15.6,55.9,5,0
4.1,Sales,3,7.2,0.053,0.7609,37.3,88.1,3,0
1.54,Finance,3,12.5,0.0335,0.3735,46.3,13.0,5,1
0.81,Finance,1,6.7,0.0418,0.6506,4.3,89.4,3,0
4.42,Engineering,2,12.8,0.0065,0.9033,18.1,19.4,2,1
2.88,Engineering,1,21.3,0.0182,0.1713,22.5,49.3,3,0
0.54,Engineering,5,16.6,0.0459,0.7333,4.3,73.4,5,1
4.25,Operations,1,26.5,0.0238,0.8937,9.0,69.7,4,1
0.57,Operations,2,5.6,0.0945,0.6179,1.4,75.8,5,0
0.16,HR,3,4.6,0.0408,0.876,10.2,71.4,4,0
3.44,HR,1,11.7,0.0387,0.5116,5.9,1.6,4,1
0.86,HR,2,5.8,0.1025,0.8515,1.9,49.6,5,0
3.02,HR,1,13.2,0.0351,0.5702,11.9,37.9,1,0
20.0,Finance,2,10.0,0.0116,0.8927,8.6,92.8,4,0
10.52,HR,5,3.7,0.03,0.6598,19.4,95.5,1,0
0.94,Finance,2,12.1,0.0209,0.6063,25.5,25.6,3,1
1.25,HR,5,4.0,0.0213,0.6961,6.3,71.2,3,0
4.15,Finance,1,22.4,0.0726,0.3606,9.6,23.7,4,1
0.02,Operations,2,7.3,0.0515,0.5464,29.2,74.9,5,0
3.04,Sales,4,4.5,0.0095,0.8348,2.0,29.9,2,0
1.08,Engineering,4,10.2,0.0572,0.3136,17.9,73.1,5,0
3.47,Finance,1,11.1,0.0466,0.7363,60.0,2.7,4,0
3.98,Engineering,3,5.5,0.0046,0.4859,15.9,70.3,4,0
3.8,Sales,4,5.2,0.0673,0.6911,4.4,42.1,4,0
0.17,Marketing,3,1.6,0.0246,0.9152,11.2,73.9,2,0
0.47,HR,2,16.0,0.0214,0.6117,30.5,9.2,1,1
7.16,Finance,1,22.0,0.0129,0.7269,1.0,86.8,2,0
0.53,Marketing,1,17.7,0.0901,0.4182,7.1,66.5,3,1
2.23,Engineering,2,4.4,0.0203,0.488,26.3,37.1,3,0
6.38,HR,2,11.9,0.1081,0.3771,1.1,34.2,2,0
0.08,Engineering,1,10.4,0.008,0.3568,16.3,29.5,4,0
0.75,HR,1,2.1,0.1034,0.967,11.7,58.9,4,1
3.78,Sales,2,5.4,0.1575,0.7233,8.4,3.9,4,1
0.46,Operations,2,11.2,0.0356,0.4093,27.4,71.2,1,1
2.82,Sales,2,0.9,0.0465,0.7843,12.8,78.7,4,0
6.26,Sales,2,3.2,0.089,0.7261,32.4,25.3,5,1
3.1,Engineering,1,14.7,0.0348,0.6349,13.3,14.0,5,0
6.87,Engineering,4,4.3,0.0824,0.6553,11.0,97.1,4,0
1.27,Sales,2,2.1,0.0484,0.5633,9.5,63.4,4,0
4.45,Sales,1,17.1,0.0292,0.3486,0.9,69.4,5,0
6.6,Marketing,2,4.3,0.0422,0.4211,17.0,63.2,2,0
1.12,Operations,2,14.8,0.0868,0.6364,19.8,24.9,1,1
6.58,Operations,2,26.1,0.0675,0.6527,53.2,80.2,4,1
0.35,Operations,2,3.1,0.0466,0.7023,8.2,48.1,3,1
2.99,Operations,2,7.5,0.1153,0.8431,3.1,26.3,2,1
0.59,HR,3,10.4,0.0788,0.804,60.0,59.3,5,1
4.27,HR,1,16.9,0.0587,0.8945,32.1,88.4,1,1
2.72,Finance,1,5.4,0.045,0.8618,0.6,77.6,4,0
3.92,Sales,1,0.4,0.0252,0.348,8.3,71.2,3,0
5.91,Finance,2,3.1,0.0548,0.3935,12.9,26.7,3,1
2.41,Operations,2,6.3,0.0113,0.5484,21.7,27.9,3,1
0.92,Sales,3,14.8,0.1411,0.8041,26.2,83.1,3,1
6.77,Marketing,1,7.6,0.0635,0.5128,27.2,80.0,2,0
9.66,Operations,2,14.1,0.1179,0.3669,6.2,86.1,4,0
6.87,Finance,1,6.2,0.1092,0.6254,60.0,94.9,4,0
0.51,HR,2,9.7,0.0191,0.3528,13.6,36.5,3,0
5.5,Sales,3,15.5,0.0596,0.8116,8.8,60.0,4,1
3.6,Sales,1,18.5,0.0106,0.5375,9.1,56.4,3,1
1.94,Sales,1,30.1,0.0446,0.56,3.4,30.4,2,1
0.44,Marketing,2,10.7,0.0238,0.8796,12.7,54.6,2,1
4.17,Finance,3,1.2,0.0154,0.3151,5.5,98.4,4,0
3.78,Sales,1,12.2,0.05,0.5928,28.2,93.6,4,0
0.95,Finance,4,1.1,0.0319,0.6237,4.5,51.9,2,0
1.7,Marketing,5,13.2,0.0159,0.5679,44.9,24.5,2,1
0.62,Engineering,3,9.4,0.1165,0.8515,9.8,83.5,4,0
9.31,Engineering,1,17.8,0.0543,0.3247,11.5,85.7,4,1
2.3,Operations,3,6.1,0.0782,0.6958,16.6,56.3,4,0
3.28,Marketing,1,9.8,0.008,0.7456,3.7,46.8,3,0
2.96,Finance,4,12.3,0.0222,0.8294,32.4,18.2,4,1
5.44,Operations,2,0.5,0.074,0.6079,15.6,33.0,2,0
3.68,Finance,1,11.9,0.0633,0.4915,0.1,1.5,4,1
1.04,Finance,1,4.5,0.0519,0.5536,6.3,43.9,2,1
2.19,Sales,3,11.0,0.0167,0.7053,0.9,12.8,3,1
1.3,Marketing,4,0.9,0.0177,0.4114,2.4,51.7,3,0
2.04,Marketing,2,13.7,0.0257,0.7848,2.2,24.8,4,0
3.83,Sales,2,12.9,0.1109,0.097,2.5,88.7,2,1
2.3,Marketing,3,17.3,0.0432,0.6421,4.1,12.3,3,1
3.22,Marketing,3,1.6,0.0414,0.5588,10.6,44.0,4,0
0.64,Engineering,3,29.5,0.0783,0.5159,9.8,13.9,4,1
2.41,Engineering,2,2.6,0.0152,0.5327,21.8,57.0,3,0
4.03,Finance,2,9.7,0.0253,0.2053,2.0,31.5,4,0
3.58,Finance,4,6.5,0.024,0.3873,6.1,10.5,5,0
1.8,Finance,1,7.8,0.0865,0.8594,60.0,60.0,4,1
0.81,HR,2,26.7,0.0706,0.2357,23.3,53.8,4,1
10.2,Operations,1,3.0,0.0301,0.9703,15.0,21.0,5,0
3.25,HR,2,23.9,0.0395,0.7471,8.1,96.7,5,0
2.38,Sales,3,15.1,0.121,0.4599,8.0,78.8,1,1
0.6,Engineering,1,8.5,0.0608,0.7811,60.0,61.7,3,1
4.64,Operations,2,8.4,0.0561,0.6004,18.9,94.3,4,1
3.01,Marketing,1,12.9,0.0327,0.4667,36.7,74.7,3,1
0.91,HR,4,6.1,0.0132,0.7273,27.3,48.3,2,0
0.04,Sales,3,7.1,0.0438,0.5197,3.5,96.3,5,0
2.57,Engineering,2,9.7,0.0539,0.3362,1.7,64.2,4,0
0.69,Engineering,3,22.1,0.0398,0.6545,0.0,13.6,2,1
1.78,Engineering,1,7.7,0.116,0.6288,22.9,9.9,2,1
4.05,Finance,3,1.4,0.1214,0.6866,5.2,9.2,4,0
3.96,Sales,3,10.0,0.0228,0.7011,3.9,35.5,3,0
0.28,Engineering,1,8.1,0.003,0.8601,6.4,0.8,3,1
1.43,Sales,5,4.9,0.0133,0.8095,25.5,55.9,5,0
7.64,Marketing,1,11.2,0.0091,0.6777,21.3,43.6,5,0
1.04,HR,2,5.1,0.0257,0.2522,43.0,36.4,3,1
1.57,Engineering,1,7.5,0.0135,0.8186,17.7,43.0,4,0
1.83,Marketing,3,9.7,0.0991,0.2532,15.7,42.4,3,1
0.01,HR,1,10.5,0.0591,0.7742,17.6,98.8,5,0
4.46,Sales,1,11.9,0.0435,0.4078,6.1,41.9,3,0
0.22,Marketing,2,13.2,0.0959,0.7939,24.5,92.2,2,0
1.08,Operations,5,9.6,0.0433,0.7387,27.3,85.4,3,0
0.83,Finance,1,1.8,0.0075,0.5292,8.2,42.8,3,1
2.94,Engineering,2,10.8,0.0504,0.5843,8.0,4.2,4,1
1.49,Sales,2,17.0,0.0787,0.7793,44.6,84.8,1,1
4.2,Finance,3,1.3,0.0292,0.5579,17.8,21.2,4,0
5.13,Operations,1,1.8,0.0448,0.2587,8.4,5.8,4,0
0.54,Operations,2,4.4,0.0923,0.8574,23.5,87.1,3,0
0.72,Operations,5,16.2,0.0413,0.638,10.1,65.8,3,0
3.19,Marketing,1,4.1,0.1,0.3442,55.8,17.8,3,1
5.52,Finance,2,16.4,0.1131,0.5597,5.6,28.9,4,1
10.67,Finance,4,10.3,0.0677,0.7411,3.0,74.6,2,0
0.82,Marketing,1,5.3,0.0076,0.7967,23.3,12.3,4,0
6.3,Marketing,2,46.8,0.022,0.6296,12.1,72.3,4,1
0.51,Finance,1,2.6,0.0602,0.2887,26.7,45.8,5,0
1.79,Engineering,3,8.8,0.0244,0.3967,39.0,83.7,5,0
5.64,Operations,4,3.7,0.0085,0.8716,7.9,64.3,3,1
0.91,Engineering,2,11.2,0.0118,0.4035,2.3,98.2,4,0
0.6,HR,2,3.8,0.076,0.7319,13.0,85.7,4,0
0.13,HR,2,5.9,0.0773,0.644,4.0,34.4,5,0
3.21,Operations,1,4.6,0.01,0.5791,12.1,48.2,1,1
2.9,Engineering,1,6.9,0.0243,0.5741,35.1,93.9,2,0
12.87,HR,1,16.9,0.0218,0.8294,9.9,15.2,3,0
2.29,HR,1,2.2,0.049,0.6164,7.2,41.7,3,0
0.69,Engineering,3,4.2,0.0099,0.5762,5.5,57.6,4,0
1.6,Sales,1,6.2,0.1137,0.8516,13.6,35.1,5,1
0.22,HR,1,7.2,0.0243,0.6843,9.9,9.4,3,1
3.77,Operations,2,21.1,0.0448,0.8748,1.2,20.6,3,1
4.47,HR,1,4.4,0.089,0.8868,0.4,43.3,4,0
0.86,Operations,1,16.3,0.0601,0.5978,54.2,87.2,1,0
1.04,Marketing,1,23.0,0.0523,0.3239,25.4,57.2,3,1
0.27,Marketing,1,7.5,0.0843,0.3167,10.9,29.8,1,0
0.28,Operations,2,3.4,0.0116,0.6453,3.7,16.8,2,1
1.93,Marketing,3,19.3,0.0063,0.7604,6.8,61.8,4,0
2.6,Marketing,4,15.4,0.0487,0.5822,7.6,18.1,4,0
0.04,Engineering,3,3.1,0.0749,0.3753,15.3,7.1,3,0
3.78,Marketing,2,25.4,0.0705,0.6154,35.7,3.3,4,1
1.18,Engineering,4,4.8,0.0711,0.5351,2.4,69.8,4,0
2.87,Marketing,2,7.5,0.0476,0.8165,38.6,88.6,3,1
2.69,Finance,2,13.6,0.1108,0.5171,33.1,53.0,4,1
5.39,Marketing,2,23.4,0.045,0.4896,48.2,27.9,3,1
6.86,Finance,1,10.7,0.0574,0.2481,4.2,20.4,2,1
6.65,HR,1,6.8,0.0884,0.6435,31.5,27.6,5,0
1.4,HR,1,6.0,0.0874,0.3441,6.6,30.5,5,0
3.32,Finance,3,6.8,0.0256,0.317,60.0,60.4,4,1
0.57,HR,1,35.2,0.0741,0.663,3.5,92.3,1,1
2.13,HR,3,11.8,0.0424,0.7615,12.4,22.4,3,0
1.25,HR,4,9.6,0.0074,0.6209,9.4,35.9,4,0
1.38,Finance,2,15.5,0.0442,0.6305,4.1,59.5,3,0
5.16,Sales,1,7.2,0.0372,0.793,4.6,44.3,2,0
8.09,Finance,2,22.5,0.0207,0.8113,3.4,11.7,4,0
1.42,Sales,1,12.5,0.0399,0.3356,1.8,15.7,5,1
5.76,Sales,5,6.7,0.0408,0.2932,4.6,57.9,3,0
1.98,HR,3,5.6,0.017,0.6728,10.9,60.9,5,0
1.07,Engineering,3,1.6,0.0283,0.5551,4.1,58.9,3,0
1.69,Finance,2,16.8,0.0116,0.5756,9.1,81.5,3,0
1.23,Marketing,3,2.2,0.0471,0.9014,9.1,19.2,5,0
0.54,Operations,3,21.7,0.0233,0.7282,18.1,45.1,1,1
0.16,Sales,1,4.1,0.0497,0.2346,4.8,46.6,4,0
0.1,Finance,1,4.6,0.0081,0.7873,24.0,21.5,3,0
4.37,Finance,1,29.5,0.0429,0.8569,8.7,71.0,1,1
2.85,Marketing,2,15.9,0.0639,0.5317,25.3,31.2,4,1
1.47,Finance,4,9.4,0.0226,0.4208,5.1,61.9,3,1
2.17,Marketing,2,27.7,0.0497,0.7342,8.4,42.1,4,0
14.94,Operations,2,8.1,0.0202,0.4856,11.7,24.0,4,0
1.91,Engineering,4,5.9,0.0731,0.3263,6.1,20.7,5,0
0.83,HR,1,10.1,0.1756,0.7202,9.6,49.2,1,1
4.17,Finance,1,17.6,0.0383,0.7251,12.3,24.0,3,1
0.44,Finance,4,2.7,0.0839,0.6523,7.1,67.4,4,0
3.05,HR,4,4.5,0.0282,0.771,10.4,61.7,5,0
1.88,Sales,3,3.5,0.0624,0.5478,57.4,79.0,5,0
2.73,Finance,1,3.0,0.0342,0.8399,18.1,13.3,3,0
1.13,Marketing,5,7.4,0.0236,0.5904,3.1,88.2,3,0
1.71,Engineering,3,2.9,0.0879,0.4589,8.1,52.3,3,1
4.84,Finance,3,1.3,0.0739,0.3377,2.8,65.1,4,0
0.3,Operations,1,4.4,0.1226,0.3257,21.0,97.9,1,1
5.47,Finance,2,4.2,0.0458,0.8904,17.8,51.9,5,0
6.21,Operations,3,12.0,0.019,0.5191,52.3,88.0,4,1
1.64,HR,4,16.6,0.0703,0.5162,60.0,32.5,3,1
4.31,Engineering,2,5.1,0.0615,0.579,15.3,83.0,4,0
3.38,Marketing,2,4.5,0.0303,0.5653,3.1,93.6,5,1
2.52,Sales,3,28.4,0.0436,0.5415,16.0,18.7,3,1
4.81,Engineering,2,16.2,0.0399,0.4734,4.4,49.8,2,0
1.48,Sales,2,11.1,0.0329,0.312,58.4,89.5,4,1
6.38,Operations,1,6.5,0.0859,0.6323,53.4,35.6,1,1
8.49,Marketing,1,15.9,0.0866,0.8733,29.5,69.6,3,1
3.32,Sales,3,3.2,0.0713,0.2398,60.0,10.2,2,1
0.73,Finance,1,16.4,0.0244,0.255,6.7,30.1,4,0
0.16,HR,1,12.5,0.0234,0.7701,30.0,65.9,5,0
1.74,Sales,4,14.2,0.0061,0.7848,9.1,44.2,5,0
0.23,Operations,3,9.5,0.0067,0.7659,26.2,65.8,2,1
1.61,Marketing,1,2.4,0.0253,0.6986,1.0,55.3,2,0
8.55,HR,1,3.3,0.0473,0.6034,30.2,92.9,5,0
4.94,HR,3,12.9,0.113,0.1559,11.4,12.0,4,0
0.27,Marketing,2,12.0,0.0201,0.8522,3.5,62.4,3,1
0.78,HR,2,5.5,0.0463,0.8177,6.7,45.6,4,0
3.86,HR,2,5.5,0.0894,0.575,0.4,92.7,4,1
10.67,HR,1,19.6,0.025,0.7992,36.3,85.7,4,0
4.56,HR,3,8.6,0.0192,0.8763,16.5,31.7,3,1
0.53,Finance,1,4.2,0.0302,0.9254,1.1,83.4,4,0
1.74,Engineering,2,21.8,0.0227,0.8086,6.5,57.5,1,1
5.46,HR,1,20.4,0.1088,0.6934,5.1,29.1,5,0
2.92,HR,1,8.6,0.0199,0.6197,15.3,9.1,5,0
1.59,Sales,1,10.0,0.0864,0.7607,4.2,16.7,5,0
20.0,HR,4,16.2,0.0391,0.6672,5.0,62.9,3,0
4.37,HR,1,13.6,0.0627,0.3576,1.6,49.8,2,0
2.25,HR,1,2.3,0.0151,0.8204,4.0,13.4,4,0
3.96,Operations,1,22.3,0.0846,0.3323,8.9,89.4,3,1
0.92,Finance,3,1.9,0.1076,0.6184,6.0,57.8,2,0
6.41,Finance,2,11.9,0.0181,0.1913,5.9,96.6,4,0
2.55,Sales,4,2.8,0.0856,0.441,3.7,27.5,1,1
4.1,Operations,3,13.6,0.0418,0.5234,0.0,18.4,1,1
18.28,Engineering,2,4.7,0.0617,0.2748,12.4,87.2,5,0
2.42,Finance,3,5.0,0.0067,0.7676,8.4,75.1,2,0
2.25,Sales,1,15.5,0.0375,0.4734,2.3,21.2,5,0
2.67,Marketing,5,2.8,0.0326,0.377,13.4,35.1,4,0
1.48,HR,5,5.5,0.0194,0.5208,8.9,31.8,4,0
2.99,Sales,1,2.9,0.0186,0.5133,6.8,70.5,1,0
0.26,Engineering,2,9.4,0.0108,0.2181,60.0,21.5,3,1
6.78,Marketing,1,2.9,0.1159,0.6404,21.7,7.7,5,0
15.65,HR,2,11.2,0.0413,0.8872,0.2,81.8,4,0
2.38,Sales,3,20.2,0.0979,0.8171,1.4,1.2,3,1
0.04,Operations,4,1.0,0.0746,0.6654,6.3,60.8,1,0
1.2,Engineering,1,4.7,0.0529,0.4956,5.1,30.9,2,0
0.04,HR,3,3.2,0.0566,0.4549,19.2,42.3,4,0
0.58,Engineering,3,2.3,0.0395,0.8368,6.2,6.7,3,0
8.26,Engineering,1,11.0,0.0884,0.681,8.6,16.6,3,1
1.76,Engineering,2,10.0,0.0874,0.8896,31.6,50.1,5,0
2.35,Sales,3,22.2,0.0419,0.6705,8.0,38.3,3,0
2.85,Operations,3,14.4,0.039,0.7614,1.5,45.1,3,0
0.83,HR,5,8.9,0.0357,0.2246,1.1,0.5,1,1
6.67,Operations,1,10.6,0.0267,0.5151,24.2,92.8,4,0
3.47,Sales,1,5.5,0.0217,0.4322,9.4,52.0,3,1
3.64,Marketing,1,10.9,0.0061,0.7438,3.3,43.5,5,0
2.61,Engineering,1,1.9,0.0311,0.8544,11.2,86.8,2,0
4.28,Engineering,2,7.7,0.025,0.4252,19.5,6.3,2,1
1.88,Engineering,4,12.2,0.058,0.505,5.2,44.7,1,1
5.25,Operations,2,7.3,0.0434,0.3898,18.8,57.6,4,0
2.89,Marketing,3,4.9,0.0388,0.7765,23.3,27.7,4,0
0.17,Marketing,2,9.2,0.0322,0.8597,13.6,26.0,3,1
0.33,Operations,1,4.2,0.0538,0.445,53.1,16.2,3,1
1.66,Sales,3,7.0,0.0255,0.1463,24.5,70.6,3,0
0.12,Marketing,3,15.4,0.0154,0.3889,7.5,66.9,3,0
0.28,Finance,2,16.1,0.0298,0.846,4.5,40.9,3,0
1.62,Finance,4,10.2,0.025,0.3369,6.6,10.0,3,0
1.21,Finance,2,3.5,0.0489,0.4714,2.4,18.5,5,0
3.59,HR,1,6.4,0.1371,0.714,2.2,40.3,4,0
1.03,Engineering,2,9.4,0.0339,0.7363,10.8,24.8,4,1
1.09,Engineering,3,4.6,0.0354,0.5915,29.0,73.7,4,0
1.6,Finance,2,26.3,0.014,0.1936,8.5,7.9,3,1
0.13,Finance,3,4.7,0.0999,0.8016,3.1,39.1,5,0
3.57,Marketing,2,8.9,0.0537,0.575,3.3,88.8,2,0
4.62,Finance,2,16.8,0.0561,0.6732,36.5,33.8,5,1
12.34,Sales,4,23.5,0.0155,0.2638,5.2,76.1,5,0
5.28,HR,2,3.4,0.0112,0.7809,0.5,30.0,2,1
1.31,HR,2,1.9,0.0126,0.4734,5.2,64.6,2,0
5.17,Operations,1,10.1,0.0163,0.6924,14.1,55.8,3,0
17.63,Finance,2,28.4,0.0499,0.5754,2.2,52.2,4,0
0.85,Finance,2,2.3,0.1349,0.8911,1.6,14.8,3,0
11.07,Marketing,1,6.6,0.0974,0.3568,11.1,5.1,5,0
1.52,HR,2,10.8,0.0458,0.9027,41.6,13.3,5,1
0.21,Operations,1,9.2,0.0155,0.5838,8.5,75.5,3,1
0.24,Marketing,1,12.0,0.0255,0.3979,4.4,99.8,1,0
0.73,Operations,2,21.3,0.0153,0.2094,39.3,26.0,5,1
3.88,Marketing,1,17.0,0.0471,0.716,18.1,26.5,3,0
4.36,Finance,2,6.5,0.0439,0.9328,33.4,38.4,4,1
4.08,Engineering,3,2.2,0.0206,0.9343,6.3,36.0,4,0
1.75,Finance,1,17.9,0.0194,0.8222,41.2,63.8,4,0
2.86,Engineering,1,6.6,0.0383,0.6498,5.9,44.7,3,0
4.27,Finance,2,9.1,0.035,0.2395,5.3,62.5,1,0
2.67,Marketing,1,15.8,0.0619,0.1966,2.0,9.7,4,1
2.1,Finance,2,17.6,0.08,0.6208,60.0,74.2,3,1
0.96,Sales,3,15.2,0.0297,0.6895,21.0,77.1,4,0
1.69,Engineering,2,25.3,0.0102,0.8043,5.6,95.0,3,0
5.1,Marketing,2,8.4,0.079,0.7158,18.1,65.5,1,0
2.75,Marketing,4,5.0,0.1218,0.5497,27.8,57.6,2,1
0.77,HR,1,3.8,0.0961,0.9277,11.8,58.1,4,1
0.93,Marketing,4,5.2,0.0136,0.7074,3.2,9.2,4,0
5.47,Marketing,3,5.4,0.014,0.267,2.1,33.0,2,0
8.27,Finance,2,10.2,0.0589,0.933,57.8,89.0,3,1
1.25,Engineering,1,12.9,0.0204,0.6865,0.7,88.4,4,0
1.76,Operations,1,3.3,0.0624,0.2602,5.4,95.5,3,0
0.02,HR,4,15.9,0.0657,0.7137,9.4,67.1,4,0
0.4,Marketing,1,17.0,0.0367,0.5361,3.1,22.3,5,0
4.2,Operations,4,13.2,0.078,0.2075,20.3,83.1,3,0
14.03,HR,2,5.9,0.0148,0.3563,1.1,57.9,4,0
3.23,Finance,2,20.7,0.0814,0.9826,13.0,9.6,2,1
2.81,Engineering,2,8.2,0.0183,0.8099,17.5,5.9,4,0
5.25,Operations,1,4.5,0.0425,0.4749,1.2,62.4,5,0
1.19,Engineering,2,3.3,0.0192,0.6427,18.8,65.9,5,0
2.77,Finance,4,9.6,0.0529,0.1937,12.8,30.9,3,1
1.72,HR,1,6.0,0.0404,0.2876,1.2,93.6,5,0
1.68,Engineering,4,2.5,0.1826,0.1775,46.4,17.7,3,1
0.72,HR,5,1.8,0.04,0.3071,11.6,15.5,4,0
2.05,Operations,1,10.7,0.1085,0.8207,60.0,36.9,4,1
2.52,Sales,2,2.1,0.0513,0.5859,1.6,49.8,4,0
6.72,Sales,1,0.6,0.0079,0.5153,19.7,46.6,1,1
10.66,Sales,2,17.1,0.1274,0.5949,23.7,69.2,5,0
0.33,Engineering,5,3.7,0.0254,0.6395,17.7,19.9,3,1
0.42,Sales,4,12.0,0.0149,0.235,22.8,51.9,2,0
6.2,Finance,4,9.4,0.0503,0.2242,15.4,50.2,3,0
2.89,Marketing,1,4.9,0.0241,0.5395,9.1,90.5,1,0
4.94,Marketing,2,22.3,0.022,0.7493,3.2,80.5,1,1
0.35,Marketing,1,13.4,0.0489,0.6817,2.2,88.0,3,0
0.59,Marketing,4,7.9,0.0296,0.6899,32.3,87.5,3,0
2.87,HR,1,4.0,0.0416,0.4619,4.7,10.1,5,0
1.99,Operations,1,12.6,0.0188,0.6271,5.6,50.4,3,0
2.13,Sales,1,14.0,0.0213,0.756,0.1,87.1,5,0
7.92,Marketing,1,8.8,0.0407,0.9099,26.9,82.5,4,1
4.79,Engineering,1,8.0,0.0821,0.7167,8.4,91.5,3,0
1.7,Marketing,1,13.3,0.0019,0.9171,19.0,4.2,1,1
7.9,Engineering,4,7.7,0.0423,0.7204,1.2,42.0,5,0
2.07,Sales,3,4.4,0.0475,0.2206,21.2,11.6,4,1
4.81,HR,1,2.3,0.0354,0.4906,16.3,12.3,2,0
4.66,Marketing,3,7.8,0.0298,0.9441,2.8,55.9,3,0
1.55,Engineering,2,2.2,0.0635,0.8689,4.5,98.6,4,0
3.77,Sales,3,14.2,0.0196,0.7465,39.8,75.6,5,0
8.69,HR,1,7.8,0.0611,0.6238,34.2,53.8,4,0
7.83,Marketing,2,15.7,0.0351,0.5484,31.5,83.6,2,1
3.2,Operations,2,10.0,0.0319,0.7048,4.4,63.1,1,1
0.94,Finance,1,12.0,0.0308,0.8091,11.8,8.5,3,1
1.1,Finance,2,4.8,0.0416,0.8175,6.6,62.7,4,0
5.41,HR,3,7.4,0.0196,0.6904,21.1,7.7,4,1
2.62,Marketing,3,9.9,0.0442,0.3885,38.1,37.3,4,1
2.67,Engineering,2,9.1,0.0418,0.3686,20.4,36.7,4,0
0.19,Engineering,2,8.8,0.0115,0.6352,13.8,98.6,4,0
1.04,Sales,3,3.3,0.0452,0.7539,60.0,12.7,2,1
3.91,Sales,1,1.4,0.04,0.5383,0.8,84.7,1,0
1.01,HR,1,3.0,0.1205,0.8419,10.9,30.4,3,0
0.58,Operations,2,0.4,0.03,0.9084,0.4,48.0,2,0
1.39,Finance,1,1.6,0.0094,0.5449,60.0,88.7,3,0
4.1,HR,2,10.4,0.0245,0.4009,12.7,42.0,2,0
4.19,Sales,1,6.6,0.0092,0.3847,7.8,67.7,3,0
2.78,Finance,2,4.2,0.0232,0.5431,60.0,88.4,2,0
2.23,Sales,3,6.5,0.0529,0.8612,19.8,19.9,3,0
7.2,Operations,3,1.0,0.0546,0.673,10.5,33.0,2,0
6.52,HR,3,7.6,0.0301,0.8714,58.1,60.8,4,0
1.88,Finance,2,2.5,0.0938,0.8377,8.5,37.3,4,1
7.56,Operations,4,18.8,0.0408,0.7705,39.2,44.2,4,1
8.36,Sales,3,12.4,0.0026,0.5719,6.2,71.5,5,0
3.78,HR,2,11.7,0.0212,0.8574,26.9,86.8,3,0
1.84,Finance,1,8.9,0.0125,0.3531,2.2,37.7,2,1
2.67,Sales,2,13.2,0.0535,0.8986,8.9,26.6,5,1
1.07,Engineering,2,7.6,0.1002,0.7325,25.2,73.2,3,1
6.31,Sales,3,4.1,0.0267,0.6213,5.1,59.7,3,0
2.23,Engineering,3,11.8,0.0226,0.8887,1.9,74.3,4,0
5.18,Marketing,4,16.3,0.1007,0.7817,60.0,94.0,2,1
5.14,Engineering,4,3.4,0.0495,0.6134,14.3,22.9,5,0
0.21,Sales,2,1.8,0.0346,0.69,6.4,75.8,5,0
6.98,Operations,5,26.9,0.0591,0.3407,0.1,27.2,5,1
0.68,Finance,4,20.4,0.0361,0.2798,12.8,24.6,3,1
1.13,Marketing,1,8.3,0.0415,0.8168,7.4,72.0,3,0
2.85,Marketing,2,0.8,0.082,0.4933,18.0,28.7,2,0
2.99,Sales,1,9.9,0.0524,0.4806,29.3,1.3,4,1
1.68,Finance,1,36.5,0.1273,0.8319,19.5,42.2,2,1
1.66,Sales,1,13.1,0.0491,0.8241,4.4,36.2,3,1
4.84,Finance,2,12.3,0.0747,0.7491,60.0,2.4,1,1
2.6,Marketing,1,7.8,0.0071,0.3771,8.0,34.9,5,0
4.24,Operations,1,11.5,0.0395,0.8367,25.5,36.1,5,0
7.32,Operations,1,13.1,0.012,0.8526,29.2,53.2,4,0
2.13,Engineering,3,9.3,0.0126,0.7595,2.0,49.2,4,0
2.28,Sales,4,7.0,0.0277,0.5254,7.4,16.4,5,0
1.69,Finance,5,9.4,0.0527,0.9568,6.3,69.7,2,0
1.22,Sales,2,9.1,0.0204,0.5709,12.6,91.3,3,0
6.5,Finance,1,1.0,0.0528,0.4374,4.0,79.5,3,0
0.48,Operations,4,32.0,0.0115,0.4887,55.5,15.9,1,1
4.41,Sales,1,12.3,0.1202,0.846,11.4,55.3,4,0
1.87,Operations,5,18.3,0.009,0.861,30.0,18.9,2,1
2.09,Operations,3,10.2,0.0555,0.5974,9.8,39.9,4,0
9.48,Operations,2,5.4,0.0088,0.4699,23.0,87.7,4,0
1.55,Engineering,1,15.7,0.0578,0.6248,31.9,11.7,2,0
1.79,Sales,1,1.7,0.0704,0.8209,13.4,94.1,2,0
0.95,Engineering,2,12.7,0.0246,0.596,1.7,33.7,5,0
1.99,Engineering,2,15.5,0.0392,0.8689,12.4,61.9,4,0
0.8,Engineering,3,7.7,0.0192,0.733,2.7,49.4,4,0
2.96,HR,2,11.8,0.0554,0.9235,36.5,55.3,2,1
1.48,Engineering,2,1.0,0.0085,0.6126,4.7,62.7,4,0
2.08,Sales,1,12.2,0.0378,0.7925,31.7,8.9,2,1
8.67,Operations,2,6.2,0.0679,0.9505,16.0,20.0,3,0
15.35,Operations,1,11.9,0.0354,0.5968,1.4,75.3,1,0
0.69,Operations,3,8.0,0.0459,0.3575,27.4,75.0,3,1
7.19,Engineering,2,7.9,0.0357,0.8106,30.6,55.5,5,0
0.13,Finance,3,12.1,0.0195,0.5155,4.0,94.6,4,0
2.79,Finance,2,6.5,0.0146,0.5278,52.1,4.4,1,1
10.79,Engineering,1,7.7,0.067,0.1529,1.7,90.2,4,0
2.99,Operations,3,27.7,0.0595,0.6423,12.1,43.3,3,1
9.04,HR,3,19.1,0.1254,0.8302,2.8,91.2,3,1
4.53,Operations,3,7.0,0.0222,0.3367,4.1,46.6,2,0
2.22,Engineering,2,8.1,0.0496,0.598,18.0,77.0,3,1
3.13,Finance,4,5.1,0.0364,0.7272,2.6,98.4,3,0
3.03,Engineering,1,6.2,0.0428,0.2971,43.8,87.4,5,0
4.69,Operations,2,6.5,0.1446,0.721,60.0,8.9,4,1
1.93,Finance,3,9.0,0.0895,0.3947,6.8,78.5,5,0
2.12,Engineering,1,1.2,0.0148,0.8692,8.8,46.3,1,0
14.22,Sales,3,6.1,0.0021,0.3921,2.9,28.9,1,0
1.09,HR,2,5.3,0.0379,0.6186,28.7,71.2,4,0
1.26,Engineering,1,20.8,0.0338,0.7715,10.9,43.4,4,1
1.93,Engineering,1,8.0,0.0123,0.3806,49.6,58.8,4,0
2.16,Operations,3,9.9,0.0748,0.8771,17.0,78.2,4,1
0.87,Operations,3,6.0,0.0454,0.4776,0.7,82.3,1,0
1.04,Finance,1,8.1,0.0195,0.8371,2.7,46.7,4,0
0.21,Operations,1,6.2,0.02,0.5746,12.4,44.0,5,0
0.94,Finance,1,9.1,0.0224,0.6305,10.5,41.3,4,0
3.81,Engineering,1,11.8,0.0469,0.5285,5.3,67.7,5,0
2.04,Marketing,3,2.6,0.0415,0.6952,20.3,94.8,3,0
0.6,Engineering,1,13.0,0.0624,0.4252,2.0,26.8,2,1
0.07,Marketing,1,3.8,0.041,0.2783,19.1,28.6,5,0
1.3,HR,1,28.3,0.0794,0.3056,10.7,64.8,4,0
0.46,Engineering,2,8.9,0.0487,0.9124,24.5,44.8,4,1
0.06,Sales,3,9.8,0.0463,0.9595,1.4,4.7,2,1
4.69,Marketing,3,10.1,0.0355,0.6863,5.9,7.2,2,0
4.28,Operations,2,8.5,0.0194,0.4448,0.3,60.5,2,1
0.9,Finance,5,4.7,0.008,0.7782,12.4,37.8,2,0
0.66,Engineering,2,9.8,0.0332,0.581,13.9,62.4,5,0
3.69,Operations,4,9.4,0.0491,0.5857,2.5,75.3,3,1
1.87,Marketing,2,4.2,0.0856,0.4794,24.3,34.2,3,1
1.92,HR,1,2.6,0.0511,0.7111,14.4,58.2,3,0
1.86,Finance,3,15.6,0.0573,0.7148,2.3,42.3,3,0
4.13,Operations,2,6.1,0.0482,0.6606,13.2,92.3,4,0
11.77,HR,3,7.3,0.0441,0.4846,35.9,96.5,3,0
2.56,Engineering,1,9.4,0.075,0.7473,6.8,67.6,5,0
11.9,Engineering,2,4.6,0.0263,0.526,19.9,38.2,2,0
0.67,Finance,4,10.4,0.0145,0.6372,1.4,94.9,5,0
3.18,Operations,1,7.6,0.0318,0.7219,25.9,33.5,3,0
0.3,Marketing,1,8.1,0.055,0.677,0.3,53.0,5,1
3.09,Finance,1,17.7,0.0282,0.7751,35.3,94.0,4,0
4.83,Sales,2,9.2,0.0096,0.3005,0.4,60.8,5,0
0.72,HR,3,7.0,0.0088,0.2097,56.3,40.1,5,0
1.0,Engineering,2,3.5,0.072,0.6787,10.1,3.2,3,0
4.35,HR,4,10.1,0.0226,0.2979,37.5,79.0,3,0
1.26,Finance,2,15.2,0.0315,0.8434,3.5,8.7,2,1
0.08,Operations,2,7.1,0.0799,0.5984,17.0,9.0,3,0
4.32,Operations,1,15.1,0.0077,0.8736,27.1,22.7,3,1
4.11,Marketing,1,10.2,0.0202,0.9243,9.5,63.1,3,1
0.98,Engineering,3,8.7,0.0588,0.4749,0.5,89.3,2,0
9.34,Marketing,1,11.0,0.0259,0.505,6.9,0.8,2,1
1.12,Sales,1,2.7,0.0158,0.7489,34.3,67.8,5,0
0.43,Finance,4,6.2,0.08,0.3607,3.9,52.2,4,1
1.74,Operations,2,6.4,0.059,0.8432,31.9,62.1,5,0
0.13,Operations,1,7.3,0.0503,0.6712,5.3,69.0,2,0
2.07,Finance,3,25.4,0.0214,0.6675,3.4,65.9,5,0
3.31,Sales,2,8.9,0.0984,0.6694,15.9,83.1,3,0
11.21,Finance,4,2.3,0.0417,0.4705,1.9,10.9,2,0
8.82,Marketing,3,5.1,0.0595,0.5712,13.1,22.3,2,1
2.95,Finance,1,8.1,0.045,0.6141,4.3,84.5,2,0
0.2,HR,1,9.2,0.1328,0.7704,60.0,7.1,3,1
2.65,HR,1,0.4,0.0566,0.5511,32.6,98.1,5,0
4.13,Finance,3,11.7,0.0478,0.3283,0.7,45.5,4,0
6.54,Engineering,2,12.1,0.0704,0.5005,6.2,35.3,4,1
8.58,Operations,3,3.3,0.0308,0.5976,44.6,44.4,3,0
1.87,Engineering,2,14.9,0.0525,0.3407,8.0,28.5,4,1
0.27,Operations,1,7.1,0.0301,0.4619,9.5,82.6,3,0
6.3,Engineering,1,3.9,0.0178,0.8381,8.1,61.6,5,0
0.64,Finance,1,3.1,0.0106,0.7755,5.1,28.8,3,0
3.64,HR,2,11.6,0.1301,0.6975,3.4,78.0,2,0
1.0,Finance,2,5.3,0.0281,0.6088,5.9,70.9,3,0
0.94,HR,4,9.9,0.0678,0.865,12.9,58.7,4,0
8.4,Operations,1,3.0,0.1013,0.6327,1.9,44.4,4,1
2.89,Engineering,3,6.4,0.0155,0.4902,14.9,84.8,4,0
6.47,Operations,1,11.0,0.0258,0.7878,3.6,20.7,3,1
1.47,Marketing,3,17.4,0.0783,0.5553,0.1,90.6,3,0
2.29,Marketing,1,18.6,0.053,0.3917,12.3,59.7,3,1
2.73,Engineering,3,17.1,0.0641,0.7253,60.0,94.5,5,1
6.18,Engineering,1,38.0,0.0481,0.869,60.0,93.5,3,1
2.14,HR,1,10.0,0.0115,0.4832,13.0,8.4,1,1
2.76,Sales,2,3.0,0.0615,0.6352,4.0,33.4,3,1
2.67,Marketing,2,5.2,0.0514,0.7922,11.4,65.5,2,0
3.14,Operations,2,18.3,0.0358,0.8587,3.9,12.9,4,1
0.37,HR,1,4.6,0.0534,0.6295,52.1,54.7,3,1
1.5,Marketing,5,0.2,0.0702,0.7528,2.0,34.1,3,0
0.14,Engineering,1,6.6,0.0379,0.5529,5.4,99.9,3,0
0.12,Marketing,2,14.7,0.0931,0.4151,4.8,20.0,2,1
11.4,Engineering,4,5.1,0.0511,0.7858,60.0,11.1,2,1
0.3,Marketing,3,18.9,0.0307,0.7693,1.3,45.6,3,1
3.55,HR,1,27.0,0.0259,0.9155,1.2,24.4,4,0
1.51,HR,2,9.8,0.0592,0.7547,59.7,80.9,1,1
0.84,Sales,1,30.2,0.0574,0.7437,10.7,1.7,1,1
5.28,HR,2,22.6,0.0328,0.6701,5.7,65.2,2,1
0.62,Operations,2,15.0,0.0691,0.6389,25.9,40.8,4,1
6.63,Marketing,3,10.8,0.0023,0.628,1.9,93.2,3,0
1.53,HR,3,10.1,0.0284,0.8217,1.1,91.4,3,0
0.2,Sales,1,7.7,0.044,0.7014,13.7,80.1,3,0
1.26,Finance,1,12.4,0.0379,0.828,7.2,43.0,4,0
3.41,Marketing,2,1.1,0.0162,0.2749,11.2,42.6,3,0
1.41,Sales,2,23.3,0.0226,0.3768,4.9,2.1,2,1
0.63,Marketing,2,30.5,0.0242,0.5847,4.3,92.8,4,1
1.33,Operations,2,1.0,0.0294,0.5669,43.5,97.7,5,0
0.58,Operations,2,14.4,0.0564,0.4859,37.7,21.1,4,1
6.64,Finance,4,22.0,0.0214,0.6589,6.2,47.3,1,1
2.33,Sales,2,9.1,0.058,0.4728,42.2,57.8,5,0
2.88,Sales,1,7.4,0.016,0.4857,12.7,54.0,3,1
9.88,Marketing,1,6.2,0.1204,0.2746,16.6,48.0,4,0
0.81,HR,2,5.3,0.0226,0.7461,4.4,60.6,4,0
0.61,Engineering,1,10.4,0.0235,0.7947,0.8,78.9,4,0
0.82,Marketing,1,18.8,0.0216,0.8339,60.0,41.4,3,1
8.93,Engineering,1,1.3,0.0081,0.8497,14.2,7.5,2,0
5.26,Operations,3,3.6,0.0091,0.5403,15.3,27.6,3,0
11.23,HR,4,5.0,0.0217,0.6089,18.6,11.9,2,1
0.37,HR,2,2.0,0.0339,0.5307,4.8,60.4,4,0
0.97,Engineering,1,13.3,0.0065,0.1363,19.6,50.9,1,1
0.6,Sales,2,12.0,0.0079,0.7075,15.8,15.0,4,0
4.32,Operations,2,15.6,0.0567,0.5475,9.5,34.0,4,0
0.76,Finance,5,0.8,0.0304,0.3832,17.3,91.3,4,0
8.09,Operations,2,14.3,0.0631,0.7531,60.0,87.2,5,0
1.4,Operations,3,18.7,0.0668,0.5938,16.3,58.7,3,1
7.1,Engineering,4,13.5,0.0755,0.5061,1.2,1.7,3,1
1.42,HR,2,8.6,0.0128,0.4554,11.4,78.9,4,0
0.4,Operations,1,7.7,0.026,0.5437,2.6,5.2,4,0
3.89,HR,2,11.2,0.0145,0.4129,1.5,91.5,3,0
1.28,Finance,2,10.3,0.0618,0.7427,7.4,58.2,1,0
0.45,Finance,2,5.1,0.0445,0.5056,16.4,25.4,4,0
1.16,Marketing,5,0.9,0.0198,0.1744,28.3,9.5,1,1
1.41,Operations,1,5.7,0.0149,0.5537,4.8,73.7,3,0
18.34,Operations,2,28.2,0.054,0.6227,32.8,13.3,1,1
3.48,Finance,1,1.1,0.0688,0.6351,10.8,46.6,3,0
0.5,Finance,1,10.1,0.0239,0.5512,13.2,2.1,3,1
1.12,HR,2,23.8,0.0438,0.7074,13.3,91.3,4,1
2.49,Engineering,3,15.9,0.026,0.8584,16.4,77.3,4,0
0.98,Marketing,2,17.6,0.0925,0.826,11.1,15.8,4,1
1.35,Engineering,1,16.3,0.1371,0.8134,3.4,63.9,5,1
0.67,Marketing,1,2.0,0.0545,0.9155,2.4,47.8,2,1
0.3,HR,2,21.0,0.0366,0.5371,1.0,8.7,5,1
7.26,Marketing,2,23.0,0.0412,0.6169,25.0,46.6,3,1
1.27,Operations,3,2.7,0.0727,0.7805,14.5,37.1,2,0
2.61,Finance,2,6.2,0.0255,0.5335,17.9,23.1,4,0
1.04,Finance,4,9.2,0.0325,0.3149,42.2,93.6,3,1
8.41,HR,3,6.2,0.0515,0.6129,7.5,22.7,3,0
2.24,HR,2,4.7,0.0419,0.35,48.7,66.5,4,1
0.37,Engineering,2,4.8,0.0813,0.3682,17.4,97.3,4,0
2.41,Engineering,3,14.3,0.0835,0.8373,5.3,2.0,3,1
2.99,Marketing,5,17.3,0.0653,0.3274,7.5,14.0,3,1
0.3,Operations,2,4.8,0.1094,0.6442,60.0,70.2,4,1
5.44,Engineering,2,17.2,0.0372,0.753,14.1,54.9,4,1
2.28,Sales,2,6.2,0.0095,0.9055,14.2,81.5,4,0
0.55,Finance,3,2.9,0.0087,0.3753,24.7,47.9,5,0
8.81,Marketing,4,11.0,0.1268,0.5853,8.3,91.6,5,1
4.58,Marketing,4,8.9,0.0379,0.6682,16.4,21.2,1,1
3.23,Marketing,1,11.3,0.0364,0.1998,1.2,48.7,3,1
0.14,Engineering,1,11.2,0.0974,0.5168,1.2,85.9,5,0
10.62,Sales,3,10.3,0.0374,0.8211,0.5,13.6,2,1
1.69,HR,2,8.1,0.0242,0.9795,22.6,57.8,1,1
1.41,Engineering,4,16.9,0.0461,0.2285,49.6,40.7,3,0
0.19,HR,1,13.5,0.0635,0.2989,60.0,58.9,4,1
1.08,HR,3,6.4,0.0751,0.8041,29.9,15.2,3,0
6.37,Operations,3,6.3,0.0374,0.7393,37.8,57.9,2,1
6.28,Sales,1,1.9,0.0492,0.9092,14.3,58.6,2,0
0.31,Operations,1,2.2,0.0382,0.5529,21.1,58.7,4,0
1.74,Marketing,3,7.7,0.0567,0.6033,25.8,17.8,3,0
4.27,Marketing,1,15.5,0.0917,0.6031,6.8,39.0,4,0
2.29,Marketing,3,4.2,0.0464,0.2889,15.2,45.4,4,1
0.88,Operations,2,14.0,0.0223,0.9576,6.3,65.7,1,1
3.32,Sales,2,10.1,0.002,0.6337,18.7,94.9,3,0
2.27,HR,1,4.4,0.0342,0.1233,7.0,8.2,4,1
2.46,Finance,5,9.2,0.0977,0.666,57.1,94.8,4,1
0.6,Operations,3,8.9,0.0098,0.211,21.9,85.9,3,1
1.8,Engineering,3,4.6,0.0358,0.8551,19.6,38.9,3,0
4.77,HR,3,13.3,0.0201,0.6095,12.8,56.0,2,0
2.28,Sales,2,16.5,0.0469,0.3839,21.9,26.3,1,1
3.24,Sales,4,6.8,0.0176,0.7446,18.4,49.6,5,0
1.53,Marketing,2,3.2,0.042,0.811,29.5,81.6,4,1
5.46,Sales,2,17.1,0.0651,0.6801,21.0,0.7,3,1
0.4,Marketing,1,2.0,0.0357,0.4519,20.3,89.2,3,0
4.1,Operations,1,10.7,0.0369,0.3236,8.5,53.1,5,0
0.67,Marketing,3,4.2,0.038,0.9201,13.1,61.4,3,0
0.99,Sales,1,3.0,0.0083,0.6782,9.1,47.6,3,0
7.54,Engineering,3,5.6,0.0804,0.136,19.9,24.4,1,1
1.79,HR,5,8.9,0.0647,0.8425,21.7,37.8,5,0
2.0,Finance,2,3.6,0.0385,0.857,13.0,50.2,5,0
3.57,Marketing,1,2.5,0.0371,0.4131,2.1,42.7,5,0
4.06,HR,3,1.4,0.0713,0.9473,56.6,58.5,2,1
3.5,Sales,1,23.8,0.006,0.3346,23.7,3.1,4,1
2.77,Operations,3,11.4,0.0758,0.626,52.2,71.4,4,1
0.03,Operations,2,4.4,0.0253,0.6369,6.5,54.7,3,0
0.58,Finance,2,11.8,0.0896,0.3425,27.1,91.3,5,0
1.1,Marketing,2,8.8,0.0118,0.7734,2.7,49.4,5,0
6.32,Operations,2,14.3,0.0176,0.318,5.9,3.7,2,1
8.88,HR,1,7.3,0.0863,0.4786,17.8,81.2,1,0
2.27,Engineering,1,16.1,0.0185,0.3405,23.0,94.2,2,1
1.61,Finance,2,5.0,0.0692,0.9344,5.2,61.4,5,1
11.24,HR,4,10.0,0.0493,0.6864,45.1,38.2,5,0
2.47,Marketing,1,15.4,0.0198,0.9343,12.8,54.9,4,0
4.32,Marketing,1,10.4,0.0921,0.8062,20.1,86.8,1,0
2.88,HR,1,28.8,0.0557,0.4153,2.2,8.4,4,1
1.59,HR,2,14.1,0.012,0.6009,27.8,5.6,3,1
1.97,HR,1,11.6,0.0783,0.8417,1.7,83.4,4,0
3.62,Finance,3,6.5,0.0468,0.7939,13.2,16.8,4,1
8.22,Finance,1,10.2,0.0058,0.5813,0.4,70.4,2,0
1.99,Finance,3,19.4,0.0158,0.7926,21.5,91.4,3,0
1.82,Finance,1,5.8,0.028,0.9231,34.7,24.1,2,1
0.19,Operations,2,4.0,0.0289,0.5017,40.3,93.6,4,0
0.45,Sales,1,5.9,0.0331,0.9108,23.7,80.9,1,1
0.03,Sales,3,5.6,0.0524,0.5977,22.0,68.5,4,0
0.47,Marketing,4,12.8,0.0475,0.5093,5.2,53.3,3,0
5.21,Operations,1,26.6,0.0473,0.8117,17.1,22.3,4,0
4.57,Finance,5,2.1,0.0224,0.617,2.6,58.3,5,0
5.22,HR,1,9.0,0.0653,0.7945,16.7,4.6,3,1
0.1,HR,2,3.6,0.0581,0.5099,28.2,41.1,4,0
3.81,HR,3,11.1,0.0446,0.6871,8.5,64.2,5,0
1.1,Engineering,1,12.0,0.0417,0.6095,42.8,88.8,1,0
2.22,Finance,2,5.6,0.0134,0.752,26.6,19.5,1,1
7.54,Sales,1,13.0,0.0964,0.5043,16.1,4.2,2,1
2.84,Sales,3,4.9,0.0137,0.9515,30.5,0.4,4,1
0.44,Finance,2,4.9,0.1695,0.6875,3.2,81.6,4,0
1.72,Operations,4,4.3,0.018,0.6748,16.6,36.2,4,0
10.87,Sales,1,5.9,0.0832,0.5669,7.5,11.6,4,0
7.99,Operations,4,8.4,0.0641,0.6151,23.3,80.4,3,0
5.43,Finance,1,7.7,0.0657,0.9629,18.4,10.0,3,0
0.47,Operations,2,9.6,0.0374,0.7254,4.8,55.8,2,1
0.58,HR,1,12.6,0.0284,0.7889,4.0,64.7,5,0
0.35,Operations,1,9.7,0.0532,0.8797,29.2,90.2,2,0
0.49,Finance,1,23.5,0.0727,0.6863,60.0,43.3,3,1
0.04,Marketing,3,8.8,0.0296,0.1939,29.8,67.9,4,0
6.44,Finance,1,14.7,0.0611,0.3478,42.4,1.5,4,1
4.17,HR,2,1.9,0.0639,0.5098,10.9,52.0,4,0
5.43,Finance,5,9.6,0.0689,0.9555,0.1,44.4,4,0
2.34,Operations,1,7.6,0.0184,0.528,26.1,29.7,5,1
0.01,Marketing,1,7.1,0.0144,0.4331,59.8,92.0,3,1
2.16,Engineering,1,19.1,0.0123,0.4332,3.1,65.9,5,0
0.22,Marketing,1,29.6,0.0779,0.6928,2.7,56.5,5,1
6.74,Operations,2,12.7,0.0356,0.8917,0.5,13.1,1,0
